id,language,review,created,voted_up,votes_up,comment_count,steam_purchase,received_for_free,written_during_early_access,author.num_games_owned,author.num_reviews,author.playtime_forever,author.playtime_last_two_weeks,author.playtime_at_review,author.last_played
176060599,english,THE Best Challenging and time loosing game that has kept me coming back for more pain. Amazing game!!,2024-09-29 23:58:14,True,2,0,True,False,False,0,1,33243,0,33243,2024-08-13 12:11:13
176060431,english,‎ ‎,2024-09-29 23:54:30,True,0,0,True,False,False,348,18,17825,0,17825,2024-07-15 04:08:43
176058382,english,Good Game!,2024-09-29 23:04:07,True,0,0,True,False,False,0,2,6,0,6,2023-03-23 08:20:21
176058324,english,"not that good, pretty mid. this is has 0 soul and feels like a generic fantasy story",2024-09-29 23:02:41,False,2,0,True,False,False,211,5,3015,0,3015,2024-07-10 20:16:45
176058208,english,very good but make mad,2024-09-29 23:00:14,True,0,0,True,False,False,41,2,10855,2377,2954,2024-10-26 05:51:36
176058119,english,This game was a grand journey full of challenges and trials. I had fun playing and put many hours into the game before beating it. Thanks to all who made this game possible!,2024-09-29 22:57:47,True,0,0,True,False,False,332,124,26307,0,26295,2024-09-29 22:58:58
176057956,english,boss=good,2024-09-29 22:53:52,True,0,0,True,False,False,0,6,2674,907,1260,2024-10-23 03:33:40
176057514,english,ring,2024-09-29 22:43:53,True,0,0,True,False,False,0,8,4088,672,1947,2024-10-25 22:09:48
176056849,english,game make head want to go through wall. fun game,2024-09-29 22:28:03,True,0,0,True,False,False,15,5,6021,315,3481,2024-10-21 18:28:22
176056816,english,I'm bad at this game therefore it's bad,2024-09-29 22:27:16,False,3,0,True,False,False,185,76,5452,130,5013,2024-10-21 00:11:04
176056046,english,Fool Tarnished,2024-09-29 22:10:00,True,0,0,True,False,False,63,13,8530,26,5693,2024-10-21 17:22:36
176055509,english,One of the best games I've ever played.,2024-09-29 21:58:07,True,0,0,True,False,False,16,2,5729,60,5339,2024-10-13 06:48:55
176054210,english,My favorite out of the souls games,2024-09-29 21:30:53,True,1,0,True,False,False,33,15,13798,139,12590,2024-10-23 19:16:01
176053608,english,"I don't usually play this type of game play, but I enjoy it.  There was a small bit of a learning curve for me, especially timing the parry just right.  Great visual effects.  I'm not a big fan of quests not revealing locations.  But it keeps you exploring.  Happy Gaming!",2024-09-29 21:18:23,True,0,0,True,False,False,0,1,3557,1358,764,2024-10-26 12:05:13
176053296,english,This game is very difficult in the beginning. Hard to get into so far...,2024-09-29 21:11:59,True,0,0,True,False,False,0,9,461,36,411,2024-10-13 15:40:34
176052811,english,Overrated. Just go play DS trilogy.,2024-09-29 21:02:27,False,1,0,True,False,False,691,86,12274,124,12078,2024-10-13 18:48:51
176052724,english,"fuck you eclipse fag
",2024-09-29 21:01:13,True,0,0,True,False,False,0,4,4097,0,3788,2024-10-06 18:43:41
176052722,english,openwrld enthusiast,2024-09-29 21:01:10,True,0,0,True,False,False,18,4,3233,0,3233,2024-07-06 20:51:26
176052197,english,Just play it and experience the world how so ever you want to.,2024-09-29 20:50:32,True,0,0,True,False,False,47,6,3098,0,2674,2024-10-02 17:51:48
176051244,english,.,2024-09-29 20:33:57,True,0,0,True,False,False,0,3,8452,32,7163,2024-10-12 15:52:46
176051070,english,"You either uninstall after 2 hours or 100% the game, there is no inbetween",2024-09-29 20:31:04,True,0,0,True,False,False,0,1,19025,0,19025,2024-09-15 22:10:17
176050823,english,Good. slightly easier late game. if you are struggling then just get gud or try a different strat to overcome your roadblock or cheese the bosses if you want.,2024-09-29 20:26:51,True,0,0,True,False,False,0,2,3669,0,3122,2024-09-30 16:16:49
176050773,english,Its peak,2024-09-29 20:25:58,True,0,0,True,False,False,30,3,19372,0,19372,2024-07-20 15:06:20
176050268,english,uhb,2024-09-29 20:17:12,True,0,0,True,False,False,0,2,2506,288,1168,2024-10-25 02:37:00
176050252,english,"The game offers a very challenging yet rewarding game experience, with the difficult bosses and the constant bombared-ment of eneimes. It offers a challenge for those who seek it and a ease for those who are constantly summoning higher level players to accomplish their tasks. The one thing that always bothered me about the game, is how easy it is to feel overwhelmed by where to go next, what to do next, thje item system, and what will benefit me or not, the weapon system and classes system. Without a proper guide such as (elden ring wiki) i wouldn't have been able to continue the game and have fun, because most of my time will be spent mindlessly exploring, and not progressing through the game, but that is subjective and is what i see, and some people really like this feeling in these games. In the end, I enjoyed Dark Souls 2 more and will defentiley do more play-throughs on my PS3.",2024-09-29 20:17:06,True,0,0,True,False,False,0,1,2500,143,2096,2024-10-13 16:43:46
176050238,english,im maidenless😣,2024-09-29 20:16:49,True,0,0,True,False,False,118,29,6902,2311,1953,2024-10-23 18:51:38
176050144,english,"Elden Ring, O Elden Ring,
let there be victory",2024-09-29 20:15:12,True,0,0,True,False,False,45,2,5507,0,5274,2024-10-04 04:37:31
176050116,english,"Game is easy if you know what you are doing, if you are a knew comer and you are reading this, for the love of GOD do the tutorial, don't expect to ""figure it out"". would also suggest wathing some videos to understand the mechanics of the game like spell/weapon scaling and buff stacking. other than that its great.",2024-09-29 20:14:48,True,0,0,True,False,False,0,1,38580,1602,33742,2024-10-17 03:06:07
176049481,english,One of the best games ever made. If it's not in your library you're missing out.,2024-09-29 20:04:09,True,0,0,True,False,False,0,1,25958,105,25028,2024-10-18 22:35:47
176049377,english,good combat,2024-09-29 20:02:32,True,0,0,True,False,False,0,1,1778,753,324,2024-10-26 01:44:49
176048830,english,First souls game and won't be the last,2024-09-29 19:53:23,True,0,0,True,False,False,0,1,9525,243,8972,2024-10-26 09:36:47
176048286,english,"9/10, almost as good as DS3. I beat every boss in this in this game using only melee weapons and no summons, my only complaint is too many over sized bosses. Hopefully FromSoft will tone it down in their next game, but otherwise an overall great experience.",2024-09-29 19:44:57,True,1,0,True,False,False,0,7,3853,0,3333,2024-10-01 00:00:02
176048031,english,peak,2024-09-29 19:40:47,True,1,0,True,False,False,20,1,6448,964,3848,2024-10-25 19:56:58
176047755,english,hard as shit,2024-09-29 19:35:49,True,0,0,True,False,False,15,5,522,78,157,2024-10-21 05:35:46
176047358,english,BAYLE VILE BAYLE!!,2024-09-29 19:29:03,True,0,0,True,False,False,508,23,13679,0,13653,2024-09-30 22:33:07
176047318,english,"The learning curve for this game is unbelievably steep, but the moment it clicks you will not be playing anything else for a while. 

10/10 Scenery 
7/10 Clarity of Story (Definitely want to watch youtube on this)
10/10 Combat (again once you get it, you get it)
10/10 Boss Creativity (Dont let Margit scare you, just go level and come back) 

9/10 Overall - I'm genuinely enjoying every minute of this game; the only reason it's not a full 10/10 is because I'm used to watered-down narratives that don't require digging to grasp the true depth of the game.

Tips: 
1. You're not that guy, so don't go into any battle thinking you are. 
2. Roll 
3. Not every boss needs to be beaten immediately; don't try to take out the giant riding a horse when you're level 1. 

PS: Behold, Dog!
",2024-09-29 19:28:25,True,0,0,True,False,False,52,2,3814,628,2287,2024-10-24 03:40:27
176047262,english,Controls feel slugish and unresponsive and enemy damage is total.,2024-09-29 19:27:32,False,0,0,True,False,False,0,51,417,0,417,2024-09-29 19:26:36
176046922,english,Elden ring,2024-09-29 19:21:21,True,0,0,True,False,False,96,7,22369,0,21775,2024-10-11 15:12:37
176046421,english,"Elden ring is so far a very fun game, I can clearly see why most people like it and I can tell that i'll spend a lot more time playing it. Some people say that it's too hard and that the bosses are too difficult, but that's the point the bosses are meant to be hard and after you beat them you'll feel really satisfied.",2024-09-29 19:12:53,True,0,0,True,False,False,0,2,924,182,599,2024-10-25 14:35:57
176045534,english,still no maidens ):,2024-09-29 18:58:07,True,0,1,True,False,False,96,13,6875,274,6215,2024-10-25 23:45:10
176044526,english,very good but still not dark souls 3,2024-09-29 18:40:37,True,0,0,True,False,False,0,3,6123,0,5612,2024-10-04 21:37:07
176044430,english,"the closest i will ever get to walking into the Silmarillion; but unlike Turin i can kill the dragons with big sword the first time (not really)

also if your friend says ""hey go into the weird door naked"" do it, it'll be fun",2024-09-29 18:39:03,True,0,0,True,False,False,0,1,14813,0,14702,2024-10-03 01:21:25
176044288,english,"من افضل الألعاب
",2024-09-29 18:36:42,True,0,0,True,False,False,0,2,9000,295,7845,2024-10-21 20:41:36
176043477,english,BEST GAME EVER MADE,2024-09-29 18:23:28,True,0,0,True,False,False,13,3,12134,1610,9317,2024-10-25 23:50:35
176042191,english,w,2024-09-29 18:02:06,True,0,0,True,False,False,19,1,12417,91,10750,2024-10-21 08:53:09
176041638,english,"This game is infuriating, enemies are way too overtuned, bossfights are either unbearably annoying with endless combos that can 3-shot you and delayed attacks that catch you off-guard even if you're not spamming dodge or they become absurdly easy because of some random ass item or gimmick that do not depend on your skills whatsoever. People say this game is a 10/10, it's not. The truth is people forgot what good game design is after so many years of AAA studios feeding them garbage, them some someone comes with a better than average game, they treat it like a divine blessing.
So, in short:
- The game is beautiful, the world is extremely well made, but all of that is meaningless if the game is so frustrating that it becomes a chore. Even if i believe this game is a 8/10 like all the previous games, i can't recommend something that for me was barely enjoyable.",2024-09-29 17:52:39,False,2,0,True,False,False,0,5,5207,0,5207,2024-09-29 16:58:17
176041477,english,oof,2024-09-29 17:49:59,True,0,0,True,False,False,0,5,7220,1832,2283,2024-10-24 17:43:06
176040934,english,.,2024-09-29 17:41:39,True,0,0,True,False,False,223,5,3091,3,2989,2024-10-23 12:07:26
176039934,english,"Dead so many times, but never regret of playing
Sometimes annoying, bus still perfect
Awesome visual, with good enough performance

And even 100% of achievements doesn't require you to investigate everything",2024-09-29 17:26:03,True,0,0,True,False,False,0,11,8799,0,8799,2024-09-29 17:19:48
176039426,english,praise this amazing game!,2024-09-29 17:18:26,True,0,0,True,False,False,0,1,2523,879,604,2024-10-25 20:30:48
176038825,english,im so bad but its fun,2024-09-29 17:09:46,True,0,0,True,False,False,0,1,1122,71,224,2024-10-16 23:06:33
176038786,english,"Elden Ring is just awesome. You can decide which path you want to go along, which build you want to play and much more. The open world looks breathtaking! The boss fights are very challenging but that's what makes this game so special.",2024-09-29 17:09:11,True,0,0,True,False,False,300,46,8165,0,8165,2024-07-12 18:22:45
176038589,english,files lost just cause..... 75+ lvl ... ok bye,2024-09-29 17:05:57,False,1,0,True,False,False,250,9,5428,260,2758,2024-10-21 17:42:27
176038081,english,I ams the mr Munchikans mans,2024-09-29 16:57:53,True,0,0,True,False,False,0,14,3286,716,2373,2024-10-26 09:49:55
176037970,english,"Only done like 10% of the game.
I feel like I want to cherish the journey too much, and don't want it to end.
4.95/5
I wish there would be less bonfires.",2024-09-29 16:55:58,True,0,0,True,False,False,0,172,5440,0,5440,2024-06-23 16:40:28
176036014,english,"Gameplay absolutely the same as in Dark Souls series, nothing new except the horse which is used to close a hole in the lousy openworld.",2024-09-29 16:29:01,False,2,0,True,False,False,0,1,2300,924,1375,2024-10-24 21:15:48
176035266,english,"Spent all 3 hours trying to fix stutter/micro stutter issues. If you have a powerful PC, I'd be very careful. Sure the game has amazing reviews, but borderline unplayable if you experience the stutters. Problems from forums include e-core poor optimization, easy anti cheat pinging USBs, FPS locked, even to disabling additional mouse software, yadda yadda. There are a million things tons of people in forum-worlds tried to do to fix it. Not worth until it's patched.

EDIT:
-Most recent patch fixed said issue for me.",2024-09-29 16:18:55,True,0,0,True,False,False,9,1,833,603,565,2024-10-26 00:01:36
176034050,english,"Fort Night, I like",2024-09-29 16:01:16,True,0,0,True,False,False,0,2,2674,159,1053,2024-10-12 15:46:15
176034001,english,the best game ever,2024-09-29 16:00:20,True,0,0,True,False,False,0,3,911,0,911,2024-09-25 14:03:11
176032760,english,"This game is great!
I've wanted to divorce my wife for a while now, the sheer rage this game inspired within me pushed both me and my wife over the edge, we finally filed for divorce!
I will lose custody of the kids but... they can't even beat Margit, they are doomed to be failures.
Thanks FromSoft!",2024-09-29 15:41:46,True,0,0,True,False,False,0,14,1558,0,620,2024-10-08 13:07:27
176031607,english,This is not a review. This is a signal for help. I am stuck on Malenia,2024-09-29 15:25:36,True,1,1,True,False,False,53,10,5113,722,4046,2024-10-25 13:14:11
176031531,english,beautufll,2024-09-29 15:24:34,True,0,0,True,False,False,37,6,10406,1060,6724,2024-10-18 00:49:10
176030315,english,soulslike at its best!,2024-09-29 15:07:27,True,0,0,True,False,False,0,1,27551,0,27526,2024-10-01 13:56:42
176030268,english,Rly a nice game,2024-09-29 15:06:53,True,0,0,True,True,False,0,2,16053,119,15877,2024-10-14 22:17:03
176029316,english,perfect,2024-09-29 14:53:13,True,0,0,True,False,False,0,2,25102,0,25102,2024-09-28 18:03:17
176028587,english,Got to get the souls!,2024-09-29 14:42:39,True,0,0,True,False,False,0,10,22493,8603,2873,2024-10-26 09:39:54
176026802,english,Great game,2024-09-29 14:17:51,True,0,0,True,False,False,0,1,8379,2489,3349,2024-10-26 11:39:48
176026313,english,"First time playing a souls-like game other than Star Wars: Fallen Order, if it can even be considered one.
I am having a great time, dying alot, and seeing what trouble I can get into. I will say, I have noticed no matter what graphics settings, it tears alot. Even with an Quadro RTX 6000 ADA. GPU not specifically meant for gaming, but its a beast none the less.",2024-09-29 14:10:26,True,0,0,True,False,False,0,4,777,0,249,2024-10-03 23:09:25
176025876,english,Dex > Sex,2024-09-29 14:03:56,True,0,0,True,False,False,37,9,5911,2404,1659,2024-10-26 09:57:15
176024947,english,Coolest customization in a skill based game like this I've ever seen.,2024-09-29 13:50:04,True,0,0,True,False,False,0,2,17767,1338,15331,2024-10-24 20:00:28
176024539,english,"Hard, Rich Environments, Hard, Fun and Hard",2024-09-29 13:43:00,True,0,0,True,False,False,25,1,3661,556,2407,2024-10-25 22:59:36
176024390,english,Animals in elden ring are bad,2024-09-29 13:40:42,True,0,0,True,False,False,0,4,14602,0,13266,2024-10-07 17:41:56
176024297,english,"sexy
",2024-09-29 13:39:17,True,0,0,True,False,False,0,1,4295,620,2243,2024-10-20 20:03:30
176024251,english,gud,2024-09-29 13:38:34,True,0,0,True,False,False,0,4,1977,768,1106,2024-10-22 01:44:30
176023613,english,IT HARD BUT FUN,2024-09-29 13:28:26,True,0,0,True,False,False,0,1,2913,0,2410,2024-10-05 18:16:29
176021751,english,good,2024-09-29 12:56:51,True,0,0,True,False,False,0,4,5350,115,5102,2024-10-15 10:51:36
176019194,english,Can actually rizz women,2024-09-29 12:12:56,True,1,0,True,False,False,33,12,2211,0,1158,2024-10-11 22:26:28
176019074,english,I'm Maleinia . Blade of Miquella,2024-09-29 12:10:40,True,0,0,True,False,False,0,4,6692,0,6612,2024-10-10 15:49:16
176018708,english,It feels like if the dragons won in skyrim. this is what would be left.,2024-09-29 12:03:53,True,0,0,True,False,False,0,18,829,67,409,2024-10-21 15:50:11
176016889,english,its pretty good,2024-09-29 11:29:02,True,0,0,True,False,False,0,72,6246,1014,2919,2024-10-21 19:51:54
176014220,english,meine freunde habe his life forgoten,2024-09-29 10:36:35,True,0,0,True,False,False,0,3,3883,1113,1652,2024-10-25 22:06:43
176012241,english,possibly the best RPG ever made however i blame this game for ruining my life for a month because it made me play all the other souls games,2024-09-29 09:52:45,True,0,0,True,False,False,0,15,7742,0,7197,2024-10-03 17:57:24
176011515,english,Great game. Love the PvP.,2024-09-29 09:36:54,True,0,0,True,False,False,0,4,68286,1203,66967,2024-10-26 00:55:23
176011414,english,"A cinematically painted drama that makes you feel both the delight of an adventurous child newly born as well as the greed and grief of an elderly, living his last moments. Nothing less expected from the greatest co-op in the contemporary art history (literature, cinema & video game).",2024-09-29 09:34:48,True,4,0,True,False,False,0,7,16757,0,16744,2024-09-29 19:13:57
176011273,english,"Breathtaking, Incredible, Fluid Gameplay, Big Sword and Epic Boss Fights.",2024-09-29 09:31:53,True,0,0,True,False,False,303,18,17726,0,17726,2024-06-24 05:24:13
176010835,english,Hamburger,2024-09-29 09:22:56,True,0,0,True,False,False,37,1,12691,0,11994,2024-10-10 18:59:14
176010759,english,"""Elden ring more like Boredom ring""

⭐️⭐️ (2/5)

so i finaly gave this elden ring a try, people be sayin its ""hard"" and all but LOL really? More like EZ ring. i spent like 5 min on the first bos (and half of that was me adjustin my chair). rest of the game? wandering around doing nothing. i one-shotted like everything. dragon? pffft sneeze dead. final boss?? took a snack break in the middle and still won. 😂

Everyone’s talking bout the ""lore"" or whatever. yeah good luck figuring that out when i barely stayed awake. seriously its like they forgot to make the game hard? does this thing even have a hard mode or did i accidently play on baby difficulty??

I thought this game was gunna be like Dark souls x10 but nope. more like dark yawn x1000. if fromsoft ever wants to challenge me again maybe add a setting above ""tutorial mode"". Anyways im done, off to do something harder like idk tying my shoelaces 🙄

Good luck to the rest of you who find this ""hard"" lmao.",2024-09-29 09:21:24,False,0,0,True,False,False,66,3,2095,0,2089,2024-09-30 20:15:50
176010198,english,The first souls game that i have played. Surely masterpiece and unforgettable journey.,2024-09-29 09:08:55,True,1,0,True,False,False,0,8,7467,0,7467,2024-09-29 09:06:15
176009275,english,heh,2024-09-29 08:48:54,True,0,0,True,False,False,140,13,2453,686,916,2024-10-24 10:28:42
176006127,english,GOATED GAME,2024-09-29 07:59:51,True,0,0,True,False,False,12,1,12177,465,10929,2024-10-26 08:13:46
176005959,english,"One of the best Dark Fantasy RPG out there! 
Difficulty of the game depends on the player, if you don't grind the game will be difficult, but if you do grind the game will be easy.",2024-09-29 07:55:14,True,0,0,True,False,False,25,3,14751,73,11274,2024-10-20 18:12:56
176005464,english,love it,2024-09-29 07:42:33,True,0,0,True,False,False,16,4,32379,3331,26255,2024-10-25 07:46:36
176005247,english,pain in a good way,2024-09-29 07:37:12,True,1,0,True,True,False,0,4,301,0,301,2024-09-29 07:36:53
176004957,english,One of the greatest games ever made.,2024-09-29 07:31:05,True,0,0,True,False,False,0,6,15042,408,11803,2024-10-22 08:02:22
176003662,english,"its good gaem
",2024-09-29 07:07:16,True,0,0,True,False,False,0,4,503,0,449,2024-09-29 08:06:47
176003378,english,fun time,2024-09-29 07:01:15,True,0,0,True,False,False,0,3,19614,1,19614,2024-10-21 04:10:04
176003187,english,wtf this isnt yharnam,2024-09-29 06:57:28,True,1,0,True,False,False,29,5,1134,0,1134,2024-09-02 15:57:06
176002633,english,"i was never really into any of the FromSoftware type games but with the help of my brother by playing it with me, i truly began to appreciate how thease games feel to play.
when i first tried this game on ps4 by borrowing the game from a friend, i disliked and shied away from it as it was my first feel for a FromSoftware game (souls like) because i had no feel for it.

now a few years later on pc and my brother with me did i decide to actually play though it and to my surprise, i started to like it, i started to actually get interested in other souls like games and not to mention the dark souls franchise itself after beating Elden ring + DLC

this game truly deserves all of the praise it received and continues to receive after release
10/10, a high and mighty pillar of the gaming community!",2024-09-29 06:46:57,True,0,0,True,False,False,200,15,3895,0,3895,2024-09-18 19:34:45
176002281,english,güzel oyun ama baya bi zor bir test istiyorsanız alın,2024-09-29 06:37:43,True,0,0,True,False,False,0,1,361,3,340,2024-10-19 06:22:32
176001648,english,"Yeah it's worth it. Lotta content, works pretty well generally. Customization is great, screw metas.",2024-09-29 06:21:04,True,0,0,True,False,False,121,5,12881,0,12881,2024-09-05 06:37:06
176000943,english,Not a game for the weak.,2024-09-29 06:02:48,True,0,0,True,False,False,0,1,6780,0,6780,2022-05-30 07:05:13
176000559,english,"Amazing game probably one of the best i ever played from world building through combat all the way to item design would absolutely recommend. The mouse and keyboard steering however is a big F you to PC players it so lazy and thoughtless it starkly contrasts with the rest of the game. i mean there is 0 thought put into it whatsoever. The original key binding for keyboard is unplayable and needs significant adjusting before being just okish. even put map on ""m"" the hell fromsoft ?!",2024-09-29 05:52:54,True,0,0,True,False,False,0,3,20354,82,13222,2024-10-21 22:53:29
176000109,english,NICE,2024-09-29 05:41:23,True,0,0,True,False,False,24,1,5307,0,5247,2024-10-09 03:30:54
175999733,english,fun,2024-09-29 05:31:41,True,0,0,True,False,False,0,5,3938,379,1022,2024-10-12 20:30:19
175999732,english,"Best game i ever play, you might need some guide to fully understand the story and get all the achievement if you try to play this game only one time.",2024-09-29 05:31:38,True,0,0,True,False,False,16,2,8826,611,5633,2024-10-14 02:04:20
175999499,english,The best game I have ever played,2024-09-29 05:25:36,True,0,0,True,False,False,0,1,8549,0,8549,2024-04-22 03:49:40
175998656,english,Best game ever would buy it for 100$,2024-09-29 05:03:46,True,0,0,True,False,False,0,1,8508,2100,4847,2024-10-26 03:30:28
175998484,english,yes,2024-09-29 04:59:01,True,0,0,True,False,False,51,3,21389,101,20531,2024-10-17 17:49:32
175998439,english,Best game ever,2024-09-29 04:57:52,True,0,0,True,False,False,0,5,2001,605,835,2024-10-25 21:02:08
175997960,english,"Elden Ring is a game that is fun to play. I enjoyed it so far with over 100 h of game time. It's not for everybody like any other game on the market, but if you like killing huge bosses with an epic soundtrack playing in the background, you should definitly try it.",2024-09-29 04:44:57,True,0,0,True,False,False,0,5,7803,0,6471,2024-10-04 07:00:56
175997494,english,BEST SOULS EVER,2024-09-29 04:32:39,True,0,0,True,True,False,0,1,5094,1382,1435,2024-10-26 04:48:20
175997423,english,"---------------------------------->        THE F*CKING DLC IS BULSH*T!!!        <----------------------------------

It's crazy how it started off as a fun and challenging experience only to crank up the difficulty to a whole new level with the last boss. I spent a whole entire week. At least 30 to 40 hours of my gameplay was me dying over and over, and f*cking over agaIn from the spawn of satan known as 'Consent Radahn'. But why didn't I quit? BCS MAMA DIDN""T RAISE NO BITCH!! 

Hours of research, changing builds, it took me 'ONE WHOLE WEEK' to realise that the golden summons used to help you is actually giving him an extra 60% per summon and a 50% increase in resistance! I WAS TRYING TO CHEESE FIGHT THE B*TCH BUT THE C*NT LOVED IT! i'm so glad it's over.... I won but at what cost of insanity.",2024-09-29 04:30:41,True,0,0,True,False,False,0,16,10517,0,10088,2024-10-06 09:49:13
175997407,english,"I don't know if I have enough hours in this game to really give you an informed opinion on it. But, it seems okay.",2024-09-29 04:30:25,True,1,0,True,False,False,272,9,92013,2668,88412,2024-10-26 08:36:32
175997055,english,Gold!,2024-09-29 04:21:34,True,0,0,True,False,False,0,6,2805,0,2704,2024-09-29 18:44:45
175996708,english,Slaps foo,2024-09-29 04:12:47,True,0,0,True,False,False,0,5,12281,0,12183,2024-09-29 07:01:53
175996323,english,"based on my hours i cant say much, but please just play it. even if you dont like souls games. the skill barrier is next to nothing, it feels fluid, and the game is beautiful. 11/10",2024-09-29 04:02:48,True,0,0,True,False,False,69,2,45631,0,45631,2024-09-13 09:46:30
175996253,english,its alright,2024-09-29 04:01:15,True,0,0,True,False,False,193,2,16038,0,16038,2024-08-17 01:54:48
175996007,english,e,2024-09-29 03:54:54,True,0,0,True,False,False,0,2,2493,11,1246,2024-10-13 04:19:01
175995896,english,Perfect game.,2024-09-29 03:52:08,True,0,0,True,False,False,0,1,10095,0,10095,2024-09-29 03:51:14
175995802,english,so good,2024-09-29 03:49:46,True,0,0,True,False,False,0,1,9353,1196,6283,2024-10-26 09:12:44
175995772,english,"this game is so unfriendly to beginners I can hardly recommend it to anyone else. If they simply added easy, medium, hard, etc. modes then this game would be so much better. And the map design is honestly frustrating. Its fun to explore, not fun to need to google something that you have 0 hint on how to do/where to go. Some boss battles are phenomenal experiences, some are terrible. The game is polarized.",2024-09-29 03:49:09,False,1,0,True,False,False,0,1,7971,0,7086,2024-10-04 00:48:00
175995627,english,I cant kiss the turtle pope,2024-09-29 03:45:43,False,0,1,True,False,False,0,1,13304,364,12036,2024-10-19 21:20:43
175995441,english,Best game I've played in a very long time.,2024-09-29 03:41:24,True,0,0,True,False,False,0,1,10115,0,10115,2024-09-27 00:22:45
175995216,english,Very good and very hard. This was my first souls-like game and I really enjoyed it. Even though it took a very long time to complete it was worth it. I am trying to get a third ending in this game so far and yea I would definitely recommend this game to my friends and loved this game.,2024-09-29 03:36:04,True,0,0,True,False,False,0,3,6193,114,5214,2024-10-13 18:12:23
175995034,english,"The game is fun until you run into the floaty camera, input lag, and double attacking after only clicking once. When you lock onto a boss, half the fight the game throws your camera in circles and occasionally puts your camera in a wall or the ground if you are in a corner basically preventing you from seeing anything whatsoever.",2024-09-29 03:31:27,False,1,0,True,False,False,0,7,1238,0,1080,2024-09-29 05:44:23
175995015,english,Get the co op mod,2024-09-29 03:31:05,True,0,0,True,False,False,0,7,5807,1541,1395,2024-10-17 16:04:02
175993411,english,GREATEST GAME I PLAYED,2024-09-29 02:50:45,True,0,0,True,False,False,0,3,809,49,617,2024-10-22 02:04:07
175993009,english,"Mohg is blood lord
Margit is lord of cursed blood
Malenia is goddess of cursed blood std
and Radahn has god blood cursed by that std

... but this isn't Bloodborne?",2024-09-29 02:40:40,True,0,0,True,False,False,0,7,10111,5,10106,2024-10-17 20:29:02
175992986,english,great game,2024-09-29 02:40:13,True,0,0,True,False,False,169,9,1103,469,236,2024-10-16 10:06:27
175992983,english,maybe the real elden ring was the friends we made along the way,2024-09-29 02:40:11,True,0,0,True,False,False,12,4,1360,0,768,2024-10-04 11:19:45
175992786,english,"Elden Ring is a standout action RPG that truly captivates. From the start, the vast, beautifully designed world draws you in with its stunning landscapes and rich lore. The open-world format lets players explore freely, creating a sense of adventure.",2024-09-29 02:35:40,True,0,0,True,False,False,0,1,2182,0,1924,2024-10-01 00:31:55
175992562,english,amazing,2024-09-29 02:30:19,True,0,0,True,False,False,0,18,1659,38,903,2024-10-13 18:50:38
175991873,english,Changed me and my controllers life forever. It is now shattered.,2024-09-29 02:13:30,True,0,0,True,False,False,0,1,8048,38,8009,2024-10-13 20:16:11
175991788,english,"Good game, just a heads up that if you really get into it that you will spend more time exploring then doing the main quest.",2024-09-29 02:11:30,True,0,0,True,False,False,0,5,2696,0,2590,2024-09-29 05:56:51
175991398,english,The best game of all time...,2024-09-29 02:02:41,True,0,0,True,False,False,0,1,13831,642,12618,2024-10-26 04:51:10
175991274,english,"This being my first ever souls game, i love it

Even though the bosses kick my ass hard enough to make me reconsider my life choices, this is still an awesome game",2024-09-29 01:59:52,True,1,0,True,False,False,233,19,7850,1407,2134,2024-10-25 10:34:48
175990893,english,rtedyydtjxujm,2024-09-29 01:49:28,True,0,0,True,False,False,48,2,13304,127,12309,2024-10-13 16:29:07
175989633,english,"great game love the adventure
",2024-09-29 01:18:24,True,0,0,True,False,False,0,1,1482,0,1339,2024-10-12 01:44:59
175989613,english,"Overrated, over-hyped.  First time souls player, can't see myself looking for more.  Shame.

Nearest personal experience I have is Horizon Zero Dawn which while similar is definitely not as 'hard'.

Pros
Gorgeous visuals
Significant amount of content
Cool story underneath
Sometimes, interesting combat
Community and in game comments mostly helpful
Not seen too many glitches or crashes and generally runs pretty smoothly on a  4 year old pc

Cons:
Need to read online for mechanics explanations (dexterity improves cast speed example)

Number 1 enemy - the camera, which the faster the enemy and the more you need it, the worse it is.  Tree spirits are example but others.

Not an original comment, but storytelling itself is mostly via item descriptions - what's actually shown as story directly is not overly coherent - the item descriptions should be easter eggs not the main points

Controls are mushy - especially when on horse or when jumping (or worst, both).  While the game is not a platforming game there is a enough it at key points - I still can't tell how far I will jump in any given attempt.  Or how the physics will be weirdly precise or imprecise.  Landing on limbs, sometimes being a little off center is like being central and somtimes is a slide to death.  

Not common, but not rate - moves that have no counter.  If you mess up against the blood suckers or say tree spirit and get eaten - there's no counter to improve recovery - just a few seconds of lost control.

Multi-strike one shots - not true one shots, but sometimes if you miss a dodge or etc you get knocked down.  fair enough.  But then some bosses will pick you up and do something without a counter.  then drop you, you are still knocked down again, then hit you for kill.  It's not common but not rare either - and it's 10-20 seconds with no control just watching the game.

Too often the 'difficulty' is tediousness.  Some dungeons and places offer unlockable short-cuts but not that many.  If you are having problems with something towards the end of dungeon you wind up having to redo the whole thing, which sometimes if takes a few times you wind up getting bored and sloppy.  This isn't challenging.  Especially if the problem i

When I compare to Zero Dawn, I generally find I enjoyed Zero Dawn more overall both gameplay and story",2024-09-29 01:17:55,False,0,1,True,False,False,0,5,15674,0,14780,2024-10-06 21:40:24
175989554,english,"This is a game for people who already like FromSoft games, and if you're that person. You've got your game and I don't think God Himself smacking you upside the head and telling you you're wrong will ever change your minds. 

This is for everyone else on the fence. This ain't it fam. If you're not entrenched into the FromSoft cult skip out on his one. Go for one of the experiences they make not designed to waste one hundred hours of your life on a bland, empty open world with very little to do but find stuff to kill. They took the density of their other games and watered it down. There are a lot of reused assets and bosses too. It just feels stretched thin. 

And don't get me wrong, I like Soulslikes, I love 'em. I'm not good at them, but for all they've done to originate the genre FromSoftware is falling behind. They're just content with their little purview and if you're fine with that, then I'm happy for you. I just think of all the fun Soulslikes I've played and none of them are from FromSoft anymore. Sekeiro is probably their most innovative, and Elden Ring feels like Dark Souls 2 but stretched across some really impressive vistas. Game could be shorter, denser, better. 

No soulslike really rewards or respects a player's time, but they're usually not out-and-out wasting it like Elden Ring.",2024-09-29 01:16:17,False,0,0,True,False,False,0,48,813,0,813,2024-09-29 00:37:41
175989517,english,i got a onion ring,2024-09-29 01:15:20,True,0,0,True,False,False,0,3,254,1,227,2024-10-26 02:17:54
175989165,english,j,2024-09-29 01:06:12,True,0,0,True,False,False,0,1,2382,2,2204,2024-10-20 00:10:24
175989150,english,fuck you fire giant.,2024-09-29 01:05:53,True,0,0,True,False,False,0,37,10069,0,9639,2024-10-03 14:27:16
175988379,english,i love making character builds instead of making something original,2024-09-29 00:47:24,True,0,0,True,False,False,0,31,383,0,173,2024-10-03 01:58:24
175988236,english,It is a good game.,2024-09-29 00:43:41,True,0,0,True,False,False,0,3,9006,0,9006,2024-09-21 23:15:42
175988214,english,i hate this game so much,2024-09-29 00:43:10,False,1,0,True,False,False,0,4,338,0,338,2024-09-29 00:42:41
175988120,english,its Elden Ring. that's enough. god tier.,2024-09-29 00:40:46,True,0,0,True,False,False,23,7,916,0,916,2024-09-28 01:47:56
175987866,english,Top 3 Games Ever Made,2024-09-29 00:34:29,True,0,0,True,False,False,0,1,4056,0,3607,2024-10-01 22:55:12
175987730,english,Fix your controller support.,2024-09-29 00:31:10,False,0,0,True,False,False,0,29,2275,0,2275,2024-09-29 00:30:34
175987542,english,you can play as Guts!,2024-09-29 00:25:33,True,1,0,True,False,False,208,5,5105,0,4960,2024-10-03 22:27:06
175987496,english,The first real AAAA game.,2024-09-29 00:24:15,True,0,0,True,False,False,0,3,146,0,146,2024-06-23 08:03:00
175987355,english,incroyable,2024-09-29 00:20:25,True,0,0,True,False,False,0,3,6254,0,6062,2024-09-29 15:50:11
175986961,english,"wow
",2024-09-29 00:09:52,True,0,0,True,False,False,0,3,5001,1216,2562,2024-10-26 02:05:02
175986536,english,game lowk hard,2024-09-28 23:59:53,True,0,0,True,False,False,0,6,3980,790,2478,2024-10-25 03:07:50
175986216,english,"It's like FromSoft took all the best elements from the Soul's Series and incorporated new mechanics which feel so smooth and make for such a good gameplay experience. The storyline, fighting, and exploring are what make this one of the best FromSoft releases of all time.",2024-09-28 23:52:13,True,0,0,True,False,False,0,14,9771,0,9771,2024-06-26 04:12:24
175986155,english,love dis game,2024-09-28 23:50:45,True,0,0,True,False,False,324,8,10012,414,8080,2024-10-24 04:50:14
175986043,english,Very easy not a struggle at all,2024-09-28 23:47:48,True,0,0,True,False,False,1,1,11527,1225,7424,2024-10-25 00:50:42
175985977,english,A,2024-09-28 23:46:10,True,0,0,True,False,False,0,5,631,0,589,2024-09-29 00:29:51
175985691,english,"Ive sacrificed controllers to this game, im never happy while playing it. but good game none the less",2024-09-28 23:39:30,True,0,0,True,False,False,0,3,3990,0,3954,2024-10-03 00:42:29
175985092,english,ISH IS THAT HOT FIRE MY GUY FUN TO PLAY IT ANY WAY.,2024-09-28 23:24:30,True,0,0,True,False,False,0,3,20842,0,20329,2024-10-10 01:27:14
175985084,english,everything is 10,2024-09-28 23:24:03,True,0,0,True,False,False,0,1,20589,0,20589,2024-09-28 21:35:34
175984864,english,mid,2024-09-28 23:19:09,True,0,0,True,False,False,25,1,29730,0,29730,2024-08-02 17:36:12
175984529,english,yummers,2024-09-28 23:11:16,True,0,0,True,False,False,0,2,13329,797,9013,2024-10-24 01:54:54
175983999,english,:),2024-09-28 22:59:31,True,0,0,True,False,False,0,3,1588,14,639,2024-10-13 01:20:01
175983610,english,Great game!,2024-09-28 22:51:19,True,0,0,True,False,False,0,2,6138,1772,2804,2024-10-26 03:04:24
175983243,english,Maliketh feet make me badongle all over the screen,2024-09-28 22:43:30,True,0,0,True,False,False,23,10,24909,5,24842,2024-10-16 11:13:29
175983107,english,The most complete soul game that FromSoftware has ever made. Do not even look at any video if you haven't done so yet. Just dive in blind.,2024-09-28 22:40:28,True,0,0,True,False,False,349,18,6380,0,6366,2024-09-29 00:15:43
175982894,english,Ahh grace...,2024-09-28 22:36:04,True,0,0,True,False,False,35,1,4827,107,4720,2024-10-20 07:43:08
175982377,english,"It's an excellent game with a beautiful world to explore, tons of creative characters, a variety of weapons, and a very well done combat system. This is my first souls-like game, and it's got me interested in playing some more from the genre.

The first hour I put into the game, I completely misunderstood the premise, and I was very frustrated at it - as soon as I left the starting area, I tried battling the high-level horseback rider, and felt like I had to defeat it to progress. Learning that some enemies can (and should) just be sprinted past was helpful. I had a friend who kind of guided the beginning of the game for me, but if I hadn't had that, I think I would have needed a tutorial or many wiki pages to figure out where to go and what to do. The amount of freedom the game offers can be overwhelming at first, and it's easy to miss key moments, items, or concepts entirely.

The early game offers a really rewarding cycle of finding new weapons, getting a spike in power, being able to fight your way through new areas, which in turn offer new weapons, and so on. It also feels very well paced in that you naturally encounter a lot of NPC's, points of interest, and discover new areas of the map quickly enough to maintain interest, but not so quickly that you feel like you're missing a lot of action. It felt like Limgrave had the most amount of effort put into it by a long shot.

The mid game really let Elden Ring shine - I was progressing questlines, fighting tons of optional bosses, upgrading my favorite weapons, and exploring cool places like the capitol city, the academy of raya lucaria, the underground world. Fights felt intense, but fair, I had a general direction to go but felt free to explore the entirety of the game, I had a really good time at this point in the game.

The late game to Elden Ring feels very rushed - the final unlockable map areas felt very empty compared to the rest of the game (especially mountaintops of the giants) and had considerably fewer characters or quests (at least, that I ran into). All the optional bosses I had done before had made my character strong enough that now the main quest bosses felt less challenging, almost to the point of being disappointing. At this point, I also found I was running into copies of bosses I had already defeated, mainly by doing the dungeons ahead of time. It sort of weakened the impact of seeing them appear later on. Finishing NPC quests was difficult at this point, as various things you can do accidentally throughout the game can affect where you are at in your questline, or where NPCs spawn, or even whether they are alive or dead, so much of the late game before the final boss revolved around keeping 10 wiki tabs open and trying to figure between tons of fast traveling where NPC's might be, or whether their quest was impossible to finish at this point. Suddenly the ""life"" of the map felt like it had receded into the background, and it was more like a big empty expanse. Not that it was bad at this point, or that this part made the game as whole bad, but it felt like the developers had put 80% of their time into the early game and then really flown through the final 10 hours worth of content. 

The highlights of the game, for me, were those early moments of exploration in this big, beautiful world - the first 30 or 40 hours of this game just feel so cool, building your character up and getting stronger and stronger, and feeling bolder to go into harder areas, but not so strong that you can just blow through them. Really, really cool experience. The fight against Malenia and the final boss of the game were also absolutely fantastic - brutally difficult, but consistent and fair. They felt so impossible and punishing on the first attempt, and by the final attempt, they felt like a dance. Very well designed.

Overall I would give this game an 8.5/10, it's a very strong game that feels a little unnecessarily bloated at times, but gives you the freedom to avoid that bloat, and enough variety to still enjoy it otherwise. I would highly recommend this game to anyone interested in the souls-like genre.",2024-09-28 22:24:57,True,0,0,True,False,False,280,56,5606,0,5606,2024-09-28 13:48:02
175981414,english,My pickle is hard 24/7 when i stare at my character.,2024-09-28 22:06:25,True,0,0,True,False,False,0,4,8876,0,4039,2024-10-07 02:46:13
175981274,english,yezzir,2024-09-28 22:03:56,True,0,0,True,False,False,0,10,7100,2582,786,2024-10-25 11:41:49
175981140,english,BEST GAME OF ALL TIME THE GOAT THE GOAT,2024-09-28 22:01:01,True,0,0,True,False,False,0,1,12955,12,11744,2024-10-16 23:40:24
175981073,english,Don't be a coward. It's probably possible.,2024-09-28 21:59:39,True,0,0,True,False,False,0,5,18219,9,17481,2024-10-16 13:12:55
175980775,english,Probably one of the best games I've ever played tbh,2024-09-28 21:53:52,True,0,0,True,False,False,0,8,3958,0,3815,2024-10-06 09:13:26
175979020,english,i love game,2024-09-28 21:20:53,True,0,0,True,False,False,0,1,7382,0,6327,2024-10-06 04:26:27
175978789,english,KILL BOSS EZ,2024-09-28 21:16:08,True,1,0,True,False,False,0,4,1117,0,1117,2024-01-02 06:48:09
175978593,english,a great game to sit down and play with the boys. 10/10,2024-09-28 21:12:55,True,0,0,True,False,False,0,3,11204,0,10556,2024-10-03 22:18:45
175978276,english,kabu,2024-09-28 21:07:01,True,0,0,True,False,False,0,72,45,0,45,2024-09-23 16:46:39
175977653,english,This game is truly magnificent,2024-09-28 20:55:50,True,0,0,True,False,False,0,5,2229,42,1071,2024-10-19 18:37:55
175977616,english,"I got mental breakdown while fighting maliketh.
totally worth it",2024-09-28 20:55:05,True,1,0,True,False,False,16,3,15020,5479,8124,2024-10-26 09:36:12
175977028,english,Praise the Elden Ring,2024-09-28 20:44:41,True,1,0,True,False,False,0,1,6589,2311,1143,2024-10-26 11:37:30
175976875,english,This game is what I thought videogames would look like in 2013,2024-09-28 20:41:35,True,1,0,True,False,False,90,4,27306,0,27306,2024-08-19 21:28:25
175976567,english,"No game has made me want to rip a toddler in half long ways more then Elden Ring

10/10 game would recommend.",2024-09-28 20:35:43,True,1,0,True,False,False,0,1,6296,0,5867,2024-10-05 08:54:58
175976433,english,yes,2024-09-28 20:33:34,True,1,0,True,False,False,34,12,2686,91,668,2024-10-17 20:02:37
175975474,english,"One of the best visual designs, amasing soundtrack, intriguing lore.
But in a way it is a step back comparing to the Sekiro.
I mean, i like ER, but I really hope they'll go for something different next time, DS formula had its moment but it was like a decade ago. 

Quests - I've missed half of them, and then looked up how to do them, and then ended up realising that I just dont care enough to follow all of this crap.

Combat and movement in generaal again became slower like you are swimming in glue. It's not that hard to dodge most of the enemies, but it is much harder to battle the urge to go ape mode, because of how boring it is to wait for the opening sometimes. 

Game is an absolutely unbalanced mess in terms of mechanics. You  just stat check majority of the bosses, and then get stuck in a random place with a group of espetially tough mobs. You kinda constantly have to limit yourself in what you want to allow yourself to use, so it wouldn't be too unfair to a boss. Because the game definetly allows to get an absolutely ridiculous build that just ignores most of the game mechanics. And it is a bad design. 

So I really hope they'll go back to a smaller more refined experience instead of another 100h open world next time.",2024-09-28 20:16:42,True,0,0,True,False,False,0,55,17349,0,17349,2024-10-07 00:53:08
175975440,english,"if i got a nickel for ever mrbeast or fortnite message, i'd be rich",2024-09-28 20:16:05,True,0,0,True,False,False,94,41,12347,892,11139,2024-10-24 22:24:19
175975355,english,Good Game,2024-09-28 20:14:39,True,0,0,True,False,False,0,7,4098,864,1329,2024-10-21 04:29:48
175975253,english,An absolute masterpiece.,2024-09-28 20:12:50,True,0,0,True,False,False,0,8,14023,381,13454,2024-10-21 23:15:54
175975140,english,big sword :),2024-09-28 20:10:42,True,0,0,True,False,False,0,2,3142,591,2246,2024-10-13 20:36:32
175974717,english,great,2024-09-28 20:03:47,True,0,0,True,False,False,42,4,6409,588,4124,2024-10-20 01:35:03
175973342,english,"As a person who has loved all of Fromsoft's games, this is the one that I do not like... they clearly made this for a different audience. The PVP, Weapons, Story, are all lack luster... Open world is basically big empty world. This game is basically so watered down, and convoluted that it honestly makes me sad because it could have been so good. It pains me that most people think this is fromsoft's best game.",2024-09-28 19:40:25,False,1,0,True,False,False,0,15,5133,0,5133,2022-08-15 22:46:56
175973036,english,"Simply the best release in recent years, having such a blast. 1st souls game ever and I get it now... I get it",2024-09-28 19:35:06,True,1,0,True,False,False,61,6,6145,1159,3518,2024-10-25 12:08:11
175972561,english,"A peak of modern gaming. The magnum opus of FromSoft and Miyazaki.
Bosses everywhere, a challenge most of the way through. New Game 1+2 are usually you bullying everything for a change, before NG 3+ starts really feeling harder.

Builds are endless in this game. The characters are well written and the lore is just as confusing and convoluted as some of the D2 lore. The DLC is the highest rated DLC of all time for a reason, it's an absolute 10/10. The final boss of the DLC may be unfair, but he can be learned just like Malenia.

To sum up, game good.",2024-09-28 19:26:40,True,0,0,True,False,False,0,3,14897,0,14332,2024-10-05 22:16:01
175971811,english,"BUY IT NOW

",2024-09-28 19:14:17,True,0,0,True,False,False,0,4,7086,1901,4259,2024-10-26 02:45:46
175971547,english,"Even after 2 years this game is a masterpiece. I absolutely adore this game. I have played 72 hours for just my first journey and I'll probably play this two more times. Now i want to play the other games in the souls series, except dark souls 2. 10/10 game, took me a year to actually start playing and regretted not playing it earlier",2024-09-28 19:09:56,True,0,0,True,False,False,34,5,7890,1667,4354,2024-10-26 07:00:03
175971268,english,Git gud,2024-09-28 19:05:28,True,0,0,True,False,False,97,2,22258,1325,19247,2024-10-26 04:40:30
175971089,english,"epic level design, and game overall. people who complain about difficulty are suckers, dont listen to them, just be better",2024-09-28 19:02:44,True,0,0,True,False,False,0,1,11623,0,11352,2024-10-11 01:19:58
175971058,english,Fromsoftware spanking the big dogs with this masterpiece gave me so much joy in so many ways. I can't stop coming back to play even after a couple playthroughs.,2024-09-28 19:02:16,True,0,0,True,False,False,0,3,31099,0,31054,2024-10-08 02:37:04
175971028,english,THIS GAME IS INSANELY HARD AND SHOULD NOT BE GAME overall great experience,2024-09-28 19:01:37,True,0,0,True,False,False,0,12,1943,1191,190,2024-10-22 16:39:34
175970460,english,"You can fool yourself
I promise it will help
Now every single day
I just wanna hear you say it
I'm so lucky, lucky
I'm so lucky, lucky
I'm so lovely, lovely
I'm so lovely, lovely",2024-09-28 18:52:17,True,2,0,True,False,False,0,3,9894,0,9430,2024-10-08 15:06:27
175970364,english,W Game DLC makes it even better and stop crying that it is too hard,2024-09-28 18:50:32,True,0,0,True,False,False,0,1,1788,0,1781,2024-09-30 16:32:16
175970138,english,Best of the best ♥,2024-09-28 18:46:52,True,0,0,True,False,False,30,2,1613,36,308,2024-10-18 17:19:55
175969885,english,"I have only killed the first boss so far, it is making me enjoy games again. The way i play is not watching online guides and just exploring.. This is by far the most nostalgic way to play and i recommend to anyone else to do the same.",2024-09-28 18:42:20,True,2,0,True,False,False,16,7,2555,0,622,2024-10-08 19:04:25
175969808,english,one of the greatest video games of all time,2024-09-28 18:40:58,True,0,0,True,False,False,0,10,5109,0,5084,2024-09-28 20:50:26
175969142,english,i hate morgott will comment when i beat him good game btw get it,2024-09-28 18:29:40,True,0,2,True,False,False,0,5,2685,193,2147,2024-10-21 23:10:52
175968696,english,dfdfg,2024-09-28 18:21:36,True,0,0,True,False,False,0,1,4105,93,590,2024-10-12 13:39:17
175968275,english,"game :)
",2024-09-28 18:14:40,True,0,0,True,False,False,0,2,3159,902,2241,2024-10-26 05:24:49
175968202,english,elden ring,2024-09-28 18:13:23,True,0,0,True,False,False,0,3,18254,172,17558,2024-10-18 19:52:32
175967079,english,"BEST GAME OAT, LOVED EVERY PART OF CHALLENGE, SUFFERING, DISCOVERY, GRIND, THE GAME THAT BROUGHT ME INTO SOULSLIKE, LOVE YOU MIYAZAKI.


+1 Platinum.",2024-09-28 17:55:51,True,0,0,True,False,False,0,4,10714,0,10714,2024-07-20 03:28:29
175966836,english,"Goated game. Everyone should at least give this game a try, even if you dont like souls games.",2024-09-28 17:51:57,True,0,0,True,False,False,30,5,13223,0,13215,2024-09-30 04:25:52
175966790,english,nice,2024-09-28 17:51:19,True,0,0,True,False,False,180,5,749,0,749,2023-07-09 16:03:15
175966585,english,Fun,2024-09-28 17:47:50,True,0,0,True,False,False,0,6,566,13,405,2024-10-26 03:29:04
175966252,english,YES,2024-09-28 17:42:47,True,0,0,True,False,False,0,1,1667,0,1613,2024-10-10 23:39:24
175965962,english,very trash to play with friends,2024-09-28 17:38:18,False,0,0,True,False,False,0,3,1158,118,330,2024-10-21 14:25:57
175965799,english,not fun,2024-09-28 17:35:45,True,0,0,True,False,False,0,6,1784,0,1763,2024-09-28 17:36:06
175965482,english,I hate myself:).,2024-09-28 17:30:47,True,0,0,True,False,False,0,5,2618,701,1412,2024-10-25 18:13:53
175965459,english,Fantastic game,2024-09-28 17:30:22,True,0,0,True,False,False,0,2,6097,0,5487,2024-09-29 22:28:49
175964836,english,goat,2024-09-28 17:20:24,True,0,0,True,False,False,0,1,15767,0,15708,2024-10-02 23:07:58
175964745,english,game is very good,2024-09-28 17:19:01,True,0,0,True,False,False,0,2,34337,5,33418,2024-10-16 14:39:07
175964546,english,good,2024-09-28 17:15:47,True,0,0,True,True,False,0,5,4059,0,261,2024-10-12 01:04:07
175964390,english,"This game rekindled my love for gaming. It's a rare, once-in-years experience.",2024-09-28 17:13:19,True,0,0,True,False,False,0,2,12326,0,12326,2024-09-28 17:11:48
175963552,english,Any game that lets a 8ft tall red head beat me to death is game of the year tbh.,2024-09-28 16:59:26,True,1,0,True,False,False,325,6,11272,21,10809,2024-10-13 22:56:28
175963534,english,"i like this game but it crashes mid boss fight and keeps freasing 
and now it doesent even start 
0.......0000000000000000000000000000001/10",2024-09-28 16:59:09,False,0,0,True,False,False,0,3,16786,37,16492,2024-10-18 17:01:47
175963236,english,Behold Dog,2024-09-28 16:54:14,True,1,0,True,False,False,43,20,3307,399,1501,2024-10-25 14:43:30
175963234,english,hate fingies,2024-09-28 16:54:13,True,0,0,True,False,False,17,13,4205,0,3806,2024-09-29 04:15:22
175962270,english,I did not put my foolish ambitions to rest.,2024-09-28 16:40:06,True,0,0,True,False,False,0,3,9518,0,9518,2024-09-28 15:52:58
175962138,english,I AM IRON FIST ALEXANDER!,2024-09-28 16:37:56,True,0,0,True,False,False,0,3,9628,1204,6837,2024-10-24 12:35:46
175961765,english,I love how insane I feel playing this game.,2024-09-28 16:32:09,True,0,0,True,False,False,0,1,19453,0,19323,2024-09-28 18:42:16
175960948,english,"Difficult, but extremely rewarding game. Tip: DON'T ATTACK VARRE AT THE START",2024-09-28 16:20:05,True,0,0,True,False,False,0,1,4625,644,3261,2024-10-22 19:28:43
175960878,english,love this game so much to explore and so much undiscovered stuff i could experiment with,2024-09-28 16:18:49,True,0,0,True,False,False,0,5,7551,31,6333,2024-10-13 09:49:18
175959827,english,"yes
",2024-09-28 16:03:46,True,0,0,True,False,False,0,1,5213,896,1695,2024-10-15 23:19:02
175959449,english,"fun
:3",2024-09-28 15:58:00,True,0,0,True,False,False,0,1,1562,86,1339,2024-10-13 14:41:28
175959345,english,🐐,2024-09-28 15:56:36,True,0,0,True,False,False,0,2,42850,7545,29036,2024-10-26 10:07:30
175958743,english,spell,2024-09-28 15:48:09,True,0,0,True,False,False,0,1,11269,99,9082,2024-10-19 20:31:57
175958683,english,This game is great,2024-09-28 15:47:12,True,0,0,True,False,False,0,1,2507,654,591,2024-10-25 01:38:03
175958638,english,"This was one of the most fun RPG's that I've played in a while. The story was well done and relatively easy to follow, while the combat and other parts of the game were phenomenal - They were challenging enough that you would end up questioning your build, but it wasn't so hard that you couldn't move past.",2024-09-28 15:46:19,True,0,0,True,False,False,0,1,12841,0,12657,2024-09-28 20:17:56
175958491,english,Perfect Game,2024-09-28 15:44:23,True,0,0,True,False,False,0,5,5481,1392,2253,2024-10-25 23:15:05
175958237,english,Good,2024-09-28 15:40:53,True,0,0,True,False,False,0,2,16923,0,16917,2024-09-28 18:16:12
175958104,english,"yeah this game is lots of fun, i plan to beat this game",2024-09-28 15:39:07,True,0,0,True,False,False,0,11,555,0,482,2024-09-28 22:44:31
175957792,english,"Everyone says this game is hard. Sure, you can fight hard monsters right away, but there are easier ones to cut your teeth on first. Hint: follow grace lines until you can level up.",2024-09-28 15:34:59,True,0,0,True,False,False,0,5,3038,1120,1214,2024-10-26 06:03:27
175957498,english,"I might have only played this game for 100 hours but i can admit it the best game ive ever played, the graphics, the lore, the soundtracks, the bosses, everything. I just finished my first playthrough and even though i raged a lot, i enjoyed it... i will admit i did use mimic tear and some strong builds but even when i didnt, it was still fun..
10/10",2024-09-28 15:30:30,True,0,0,True,False,False,0,2,9441,1472,6224,2024-10-25 21:06:18
175957429,english,boring and empty,2024-09-28 15:29:36,False,0,0,True,False,False,0,2,204,0,204,2024-09-28 15:29:31
175956981,english,"I HAVE MAGIC ON MY RIGHT HAND, AND ON MY LEFT HAND I HAVE LIONS CLAW ...if things got bad",2024-09-28 15:23:18,True,0,0,True,False,False,35,7,18751,1183,14582,2024-10-23 06:20:13
175956923,english,...!,2024-09-28 15:22:22,True,0,0,True,False,False,0,5,1081,0,1018,2024-09-28 16:25:35
175956855,english,what an amazing game best game what i have ever played,2024-09-28 15:21:19,True,0,0,True,False,False,0,1,10000,2126,5030,2024-10-25 19:06:17
175956349,english,"yes
",2024-09-28 15:14:01,True,0,0,True,False,False,12,2,2956,692,417,2024-10-18 14:46:18
175956027,english,"One of, if not my favourite game ever. With over 150 hours per play through, the value for this game is amazing. + the dlc is icing on the cake",2024-09-28 15:09:17,True,0,0,True,False,False,0,5,11771,0,11696,2024-10-04 10:19:28
175954740,english,This game so good i die to a puddle,2024-09-28 14:50:55,True,0,0,True,False,False,0,1,23217,3977,14730,2024-10-26 02:45:02
175953952,english,"You're gonna hate this game, you'll love it.",2024-09-28 14:39:15,True,0,0,True,False,False,297,4,16060,512,13671,2024-10-20 22:48:14
175953285,english,"Great combat and art, wish there were less dialogs.",2024-09-28 14:29:50,True,1,0,True,False,False,0,1,7232,1560,1409,2024-10-16 23:28:43
175951372,english,The second least fun Souls game in the series.,2024-09-28 14:01:32,False,1,0,True,False,False,0,24,43478,0,43478,2024-09-28 13:55:55
175951339,english,"Great game!  Supports any style of play, from charge-in-swinging to sneak-and-snipe and everything in between.  Vast world with plenty of variety.  Highly recommend!",2024-09-28 14:01:00,True,0,0,True,False,False,0,1,42250,2795,36488,2024-10-26 11:45:31
175951061,english,worth every penny i spend,2024-09-28 13:56:51,True,1,0,True,False,False,27,8,3127,3,1808,2024-10-15 16:38:00
175950697,english,"dont sleep, dont shower, just get gud",2024-09-28 13:51:27,True,0,0,True,False,False,0,1,10061,5078,2048,2024-10-25 10:41:10
175950629,english,"**---{ Graphics }---**  
☐ Stunning, photorealistic  
✅ Impressive visuals  
☐ Decent  
☐ Dated but charming  
☐ Needs improvement  
☐ Looks like it’s from another era  

**---{ Gameplay }---**  
✅  Flawless and immersive  
☐ Fun and engaging  
☐ Solid mechanics  
☐ Average, nothing special  
☐ Frustrating or clunky  
☐ Barely playable  

**---{ Audio }---**  
✅  Outstanding soundtrack  
☐ Great sound design  
☐ Decent  
☐ Forgettable  
☐ Annoying or repetitive  
☐ Played it on mute  

**---{ Audience }---**  
✅  Suitable for everyone  
☐ Casual gamers  
☐ Hardcore gamers  
☐ Nostalgic players  
☐ Fans of the genre  
☐ Niche audience  

**---{ PC Requirements }---**  
☐ Runs on anything  
☐ Low-spec friendly  
✅  Mid-range required  
☐ High-end gaming rig  
☐ Requires a beast of a PC  
☐ Might need NASA’s help  

**---{ Game Size }---**  
☐ Tiny download  
☐ Small and manageable  
☐ Average size  
✅  Large, but acceptable  
☐ Massive  
☐ Hope you have a spare hard drive  

**---{ Difficulty }---**  
☐ Very easy  
☐ Balanced difficulty  
☐ Challenging but fair  
✅  Hard  
☐ Extremely difficult  
☐ Only for the most dedicated  

**---{ Grind }---**  
☐ No grind  
☐ Minimal grind  
✅  Moderate grind  
☐ Significant grind  
☐ Endless grind  
☐ Requires a second life  

**---{ Story }---**  
☐ No story  
☐ Minimal story  
✅  Decent plot  
☐ Engaging  
☐ Deep and immersive  
☐ A masterpiece  

**---{ Game Time }---**  
☐ Very short  
☐ Short  
☐ Average length  
✅  Long  
☐ Endless replayability  
☐ Requires a lifetime  

**---{ Price }---**  
☐ Free  
☐ Worth every penny  
☐ Good value on sale  
✅  Reasonable price  
☐ Overpriced  
☐ Save your money  

**---{ Bugs }---**  
☐ No bugs  
✅  Minor issues  
☐ Some bugs, nothing major  
☐ Buggy  
☐ Game-breaking bugs  
☐ Full of glitches  

**---{ ? / 10 }---**  
☐ 1  
☐ 2  
☐ 3  
☐ 4  
☐ 5  
☐ 6  
☐ 7  
☐ 8  
✅  9  
☐ 10",2024-09-28 13:50:34,True,0,0,True,False,False,0,6,10897,0,10897,2024-09-24 13:17:49
175950274,english,Diapermaxxing hard,2024-09-28 13:45:06,True,0,0,True,False,False,0,3,7863,0,7863,2024-09-23 02:31:20
175950103,english,"definitly got what i paid for, aka im just trash and i need to get gud, lol",2024-09-28 13:42:46,True,0,0,True,False,False,0,9,3894,1437,329,2024-10-25 02:21:51
175949988,english,I bought this game just to get a hug,2024-09-28 13:40:59,True,0,0,True,False,False,42,16,6180,0,3675,2024-10-04 09:54:44
175949640,english,It Won Game of The Year for a Reason,2024-09-28 13:36:09,True,0,0,True,False,False,0,1,5137,829,499,2024-10-24 11:42:17
175949473,english,Just Roll,2024-09-28 13:33:21,True,0,0,True,False,False,0,1,76531,17068,41569,2024-10-26 04:55:19
175949377,english,Damn Good,2024-09-28 13:32:01,True,0,0,True,False,False,0,7,6430,0,6428,2024-09-28 13:59:04
175946689,english,"I have never played a Souls game before. I am sad to say I just recently bought Elden Ring on my PS5 to give a shot when it was on sale. I have not been so engaged in a world since I cannot remember when. The sense of Adventure is real, the sense of achievement is insane. It i s so good I had to buy it on my laptop when I am travelling for work. You will get your money's worth out of this game. It's not crowded with unneccesary gameplay loops. It's just pure fun",2024-09-28 12:50:33,True,0,0,True,False,False,0,7,1459,49,925,2024-10-22 11:58:08
175946010,english,Great game!,2024-09-28 12:39:15,True,0,0,True,False,False,0,4,7584,16,7557,2024-10-12 16:55:52
175945266,english,goo game :),2024-09-28 12:25:46,True,0,0,True,False,False,0,2,9826,0,9467,2024-10-01 16:40:14
175944313,english,Annoyingly Addicting,2024-09-28 12:08:51,True,0,0,True,False,False,0,1,3598,1596,786,2024-10-25 12:29:56
175943308,english,sigma,2024-09-28 11:51:05,True,0,0,True,False,False,0,4,1536,0,559,2024-09-29 22:13:41
175942546,english,one of the best games I have ever played. It is hard and rewarding.,2024-09-28 11:37:00,True,0,0,True,False,False,0,4,11789,0,10441,2024-10-06 01:53:26
175942080,english,weird dating sim,2024-09-28 11:28:26,True,0,0,True,False,False,0,9,10047,1134,7006,2024-10-26 12:03:34
175941936,english,"Superb open world game. Challenging, creative, HUGE! Try it, you won't regret it.",2024-09-28 11:25:44,True,0,0,True,False,False,0,1,10860,0,10172,2024-10-08 14:49:16
175941839,english,good game very fun,2024-09-28 11:24:10,True,0,0,True,False,False,0,1,1104,255,196,2024-10-24 19:56:54
175940649,english,"Good game to play if you burnt out from multiplayers. 
BUT they need to fix it lol... After the DLC the game has serious start issues on PC. 
",2024-09-28 11:01:05,True,1,0,True,False,False,0,2,5583,1096,1200,2024-10-25 19:06:54
175940530,english,Fuck Radanh,2024-09-28 10:58:29,True,1,0,True,False,False,190,11,20923,0,20923,2024-09-28 00:07:09
175939124,english,anazing game,2024-09-28 10:31:12,True,1,0,True,False,False,1,1,4324,49,3329,2024-10-13 20:20:03
175938874,english,fromsoft simp,2024-09-28 10:25:48,True,0,0,True,False,False,36,26,5272,0,5272,2024-07-02 03:13:10
175938431,english,👍,2024-09-28 10:16:45,True,0,0,True,False,False,0,1,7542,0,7530,2024-10-04 18:57:50
175938279,english,great great great game,2024-09-28 10:13:49,True,0,0,True,False,False,23,2,8700,588,4678,2024-10-17 17:57:14
175937973,english,so many octopuses,2024-09-28 10:08:08,True,0,0,True,False,False,265,10,5530,1764,2039,2024-10-25 19:47:19
175936673,english,awesome,2024-09-28 09:42:20,True,0,0,True,False,False,33,6,11090,0,9075,2024-10-03 16:14:53
175935166,english,one of the best games ive ever played,2024-09-28 09:11:03,True,0,0,True,False,False,38,4,14097,1647,8528,2024-10-26 10:39:36
175933830,english,beste spillet laget,2024-09-28 08:44:14,True,0,0,True,False,False,176,13,1395,60,468,2024-10-20 19:22:06
175933701,english,"gut game
",2024-09-28 08:41:47,True,0,0,True,False,False,0,15,3899,1110,1577,2024-10-26 10:28:45
175932873,english,I keep getting lost,2024-09-28 08:23:51,True,0,0,True,False,False,0,18,4253,2458,201,2024-10-26 08:24:52
175932729,english,what a game i loved the vibe and world and everything in between,2024-09-28 08:20:37,True,0,0,True,False,False,0,6,6209,0,6209,2024-09-21 21:09:50
175931373,english,"even after completing this game, it wouldn't enough",2024-09-28 07:50:53,True,0,0,True,False,False,101,6,7359,0,5502,2024-10-06 08:03:45
175931061,english,michael zaki's magnum opus,2024-09-28 07:43:53,True,0,0,True,False,False,0,3,8726,191,4838,2024-10-17 07:07:24
175930870,english,"Miyazki cooked, what else is new?",2024-09-28 07:39:27,True,0,0,True,False,False,0,1,18561,1829,15022,2024-10-26 07:15:05
175929372,english,,2024-09-28 07:01:58,True,0,0,True,False,False,0,3,1442,0,1227,2024-09-28 10:49:14
175928755,english,Hard just like c++ck,2024-09-28 06:45:56,True,1,0,True,True,False,48,2,4679,0,4679,2024-09-28 06:44:12
175927882,english,trash game,2024-09-28 06:23:26,False,0,0,True,False,False,0,2,626,0,590,2024-09-28 10:27:53
175927281,english,"It's darks souls 3 but worse, which is just worse than ds2, which isn't quite as good as ds1

This review exists to piss off a friend",2024-09-28 06:10:05,True,0,0,True,False,False,270,56,7213,0,7204,2024-09-29 01:19:37
175927023,english,mehh this shit too hard,2024-09-28 06:04:15,True,0,0,True,False,False,74,14,1670,0,1510,2024-10-07 03:15:55
175926574,english,very good,2024-09-28 05:53:27,True,0,0,True,False,False,0,1,510,8,480,2024-10-20 06:03:54
175925761,english,"My first play through was one of the best experiences of my life,
and all play throughs afterward were just as amazing.",2024-09-28 05:33:19,True,0,0,True,False,False,0,2,6438,357,5597,2024-10-20 06:54:52
175925481,english,I rolled and almost got banned,2024-09-28 05:26:49,True,0,0,True,False,False,38,13,284,11,216,2024-10-19 23:45:18
175923971,english,fun,2024-09-28 04:54:21,True,0,0,True,False,False,47,6,10321,720,1636,2024-10-19 05:18:48
175923804,english,so. good.,2024-09-28 04:50:40,True,0,0,True,False,False,199,2,15645,69,14162,2024-10-23 00:19:02
175923551,english,One of the best games made to this date. It easily sits in the top 3 games ever in my opinion and offers hundreds of hours of entertainment with dozens of different ways to play/build your character.,2024-09-28 04:45:03,True,0,0,True,False,False,0,8,42308,1246,37846,2024-10-20 03:16:25
175923548,english,El den rin,2024-09-28 04:44:57,True,0,0,True,False,False,127,1,889,0,583,2024-10-06 19:48:40
175922742,english,very good,2024-09-28 04:26:41,True,0,0,True,False,False,0,2,5502,88,4894,2024-10-13 03:38:33
175922592,english,this game harder than me in the morning,2024-09-28 04:23:03,True,0,0,True,False,False,43,31,2608,1406,425,2024-10-24 00:32:02
175922252,english,"This game is remarkable.
I fall in the camp of people that feel the addition of a crafting system and the open, diffuse design of the game makes it feel less punchy and memorable than your Dark Souls 3's and Bloodborne's.

That comparison and some odd/frustrating moments of balancing aside, this game has so much to explore and experiment with that it is hyper replayable and a pleasure to play. If you can tolerate pattern-recognition based, difficult titles, this game is, obviously, a big, fat bop.",2024-09-28 04:14:19,True,0,0,True,False,False,184,123,1250,0,1250,2024-07-16 21:16:03
175922157,english,Shadow keep.,2024-09-28 04:12:14,False,2,0,True,False,False,0,20,10836,366,9559,2024-10-21 01:14:38
175921474,english,why so feinious,2024-09-28 03:55:49,False,1,0,True,True,False,0,2,5983,2446,3228,2024-10-26 06:23:59
175921383,english,Amazing Game 10/10,2024-09-28 03:53:45,True,0,0,True,False,False,0,1,25505,1267,22848,2024-10-26 04:00:53
175920695,english,"game = sigma

",2024-09-28 03:35:55,True,0,0,True,False,False,0,2,2375,615,1266,2024-10-24 07:19:08
175920186,english,Ta potente,2024-09-28 03:24:15,True,0,0,True,False,False,37,7,2985,113,2483,2024-10-23 04:30:09
175920092,english,love it and i love you <3,2024-09-28 03:21:50,True,0,0,True,False,False,0,1,6996,1241,4936,2024-10-26 04:19:04
175920057,english,i want to tear out my hair and beat a child while doing fire giant highly recomend this game,2024-09-28 03:21:08,True,0,0,True,False,False,0,1,6802,0,3215,2024-10-11 10:44:02
175919747,english,sigma,2024-09-28 03:14:23,True,0,0,True,False,False,0,3,7484,2797,910,2024-10-26 10:51:43
175919690,english,"The most accessible game in the Souls lineage, with an open world twist",2024-09-28 03:13:09,True,0,0,True,False,False,0,18,25191,0,25191,2024-07-17 01:00:53
175919553,english,legit game,2024-09-28 03:10:20,True,0,0,True,False,False,0,3,19208,0,19208,2022-05-27 09:31:00
175919436,english,Best. Ever. Made.,2024-09-28 03:07:36,True,0,0,True,False,False,0,2,13996,445,12663,2024-10-19 05:00:33
175919415,english,best rpg game ever,2024-09-28 03:07:15,True,0,0,True,False,False,0,4,4350,0,4350,2024-08-11 17:44:38
175918907,english,game of the year for a reason,2024-09-28 02:55:58,True,0,0,True,False,False,0,2,4312,0,4194,2024-09-29 04:45:18
175918826,english,"EVERY THING IN THIS GAME  is 10\10


",2024-09-28 02:53:58,True,0,0,True,False,False,0,2,10680,10,10669,2024-10-18 14:25:44
175918353,english,ADDICTION AHEAD,2024-09-28 02:43:34,True,0,0,True,False,False,0,2,26044,2507,17116,2024-10-26 01:32:30
175918211,english,"Iron Fist Alexander
Would recommend 10/Pot
",2024-09-28 02:40:25,True,0,0,True,False,False,20,1,5868,2061,350,2024-10-23 07:09:52
175917688,english,"mist, or beast!",2024-09-28 02:27:50,True,0,0,True,False,False,0,8,30628,0,30628,2024-09-21 18:37:18
175917138,english,I fought Malenia for 10 hours,2024-09-28 02:15:26,True,0,0,True,False,False,0,17,8999,0,8491,2024-10-02 18:29:34
175916300,english,"It's just one of the best games ever made, you don't need me to tell you. Unbelievable variety and depth.",2024-09-28 01:55:40,True,0,0,True,False,False,0,6,6944,239,5407,2024-10-18 23:24:56
175916066,english,i'm dying,2024-09-28 01:50:27,True,1,0,True,False,False,45,8,2773,158,596,2024-10-18 19:29:25
175915734,english,"sigma ring
",2024-09-28 01:42:11,True,0,0,True,False,False,0,16,816,0,816,2024-09-28 00:30:04
175915674,english,"its aight
",2024-09-28 01:40:43,True,0,0,True,False,False,0,3,1854,60,1063,2024-10-22 21:51:23
175915608,english,Actually a great game.,2024-09-28 01:39:00,True,0,0,True,False,False,0,4,6035,0,6035,2024-09-28 01:31:52
175915467,english,This game went beyond my expectations.,2024-09-28 01:35:40,True,0,0,True,False,False,0,1,6219,34,3026,2024-10-20 20:20:23
175914771,english,da best ever,2024-09-28 01:18:14,True,0,0,True,False,False,0,1,31862,0,31290,2024-10-07 23:15:06
175914626,english,fucking awesome game that get me addicted,2024-09-28 01:14:32,True,0,0,True,False,False,0,4,3075,1442,386,2024-10-25 13:27:23
175914225,english,its over isn't it. isn't it over,2024-09-28 01:04:07,True,0,0,True,False,False,0,1,18921,0,18921,2024-09-28 01:02:45
175913743,english,ja wurdo,2024-09-28 00:52:57,True,0,0,True,False,False,0,1,5302,59,268,2024-10-13 19:25:58
175913572,english,good,2024-09-28 00:48:31,True,0,0,True,False,False,46,8,19023,300,18722,2024-10-25 02:36:55
175912834,english,"I want to go home,
and then edge
",2024-09-28 00:30:25,True,0,0,True,False,False,0,11,412,0,412,2024-09-24 23:38:43
175912752,english,[h1] Peak! [/h1],2024-09-28 00:28:31,True,0,2,True,False,False,0,6,9426,0,9426,2024-09-20 04:22:55
175912725,english,dog,2024-09-28 00:27:38,True,0,0,True,False,False,0,3,10160,0,9941,2024-09-28 04:40:09
175912718,english,game good,2024-09-28 00:27:23,True,0,0,True,False,False,0,7,8348,0,8131,2024-10-07 03:02:45
175912695,english,great game super difficult tho. be ready to be frustated,2024-09-28 00:26:52,True,0,0,True,False,False,0,1,616,0,238,2024-10-06 04:01:38
175912614,english,"goat game
",2024-09-28 00:24:44,True,0,0,True,False,False,0,5,7640,0,7623,2024-10-11 17:07:09
175912459,english,best game literally ever made,2024-09-28 00:20:56,True,0,0,True,False,False,33,9,3797,928,200,2024-10-21 19:34:34
175912214,english,"Majestic tree of life decays
Human did not change its ways",2024-09-28 00:14:56,True,1,0,True,False,False,0,3,22409,0,22385,2024-09-28 17:22:37
175912164,english,one of the best games i have ever played,2024-09-28 00:13:35,True,0,0,True,False,False,61,12,1169,0,1148,2024-09-28 21:05:35
175912152,english,very good,2024-09-28 00:13:20,True,0,0,True,False,False,0,4,11219,55,9578,2024-10-13 22:02:48
175911764,english,"Love soul based games. The open world feature of this is excellent for explorers such as myself and also the vast array of weapons, armour and spells are really fun to collect. Yes don't get me wrong its a difficult game but that is part of the fun. hours and hours of fun to be had!!!",2024-09-28 00:03:24,True,0,0,True,False,False,0,2,24533,374,23315,2024-10-23 06:41:04
175911532,english,"Beautiful world to explore, some fun main bosses, but also quite a few repetitive mini-bosses that can get a bit tedious.",2024-09-27 23:57:46,True,2,0,True,False,False,1068,8,8454,169,8049,2024-10-20 22:36:18
175910669,english,Bloodrot feet mmmmmmmmmmmmmmmmmmmmmmmmmmmm,2024-09-27 23:36:56,True,1,0,True,False,False,163,6,6816,56,6492,2024-10-22 06:46:59
175910051,english,"this game was so fun to play and annoying at the same time, i still recommend you buy this. this was probably the best/most fun game ive actually played",2024-09-27 23:23:18,True,0,0,True,False,False,0,3,6409,331,3359,2024-10-26 07:08:27
175909976,english,"So many good reviews about this game, plus the hype about it so, I purchased it. I've tried playing it several times and just cannot get into it. I wish I hadn't spent the money on it. I just want to sit down and play a game to relax but with this game i feel I must read an Elden Ring bible or something to learn to play it. It's just to much trash to learn. Big thumbs down!",2024-09-27 23:21:40,False,0,0,True,False,False,0,1,78,0,78,2024-09-27 23:14:45
175909742,english,absolutely incredible game. frustrating at times but still incredibly immersive and badass,2024-09-27 23:16:18,True,0,0,True,False,False,27,9,3838,0,3838,2024-08-07 03:16:40
175909675,english,GOTY 100,2024-09-27 23:15:00,True,0,0,True,False,False,0,2,4294,73,4143,2024-10-26 11:36:12
175909413,english,The Greatest game ive ever played,2024-09-27 23:08:41,True,0,0,True,False,False,0,5,5975,363,5467,2024-10-17 16:59:06
175908950,english,"Open World with Classic Souls Appeal

Pros:

-Absolutely beautiful locations with incredible scenic vistas. I find myself constantly taking screenshots. Hidden pathways and secrets scattered throughout. The map system encourages exploration - pick up an area map in game and it'll show you the surrounding landmarks (without divulging their names or other details), which you can then check out for yourself. 

-Some of the coolest cutscenes in any game ever. Don't skip any of them unless you've already watched it.

-Amazing soundtrack all around.

-Minimalist HUD that doesn't hold your hand or take away from the beautiful visuals.

-Intricate lore subtly conveyed through architecture, item descriptions, and limited NPC dialogue. Highly open to interpretation.

-The gameplay is challenging if you want it to be, or easy if you want it to be. This might be the most flexible of all the souls games in terms of gameplay and difficulty. If you want it difficult, play solo, use a melee build, forego spirit ash summons, spells and ranged weapons. If you're struggling, you can summon your friends or spirit ash NPCs to help you. 

The open world is also your friend here: you can skip ahead of some bosses, or level up or grab new weapons and fight them later. If you want to use a different build - let's say you're a warrior and you want to try magic instead - you can completely change stats without needing to start over. Other games might use a difficulty setting to alter enemies' health and damage, but not Elden Ring - the variety of mechanics and playstyles are the difficulty slider. 

-The new movement mechanics make the gameplay more varied and interesting. There are jump and crouch buttons, so you're no longer limited to the usual combat roll and sprint for dodging attacks - you can duck and jump them too. The jump attack is quite powerful, and the crouch allows you to sneak effectively past enemies or get backstabs.

-The bosses are challenging, especially the ones in the endgame, especially for melee builds. Expect to constantly dodge and look for the perfect opening, but don't overdo it - the bosses have attack timings designed to trip you up if you panic roll or heal at the wrong time.

Cons: 

-The lock-on camera is still garbage and it will spaz out on you when enemies jump around, leaving you confused.

-The net code for multiplayer seems to be poor. If you participate in an invasion or arena combat expect to see lag. It can even become game-breaking. The devs need to fix this issue if they're going to keep adding multiplayer.

-NPC quests can become confusing. You might need to read the wiki to determine an NPC's location or whether you've locked yourself out of their questline. They change locations constantly and frequently don't tell you where they're going. 

-Many reused assets. Many cookie-cutter enemies that slightly differ in color or attack pattern. Not all areas of the game are interesting either, particularly toward the endgame. I wonder if time constraints played a role here.

-The final boss is somewhat unimpressive.

-The open world flexibility can ruin bosses or areas if you skip them or simply don't notice them, then level up your character and come back to them later. If your stats are ""too high"" for a particular area then you will shred everything in it with minimal effort. This can be disappointing for players who want a challenge, which is the main appeal of souls-type games.

Conclusion:
Elden Ring has its flaws but it's a solid first open world game for FromSoft.",2024-09-27 22:56:54,True,0,0,True,False,False,0,7,21669,2586,14629,2024-10-22 07:28:30
175908833,english,good game,2024-09-27 22:54:23,True,0,0,True,False,False,0,1,8769,6,8722,2024-10-23 02:16:21
175908756,english,Rough,2024-09-27 22:52:43,True,0,0,True,False,False,40,14,3047,0,3047,2022-09-26 18:21:05
175908411,english,"good game
",2024-09-27 22:44:36,True,0,0,True,False,False,0,2,6498,3038,406,2024-10-26 01:58:06
175908336,english,"I have only played for 14 hours, even though the bosses can be difficult, this is still a super fun game!
I would definetly recommend",2024-09-27 22:42:32,True,0,0,True,False,False,0,4,2338,0,888,2024-10-07 09:00:34
175908191,english,Very fun game if you have oatience,2024-09-27 22:39:27,True,0,0,True,False,False,0,1,10323,54,10196,2024-10-15 23:24:35
175907765,english,"you just memorize unintuitive attack patterns of bosses and dodge into them with invuln frame rolls. they will do ridiculous movements like slowing down to the point of looking like theyre in slow motion and then speed up very fast. the game is very tedious if you dont look anything up or use summons, and extremely easy if you do either

side bosses in this open world are mostly reused attack patterns

this is the least satisfying gmae ive ever beaten. 

final boss is just a slug made of semen for some reason. this is about the most significant piece of ""story"" this game has. most dialogue is comically vague nonsense",2024-09-27 22:30:33,False,1,0,True,False,False,0,62,6328,0,6328,2024-09-27 22:24:02
175907471,english,This was my very first introduction to the souls franchise and i have to say i am very impressed this game has taken the spot of my favorite game of all time i plan to ply all of the other souls games and i hope to have just as good or a time,2024-09-27 22:24:10,True,0,0,True,False,False,0,4,2291,502,1335,2024-10-23 09:33:32
175907438,english,ptsd from elden beast,2024-09-27 22:23:22,True,0,0,True,False,False,21,12,8037,2019,6017,2024-10-26 09:35:20
175907399,english,Hard in the beginning but lots of fun,2024-09-27 22:22:38,True,0,0,True,False,False,0,2,565,4,498,2024-10-19 21:46:50
175907192,english,its alright i guess,2024-09-27 22:18:04,True,0,0,True,False,False,0,2,42277,0,42277,2024-09-24 21:50:55
175906764,english,I want to shoot myself,2024-09-27 22:09:09,True,0,0,True,False,False,0,27,1454,0,811,2024-10-12 03:12:29
175906706,english,"pain, pain and more pain. Whats better than that? trick question! answer was nothing (maybe ice cream)",2024-09-27 22:07:55,True,0,0,True,False,False,0,5,2417,0,1937,2024-10-10 21:41:47
175906460,english,"**Review of ""Elden Ring"": An Unforgettable Journey into a Vast, Enigmatic World**

As someone who has never ventured into the realm of ""souls-like"" games, I approached ""Elden Ring"" with a mix of apprehension and excitement. The hype surrounding it was palpable; from dazzling trailers to glowing reviews, it seemed that everyone was enamored with this masterpiece. I finally decided to take the plunge, and what an exhilarating ride it turned out to be! If you're contemplating purchasing this game, allow me to share my overwhelmingly positive experience and hopefully entice you to dive into this extraordinary adventure.

**A Visual Feast for the Senses**

From the moment I first stepped foot into the world of the Lands Between, I was utterly mesmerized by the game’s stunning visuals. ""Elden Ring"" boasts an artistic direction that seamlessly blends dark fantasy with lush open environments. The sprawling landscapes are meticulously crafted, each area distinct yet interconnected in ways that evoke curiosity and awe. Whether I was traversing vast fields dotted with wildflowers or navigating the intricacies of ancient ruins, every corner I turned unveiled breathtaking vistas that felt alive. Day and night cycles, weather changes, and the ethereal glow of distant landmarks added layers of immersion, making exploration not just a necessity but a joy!

**An Engaging Narrative That Captivates**

What struck me most about ""Elden Ring"" is its compelling narrative. It's clear that the minds behind the game—most notably Hidetaka Miyazaki and George R.R. Martin—brought an epic quality to the storytelling. The lore is rich and immersive, woven into the environment, character dialogues, and even item descriptions. As I encountered various beings in my journey—each with their own background and motivations—I was drawn deeper into an intricate tale of ambition, betrayal, and the search for power. The way the story unfolds is not reliant on traditional cutscenes; instead, it’s organically revealed through exploration and interaction, rewarding those curious enough to piece together the fragments of this grand saga.

**Gameplay that Exhilarates and Challenges**

Now, let’s talk about gameplay. Initially, I was intimidated by the reputation these types of games have for being brutally difficult. However, I found that ""Elden Ring"" presents a balanced challenge that, while demanding, never feels insurmountable. The combat mechanics are fluid and satisfyingly responsive, allowing for a range of play styles. Whether you favor a swift, agile approach or a more defensive, tank-like strategy, there’s room to mold your character to your liking.

What truly captivated me is the level of freedom ""Elden Ring"" affords players. I could venture down different paths, tackle challenges in any order, and indeed embrace failure as a learning curve rather than a roadblock. There’s something magical about stumbling upon a hidden dungeon or secret boss in the wilderness—every corner you explore feels rewarding.

**Customization: Your Adventure, Your Way**

In addition to the rich landscapes and thrilling encounters, ""Elden Ring"" offers an extensive character customization system. As I crafted my avatar, I was amazed at the variety of options available. From different classes and skill sets to a plethora of weapons and spells, the ability to personalize my adventure turned my character into a unique reflection of my play style. Choosing how to face the myriad of foes and obstacles was thrilling, and every choice felt significant.

**Multiplayer Elements that Enhance the Experience**

One of the charming aspects of ""Elden Ring"" is its multiplayer component. As a newcomer, I appreciated the ability to summon other players for assistance during challenging segments. This cooperative gameplay option not only provided support during difficult encounters but also fostered a sense of camaraderie in an otherwise solitary experience. In addition, the Ghost Summons mechanic allowed for moments of teamwork that made even the toughest bosses feel achievable. Sharing these victories with others heightened the overall enjoyment.

**An Unforgettable Atmosphere**

The atmosphere of ""Elden Ring"" deserves special mention. There’s a haunting quality to the sound design that perfectly complements the visuals. The score is sweeping and epic, perfectly capturing the essence of exploration and confrontation. Each sound—be it the rustling of leaves, the approach of a fearsome enemy, or the delicate plucking of strings during emotional moments—immersed me fully in this fantastical world. It’s a sensory experience that lingered long after I stepped away from my console.

**A Testament to Craftsmanship**

Ultimately, ""Elden Ring"" is more than just a game; it’s an experience—a testament to the power of video gaming as an art form. The meticulous attention to detail, the robust mechanics, and the profound storytelling come together to create a piece that transcends mere entertainment. For those of you considering this journey, prepare to lose yourself in a world that feels both hauntingly beautiful and alive. After my time with ""Elden Ring,"" I found not just a game but an entire universe filled with memories, triumphs, and a deep sense of wonder.

In conclusion, if you’re someone who is intrigued by adventure, captivated by storytelling, and excited to explore vast, mysterious worlds, ""Elden Ring"" is a must-have. Even as a newcomer, I can wholeheartedly say that this game has set a new standard for my gaming experiences. Don't just take my word for it; embark on this incredible journey yourself—you won’t regret it!",2024-09-27 22:03:13,True,0,0,True,False,False,107,32,3599,127,3212,2024-10-19 01:28:15
175906205,english,Amazing game,2024-09-27 21:58:04,True,0,0,True,False,False,0,1,22764,3450,15868,2024-10-25 23:58:28
175905825,english,this is a really good game,2024-09-27 21:50:24,True,0,0,True,False,False,0,3,3149,793,287,2024-10-26 03:15:55
175905630,english,good game very good game,2024-09-27 21:46:45,True,0,0,True,False,False,0,1,8398,1,8203,2024-10-24 07:11:45
175905550,english,The definition of disbalanced time waster is the perfect match for this game(isnt fun at all even if u play with friends),2024-09-27 21:45:10,False,0,0,True,False,False,31,6,7119,430,3131,2024-10-25 16:23:40
175904548,english,eldening,2024-09-27 21:24:49,True,1,0,True,False,False,0,1,4063,1372,394,2024-10-26 07:34:58
175904143,english,"I like this game, man it's got dogs it's got cats, uh don't try to pet them tho. Some of the bosses are hard I guess if you can't handle that. This lady eats these grapes you find it's very sweet. And uh, some of the messages you find are stupid but that's not on the game.",2024-09-27 21:16:48,True,1,0,True,False,False,0,5,2675,0,2450,2024-10-09 19:07:58
175903940,english,I just love it thats all.,2024-09-27 21:13:07,True,0,0,True,False,False,0,2,10382,1024,5125,2024-10-26 03:44:53
175903929,english,"Im just gonna start of with, HOLY CRAP THIS GAME IS GOOD. This game awesome, just crazy good.
The open world is just great, the music is insane, the bosses are crazy, IM IN LOVE. I would recomend
this game to enyone and evryone. Altho it dose take a beffy pc, for instance, i got elden ring in late 2023 when i had a crapy computer, after realising that it didnt work i borowed my friend spare laptop, so it requires a good computer/pc. If my friend didnt nead his laptop back i would probably bee playing this rn and would defentley have over 500 hours on the game. altho most elden ring players play on ps5 so yea. 9,5 out of 10 WOULD RECOMEND",2024-09-27 21:12:48,True,0,0,True,False,False,0,11,3015,0,3015,2024-02-10 01:55:12
175903712,english,yas ver good gam lov it so much!,2024-09-27 21:08:57,True,0,0,True,False,False,0,7,7699,25,7007,2024-10-20 01:32:34
175903210,english,e,2024-09-27 20:59:14,True,0,0,True,False,False,0,1,2614,101,1886,2024-10-24 21:57:27
175902790,english,This shit mostly blows goats,2024-09-27 20:50:45,False,1,0,True,False,False,0,4,762,0,762,2024-10-01 21:04:10
175902629,english,Great game would die again x100 :),2024-09-27 20:47:16,True,0,0,True,False,False,0,38,4106,0,274,2024-10-08 16:01:01
175902312,english,"Between PC and PS5, about 400 hours. Beat the game at rune level one. I have nearly every item, armor, weapon. Love the mods. Beat the game probably 6 times. The game is okay I think.",2024-09-27 20:41:24,True,0,0,True,False,False,0,2,1452,0,747,2024-10-04 04:34:10
175901363,english,its a good game im too weak to run it tho :<,2024-09-27 20:23:25,True,0,0,True,False,False,0,32,26,0,26,2024-09-27 20:18:09
175900981,english,is fun,2024-09-27 20:16:51,True,0,0,True,False,False,0,1,3830,213,3288,2024-10-14 20:33:57
175900940,english,Pretty good game I'm just honestly shite at it,2024-09-27 20:16:18,True,0,0,True,False,False,0,1,1573,0,1115,2024-10-06 12:17:21
175900349,english,DONT PLAY THIS GAME,2024-09-27 20:04:51,True,0,0,True,False,False,13,4,2938,678,421,2024-10-25 22:01:44
175900272,english,it's painful but like in a fun way,2024-09-27 20:03:35,True,0,0,True,False,False,84,38,3255,2452,275,2024-10-26 11:35:31
175899462,english,yes......,2024-09-27 19:50:01,True,0,0,True,False,False,91,2,7966,0,7965,2024-09-29 21:19:44
175899192,english,gorgeous game,2024-09-27 19:44:58,True,0,0,True,False,False,21,8,5061,586,4140,2024-10-26 10:14:09
175899173,english,"This game is a cinema, this game is the best game i have EVER played in my history of gaming. I usually like difficult games, i heard about elden ring and thougt ""this looks interesting"". God, i wasnt wrong. Now im addicted to soulsborne games.",2024-09-27 19:44:35,True,0,0,True,False,False,26,7,7863,180,6735,2024-10-13 20:02:22
175898799,english,bonk bonk shing shing ahhhhhhhhhhhhhh restart 50x wowoowowowowoow yuppieee big boy die haha again!!!!!!,2024-09-27 19:38:16,True,0,0,True,False,False,0,5,8702,0,8478,2024-09-29 13:44:18
175898691,english,"i love it
",2024-09-27 19:36:25,True,0,0,True,False,False,0,1,8918,342,3264,2024-10-19 11:06:01
175898656,english,"play this game with seamless co-op mod and its so much fun taking down huge bosses with friends, 9/10, would recommend",2024-09-27 19:35:55,True,0,0,True,False,False,0,8,4152,0,3297,2024-10-05 15:03:02
175897712,english,"very good, tho miyazachi likes feet a lil too much",2024-09-27 19:19:30,True,0,0,True,True,False,0,1,3485,285,1916,2024-10-26 00:01:37
175897441,english,very good but mimic tear shoulve been seperate spirit that its way summon clone shoul have been suummonable anywhere including pvp bc it is seperate spirit,2024-09-27 19:15:15,False,0,0,True,True,False,0,2,531,0,186,2024-10-04 16:19:25
175897008,english,"НЫА! :roflanEbalo: УДАР НЕ ПРОХОДИТ! :roflanEbalo: БАБАДЗАКИ УБИЛ МЕНЯ ЛИЧНО! :roflanEbalo: ДА Я НЕ ПОНИМАЮ! :roflanEbalo: БЛЯТЬ, НУ КАК??? :roflanEbalo: ИГРА СЛОМАНА, НАЙС БАЛАНС! :roflanEbalo:",2024-09-27 19:07:24,True,0,0,True,False,False,56,9,11461,846,10205,2024-10-21 22:12:45
175896797,english,"Bought the game a while ago and was starting to get the hang of the mechanics after playing a few hours... Then there was an update that occurred and my controller was no longer recognized by the game.  Tried several online suggestions, up to and including unplugging all USB devices except for my main controller and the game still doesn't recognize controller inputs.

Since this is the only game in my Steam library that has this issue, this denotes a problem with the PC port.  I've given up fighting with the system to get the controls working for this one game and will just mark the game as Not Recommended.  This may change in the future if the devs take any interest in resolving the controller issue.  There are enough tutorials online for setting up controllers for this game and complaints that controllers aren't working that I'm comfortable in saying that this is not an isolated issue to only me.",2024-09-27 19:03:54,False,0,0,True,False,False,0,2,197,6,191,2024-10-21 13:39:38
175896626,english,This is a MASTER PIECE.,2024-09-27 19:00:47,True,0,0,True,False,False,48,7,10083,0,10079,2024-10-08 18:35:33
175896176,english,"I really want to love this game since I've missed the peak of Dark Souls 3 multiplayer activity, but the game is making it really hard to do so. I was hoping that the multiplayer would be at least as good that of the Dark Souls 3, since they reuse so much with each new entry in the series, but, somehow, they've managed to make the connections even worse, even with the limit of just 4 players in the world and less online activity due to invasion restriction to only coop-ing players.... Blue summons seem like an after thought having no lore behind them and being hidden in a place where hopefully no one will pay attention to them. What is this crap? It was release in 2022! The fact that a MOD can fix all 3 of these things looks just pathetic from FromSoftware's side that could not manage in the years prior to release and the 3 years after.

After almost 3 years, there are still so many bugs where items are not doing what they're supposed to do, lying in the description, ridiculous hidden scaling of weapons and so on that can only be discovered by looking at the values in cheat engine is astonishing! The DLC even added more of them!

There are still lots of performance issues, support does not answer to them, sometimes the game requires a restart just because you've dared to try to invade!, but the connection ""failed"", for some reason, before you even left your world and you get locked to 1 fps out of nowhere. There is no playstation gamepad support built in, you have to use steam input and then a mod to change the icons!

Besides that, the world feels very empty after the first playthrough, the exploration is not rewarding at all. I've completed two playthroughs, dlc included, and I just don't see the point of finishing my third one half way through the dlc. Most of the items are crafting and spirit summons related items. If you use these, then the game becomes boringly easy. If you explore too much, gain too many runes and upgrade, the bosses become pushovers. Playing with friends in coop, again make everything a pushover due to how bad the AI is when there is a second entity in existence, so what's even the point of all the multiplayer? Sprinkling a little bit of extra health won't fix a fundamental issue in the AI of the game...

The magic is, as it's always been in the souls series, ""use the same 3-4 spells the entire game, because the others are not worth it"" and requires mods for it to be of any interest. Most of the ashes of war are useless.

For the positives, the world is gorgeous, the story - amazing, it's more souls with the new jumping mechanic and an open world.

I was really expecting better for a possibly last souls like from FromSoftware. Quite disappointed. As consumers, we must speak against bullshit like this. Otherwise, game will never be good again.",2024-09-27 18:53:01,False,1,0,True,False,False,90,3,40209,0,40209,2024-09-30 20:37:54
175896150,english,Fire Giant stinks,2024-09-27 18:52:42,True,0,0,True,False,False,0,7,3650,823,2056,2024-10-26 11:48:17
175895955,english,Best,2024-09-27 18:49:09,True,0,0,True,False,False,0,1,25234,207,22612,2024-10-26 09:33:17
175895905,english,17 hours into the game and i only have one trophy unlocked. Nice,2024-09-27 18:48:17,True,1,0,True,False,False,0,12,3200,81,1070,2024-10-24 03:45:39
175895345,english,"do not play this shit, i seized, had an aneurysm, and sent my gradnmother to the hospital because of this game",2024-09-27 18:38:36,False,1,0,True,False,False,30,6,634,0,592,2024-09-29 17:37:47
175894772,english,"elden ring of die, respawn, die even quicker",2024-09-27 18:27:38,True,0,0,True,False,False,0,17,5062,0,5062,2024-09-27 01:55:02
175894655,english,,2024-09-27 18:25:21,True,0,0,True,False,False,0,2,7961,0,7870,2024-09-28 11:12:43
175894036,english,">_<
HEhehe",2024-09-27 18:15:01,True,0,0,True,False,False,0,5,990,255,735,2024-10-25 21:31:52
175893510,english,Good if you like hitting walls.,2024-09-27 18:05:32,True,0,0,True,False,False,0,32,24443,0,24418,2024-10-04 17:50:01
175893488,english,one of the greatest game ever made,2024-09-27 18:05:09,True,1,0,True,False,False,195,6,11803,0,11803,2024-08-29 08:05:47
175893425,english,Υ,2024-09-27 18:04:08,True,0,0,True,False,False,0,1,10288,3396,1889,2024-10-25 21:37:30
175891029,english,"I dreamt for so long.
My flesh was dull gold...and my blood, rotted.
Corpse after corpse, left in my wake...
As I awaited... his return.
... Heed my words.
I am Malenia. Blade of Miquella.
And I have never known defeat.


Wait.
The scarlet bloom flowers once more
You will witness true horror.
Now, rot!



Your strength, extraordinary...
The mark...of a true Lord...
O, dear Miquella...
O, dearest Miquella, my brother...
I'm sorry. I finally met my match...",2024-09-27 17:27:48,True,0,0,True,False,False,55,8,4632,0,4632,2024-09-27 17:19:03
175890994,english,like,2024-09-27 17:27:14,True,0,0,True,False,False,403,10,2819,0,2819,2024-09-02 18:31:40
175890638,english,"Ahhh, may chaos take the world! May chaos take the world!",2024-09-27 17:21:25,True,0,0,True,False,False,0,6,8718,0,8346,2024-10-11 18:38:15
175890448,english,tws,2024-09-27 17:18:43,True,0,0,True,False,False,0,1,2128,145,375,2024-10-21 01:05:55
175889902,english,It's okay.,2024-09-27 17:10:20,True,0,0,True,False,False,0,7,14966,0,14819,2024-09-27 20:36:04
175889785,english,Behold rump,2024-09-27 17:08:26,True,1,0,True,False,False,0,20,3995,573,2967,2024-10-26 04:20:48
175888261,english,Easy,2024-09-27 16:44:25,True,0,0,True,False,False,63,3,15509,942,12496,2024-10-23 19:41:59
175886684,english,Shits good play it,2024-09-27 16:20:41,True,0,0,True,False,False,0,1,8566,815,5805,2024-10-26 11:20:39
175886521,english,best game ive ever played :),2024-09-27 16:18:17,True,0,0,True,False,False,0,2,32545,0,32505,2024-09-27 17:01:06
175885698,english,i want to use the neuralyzer on myself,2024-09-27 16:05:38,True,0,0,True,False,False,95,19,793,18,774,2024-10-25 19:23:17
175885446,english,mid,2024-09-27 16:01:34,True,0,0,True,False,False,143,18,6387,0,467,2024-10-11 00:30:50
175885026,english,I played this for a little bit so far and I quite enjoy it.,2024-09-27 15:55:44,True,0,0,True,False,False,786,34,11796,0,11796,2024-07-19 05:43:25
175884392,english,"WTF
👍",2024-09-27 15:45:54,True,0,0,True,False,False,11,7,12520,3181,8688,2024-10-24 19:36:35
175884208,english,hit boxes no good,2024-09-27 15:43:09,True,0,0,True,False,False,0,7,7174,0,659,2024-10-11 17:31:29
175883565,english,its ight,2024-09-27 15:34:11,True,0,0,True,False,False,79,9,14688,1116,12149,2024-10-25 17:41:48
175883247,english,it good i hate fia,2024-09-27 15:29:26,True,0,0,True,False,False,12,1,6228,725,2565,2024-10-20 03:02:36
175882803,english,"It's a very, very good game. I have played it for about 100 hours and I loved it form the very beginning. It was a little bit confusing at first, but the more you play the more you understand.

The story is amazing and extremely interesting. Its a bit hard knowing where and how to find the questlines, so I highly recommends guides for it. 

The graphics are top notch, it has very beautiful scenery and amazing details. Everything from clothes, weapons, building and the nature itself. 

Gameplay and mechanics take some time master, but are designed very well overall. There are many weapons and spells you can use to your advantage. 
Levelling up might be a tad slow at the end because of how many runes (levelling material) you need, but the further you progress in the game, the more runes the enemies drop.    

I would easily say that Elden Ring is one of my favourite game of all time.",2024-09-27 15:22:51,True,0,0,True,False,False,0,1,7662,0,7028,2024-10-03 16:38:06
175882667,english,"Game doesn't just piss me off with the bosses, it taught me how to predict and learn moves, I love this game so much",2024-09-27 15:20:42,True,0,0,True,False,False,0,6,7186,2823,424,2024-10-26 08:44:47
175882083,english,Guts Sword.,2024-09-27 15:11:36,True,1,0,True,False,False,0,3,5613,0,5252,2024-09-28 10:44:16
175881820,english,"My playthrough times for the Dark Souls games:
Dark Souls - 68 hours
Dark Souls II - 90
Dark Souls III - 105

ELDEN RING -- 410 hours... WTF  FromSoftware/Bandai Namco???
Miyazaki,  what the hell?? Where did my summer go? I don't remember it. Give me my summer back!

The DARK SOULS series is a masterpiece. Every moment, every area is unique. But in ELDEN RING, 200 hours is just aimless wandering through empty spaces :/",2024-09-27 15:08:00,True,12,1,True,False,False,98,81,24615,0,24615,2024-09-16 03:39:19
175879713,english,"The fire giant isn’t wearing a skirt, those are his pubes.",2024-09-27 14:35:43,True,2,0,True,False,False,0,2,4064,2316,243,2024-10-26 03:05:51
175878591,english,Dude i hate this game but its good i love it,2024-09-27 14:18:47,True,2,0,True,False,False,26,9,920,218,287,2024-10-25 16:07:03
175877736,english,mommy,2024-09-27 14:05:28,True,1,1,True,False,False,0,1,336,0,336,2024-09-27 14:00:50
175876875,english,This is not just a game its a lifestyle .Would reccomend 10/10,2024-09-27 13:51:09,True,1,0,True,False,False,27,3,2133,0,1364,2024-09-30 18:57:45
175876571,english,GOAT,2024-09-27 13:46:09,True,1,0,True,False,False,53,31,9753,202,8180,2024-10-20 14:40:46
175876174,english,fun,2024-09-27 13:39:08,True,0,0,True,False,False,0,1,1235,0,1225,2024-09-27 14:55:34
175874092,english,its amazing,2024-09-27 13:04:07,True,0,0,True,False,False,92,4,5002,316,1126,2024-10-22 19:38:08
175873793,english,"Ramsay should learn cooking from Miyasaki-san.
Play this only if you hate mental peace, and want to lose time faster than sanity.",2024-09-27 12:58:48,True,0,0,True,False,False,0,1,44348,0,44318,2024-10-06 21:23:15
175873636,english,nice,2024-09-27 12:56:04,True,0,0,True,False,False,0,1,1324,0,402,2024-10-06 10:03:26
175872196,english,.,2024-09-27 12:30:48,True,0,0,True,False,False,0,1,1529,21,323,2024-10-18 18:48:49
175872005,english,"LIke souls but a little more forgiving
",2024-09-27 12:27:18,True,0,0,True,False,False,0,3,1536,0,545,2024-09-28 05:01:03
175871920,english,good,2024-09-27 12:25:41,True,0,0,True,False,False,0,1,3217,6,982,2024-10-18 20:28:43
175871755,english,nice,2024-09-27 12:22:59,True,0,0,True,False,False,0,2,8249,3598,281,2024-10-26 10:33:02
175871736,english,самая лучшая игра в мире,2024-09-27 12:22:30,True,0,0,True,False,False,22,1,10457,3,10353,2024-10-24 19:49:22
175871166,english,aaaaaaaaaaaaaaaaaaaaaa,2024-09-27 12:11:58,True,0,0,True,False,False,0,4,6971,50,6235,2024-10-13 14:36:28
175870170,english,"good
",2024-09-27 11:51:29,True,0,0,True,False,False,0,1,12263,365,10017,2024-10-19 05:57:54
175868981,english,the boss fights make me want to rip my eye lids of and tattoo my eye balls    10/10 would recommend,2024-09-27 11:25:52,True,0,0,True,False,False,49,19,4696,844,616,2024-10-19 07:42:21
175868116,english,peak.,2024-09-27 11:04:54,True,0,0,True,False,False,4,2,6402,2420,551,2024-10-25 15:12:58
175867858,english,The performance is still bad if you dudn't have best PC in the world i don't recoment thus game.,2024-09-27 10:58:46,False,1,0,True,False,False,0,12,246,0,219,2024-09-27 18:04:40
175867680,english,"Probably one of the best video games ever made, and my personal greatest of all time thus far. A must have for those into fantasy, combat, build-crafting, exploration, collecting and so on",2024-09-27 10:54:57,True,1,0,True,False,False,0,15,50332,0,50332,2024-07-11 06:41:57
175867677,english,Listen you f*ckers you scr*wheads here is a man who would not take it anymore a man who stood up against the sc*m the c*nts the dogs the filth the sh*t here is a man who stood up,2024-09-27 10:54:52,True,0,0,True,False,False,0,2,14020,5236,976,2024-10-26 11:37:55
175867582,english,enjoy the journey,2024-09-27 10:52:42,True,0,0,True,False,False,10,2,14048,725,12745,2024-10-22 11:54:36
175867459,english,its really good but it refunded itself,2024-09-27 10:49:36,True,0,0,True,True,False,32,6,264,0,59,2024-10-07 20:06:16
175867243,english,"As a person who hasn't played any souls games before Elden Ring is an amazing game to get into the series as a whole imo. Everything about this game as absolutely wonderful, from the ambience to the world building and lore. The combat is varied enough to seemingly make any build work. The only complaint I have is with the absence of PS4 controller button overlays, but that doesn't stop the game from being an absolute 11/10 :>",2024-09-27 10:43:45,True,1,0,True,False,False,0,3,9900,3762,2485,2024-10-26 11:50:05
175866881,english,This is an amazing game. This was my first souls game and I had a lot of fun. Definitely gonna play more souls game now :3,2024-09-27 10:35:08,True,11,4,True,False,False,156,12,16897,0,16897,2024-09-27 10:29:08
175866863,english,"best game ever
",2024-09-27 10:34:39,True,0,0,True,False,False,0,1,19697,0,18839,2024-10-05 03:57:04
175866098,english,ool game,2024-09-27 10:15:01,True,1,0,True,False,False,12,1,776,43,600,2024-10-20 19:14:52
175865141,english,GOOD,2024-09-27 09:50:54,True,0,0,True,False,False,0,5,6762,0,916,2024-10-06 22:37:12
175863809,english,owie,2024-09-27 09:17:18,True,0,0,True,False,False,0,7,21052,727,19711,2024-10-25 22:17:51
175863740,english,"Good Game
",2024-09-27 09:15:19,True,0,0,True,False,False,23,3,1599,1,523,2024-10-24 12:17:56
175863612,english,"The greatest game i've touched in a long damn time. Love the gameplay, the progression and the story. Get it.",2024-09-27 09:11:52,True,0,0,True,False,False,207,31,4708,0,2769,2024-10-04 13:29:05
175863532,english,"This game has given me patience, power not to give up and mental issues. As my first soul like game, this is peak. Favorite game so far, however sad with deaths of some characters and creepy with some lore.",2024-09-27 09:09:31,True,0,0,True,False,False,11,2,9374,4029,7105,2024-10-25 11:59:04
175862588,english,אשכרה מטורף אחי,2024-09-27 08:43:12,True,0,0,True,False,False,0,3,3477,164,1590,2024-10-15 09:49:57
175862464,english,future me did i beat it?,2024-09-27 08:40:25,True,0,2,True,False,False,71,27,5915,51,2897,2024-10-16 15:44:48
175862366,english,fav game of all time love this  just love this,2024-09-27 08:37:11,True,0,0,True,False,False,0,13,12163,55,12108,2024-10-13 06:13:37
175860689,english,bao,2024-09-27 07:52:54,True,0,0,True,False,False,63,16,10055,1194,2974,2024-10-26 07:58:26
175859949,english,been called tarnished more than ily,2024-09-27 07:32:33,True,0,0,True,False,False,133,8,3526,183,1454,2024-10-13 12:56:09
175859704,english,good,2024-09-27 07:25:41,True,0,0,True,False,False,0,2,3711,141,725,2024-10-20 08:18:07
175859487,english,"very good, would play 1000 more times",2024-09-27 07:17:49,True,0,0,True,False,False,0,1,2638,267,892,2024-10-21 01:58:40
175859113,english,BUY IT NOW IDGAF IF YOUR BROKE,2024-09-27 07:06:16,True,0,0,True,False,False,5,3,21735,3191,14745,2024-10-26 04:59:11
175858338,english,gud,2024-09-27 06:42:33,True,0,0,True,False,False,0,1,2248,0,2248,2024-09-27 06:41:00
175857521,english,The controls are an affront to god but the games worth every problem,2024-09-27 06:16:45,True,0,0,True,False,False,205,9,8516,1343,4884,2024-10-26 07:45:29
175857268,english,"Swore I'd never touch this game again after having a bumpy start years ago, now I can say with certainty that this is the best game I've ever touched. Absolute peak. $60 changed the way I look at life. Recommend it through and through",2024-09-27 06:08:39,True,0,0,True,False,False,0,3,10366,1459,6315,2024-10-24 04:03:31
175856843,english,back at souls game.,2024-09-27 05:56:02,True,0,0,True,False,False,0,2,6411,128,2973,2024-10-13 12:00:52
175856804,english,"I like this game.
I like Ranni.
Ranni good.
Game good.
Go buy.",2024-09-27 05:54:45,True,0,0,True,False,False,255,19,46566,0,46536,2024-09-28 17:22:17
175856238,english,yet only played five hour but hell there's allot to  explore,2024-09-27 05:38:05,True,0,0,True,False,False,0,4,3170,422,304,2024-10-19 21:27:05
175855953,english,great game,2024-09-27 05:29:03,True,0,0,True,False,False,178,40,3225,1619,570,2024-10-21 17:09:47
175855824,english,👍🏻,2024-09-27 05:24:35,True,0,0,True,False,False,495,35,8739,0,8739,2024-07-21 02:40:07
175855015,english,best game ever!!!!!!!!!!!,2024-09-27 05:00:00,True,0,0,True,False,False,0,2,83593,146,82874,2024-10-20 21:28:34
175854780,english,Game is fire,2024-09-27 04:53:44,True,0,0,True,False,False,0,4,5325,594,287,2024-10-24 02:01:30
175854575,english,Keep rollin rollin rollin rollin,2024-09-27 04:47:43,True,0,0,True,False,False,44,11,1575,0,1451,2024-10-06 19:46:45
175854567,english,"ELDERLY RING
",2024-09-27 04:47:28,True,0,0,True,False,False,0,1,24804,0,24545,2024-10-11 01:39:26
175853937,english,Best game I have ever played.,2024-09-27 04:29:53,True,0,0,True,False,False,0,1,4704,177,3410,2024-10-26 00:34:25
175853915,english,why is it always sadness?,2024-09-27 04:29:10,True,0,0,True,False,False,0,2,3284,613,2090,2024-10-26 11:57:08
175853777,english,Playing soulslikes is good for the soul.,2024-09-27 04:24:31,True,0,0,True,False,False,0,8,241,0,192,2024-09-27 21:34:51
175853288,english,"First souls game ever played, punched my monitor a few times, would def recommend 10/10",2024-09-27 04:11:08,True,0,0,True,False,False,0,1,11750,0,11719,2024-10-04 04:35:52
175853025,english,pickle,2024-09-27 04:04:18,True,0,0,True,False,False,27,7,5315,337,4424,2024-10-26 00:45:06
175852950,english,"Whenever I hear someone say "" I am malenia, blade of miquella"" I immediatly drop down onto the floor and start screaming. 11/10 worth the trauma.",2024-09-27 04:02:27,True,0,0,True,False,False,0,5,24244,4240,15791,2024-10-26 01:28:43
175851465,english,"Worthy evolution in the Souls series. Hits all the marks and is very immersive and distracting from whatever main task you have planned out at the time. I'm still relatively early in the game, just got into the 2nd zone and that's when the vastness of this game sets in. The world is huge with things to collect or discover in every corner. It has some clunky ""souls"" mechanics, but that's part of the charm. There is a lot to learn and you will get stuck eventually. You will need guides to find everything and do stuff in the correct order, so start studying and make a playlist you can go back to for the longer chained quests. Even with the guides, the sense of self discovery is still there. My advice: learn how to craft the Gold pickled fowl foot as soon as possible, and find a safe rune farm method. You will need a LOT.",2024-09-27 03:20:58,True,0,0,True,False,False,0,7,3570,870,1207,2024-10-19 06:25:40
175850571,english,I wasn't a Souls-like fan when I bought this. I am now 10/10,2024-09-27 02:58:06,True,0,0,True,False,False,244,31,20311,0,20311,2024-09-27 02:56:44
175850228,english,Very great things,2024-09-27 02:49:18,True,0,0,True,False,False,0,5,25761,0,25761,2024-08-20 22:56:10
175850187,english,"⠛⠛⣿⣿⣿⣿⣿⡷⢶⣦⣶⣶⣤⣤⣤⣀⠀⠀⠀
⠀⠀⠀⣿⣿⣿⣿⣿⣿⣿⣿⣿⣿⣿⣿⣿⣿⣷⡀⠀
⠀⠀⠀⠉⠉⠉⠙⠻⣿⣿⠿⠿⠛⠛⠛⠻⣿⣿⣇⠀
⠀⠀⢤⣀⣀⣀⠀⠀⢸⣷⡄⠀⣁⣀⣤⣴⣿⣿⣿⣆
⠀⠀⠀⠀⠹⠏⠀⠀⠀⣿⣧⠀⠹⣿⣿⣿⣿⣿⡿⣿
⠀⠀⠀⠀⠀⠀⠀⠀⠀⠛⠿⠇⢀⣼⣿⣿⠛⢯⡿⡟
⠀⠀⠀⠀⠀⠀⠀⠀⠀⠀⠦⠴⢿⢿⣿⡿⠷⠀⣿⠀
⠀⠀⠀⠀⠀⠀⠀⠙⣷⣶⣶⣤⣤⣤⣤⣤⣶⣦⠃⠀
⠀⠀⠀⠀⠀⠀⠀⢐⣿⣾⣿⣿⣿⣿⣿⣿⣿⣿⠀⠀
⠀⠀⠀⠀⠀⠀⠀⠈⣿⣿⣿⣿⣿⣿⣿⣿⣿⡇⠀⠀
⠀⠀⠀⠀⠀⠀⠀⠀⠀⠙⠻⢿⣿⣿⣿⣿⠟⠁

569856356th attempt on Malenia",2024-09-27 02:48:14,True,0,0,True,False,False,9,4,11849,33,8370,2024-10-17 07:02:59
175849994,english,"From the moment you step into the vast, enigmatic world of Elden Ring, it’s clear that you’re experiencing something truly extraordinary. This is not just another game; it’s a monumental achievement in the realm of open-world RPGs that sets a new standard for the genre.

The first thing that will strike you is the sheer scale and beauty of the world. Elden Ring boasts an expansive, meticulously crafted landscape that is both breathtaking and awe-inspiring. Every corner of the Lands Between is filled with intricate details, from the sprawling, otherworldly vistas to the richly adorned dungeons. The sense of wonder and discovery never fades as you traverse through its diverse environments, each more captivating than the last.

The game's design encourages exploration and curiosity. There’s a magical quality to the freedom it offers; you’re not just guided along a predetermined path but are instead invited to forge your own journey. The interconnected world is seamless, and every encounter, whether it’s with formidable foes or hidden treasures, feels like a reward for your adventurous spirit.

The depth of the lore and storytelling in Elden Ring is nothing short of extraordinary. Crafted by the visionary minds at FromSoftware in collaboration with George R.R. Martin, the narrative is as rich and complex as the world itself. The lore is deeply immersive, providing a tapestry of history, myth, and intrigue that keeps you invested and constantly hungry for more. The sense of history and the enigmatic lore are presented in a way that feels both grand and intimately personal.

Combat in Elden Ring is a masterclass in design. It combines the precision and challenge that FromSoftware is renowned for with new layers of strategy and flexibility. The combat system is not only fluid and exhilarating but also incredibly rewarding. Each encounter is a test of skill and strategy, making every victory feel like a significant achievement. The array of weapons, magic, and abilities allows for a level of customization and personalization that caters to a wide range of playstyles.

Character progression and customization are equally impressive. The vast array of options available means you can truly shape your character into your own vision of a hero, whether you prefer to wield a massive sword, conjure powerful spells, or stealthily maneuver through the shadows. This level of freedom in how you develop and play your character ensures that every player’s experience is unique and deeply satisfying.

The artistry in Elden Ring extends beyond its visual and auditory presentation. The soundtrack is a powerful and evocative accompaniment to the journey, enhancing the emotional impact of every moment. The hauntingly beautiful score perfectly complements the game’s atmosphere, drawing you deeper into its mystical world.

Elden Ring isn’t just a game; it’s an experience that redefines what’s possible in the open-world RPG genre. It is a masterwork of design, storytelling, and innovation that will be remembered and celebrated for years to come. Whether you’re a seasoned fan of FromSoftware’s games or new to their world, Elden Ring offers an unforgettable journey that is nothing short of transcendent. This is a must-play title that will captivate, challenge, and inspire anyone who dares to enter the Lands Between.


-lawson",2024-09-27 02:42:10,True,0,1,True,False,False,85,24,3330,1551,748,2024-10-26 00:50:19
175849483,english,"hard game.
make me wanna k m s game.
fun game.
epic game.

great game.
buy
it cool.",2024-09-27 02:28:40,True,0,0,True,False,False,0,5,938,0,793,2024-09-30 02:16:46
175849222,english,hard like me ;),2024-09-27 02:22:21,True,0,0,True,False,False,0,4,885,0,660,2024-09-29 07:17:48
175849199,english,"Try Finger, But Hole",2024-09-27 02:21:45,True,0,0,True,False,False,0,2,10468,0,10468,2024-07-07 20:13:32
175848944,english,Fun but challenging game if you are into that,2024-09-27 02:15:59,True,0,0,True,False,False,0,2,10478,332,10090,2024-10-23 01:01:10
175848717,english,YES!,2024-09-27 02:09:36,True,0,0,True,False,False,0,20,7852,0,7824,2024-09-29 04:14:16
175848625,english,GOOD,2024-09-27 02:06:53,True,0,0,True,False,False,0,1,8084,1195,1106,2024-10-25 02:04:14
175848552,english,Best game,2024-09-27 02:05:14,True,0,0,True,False,False,0,1,3071,1060,1396,2024-10-16 01:18:44
175847741,english,I eated the elden ring,2024-09-27 01:43:36,True,1,0,True,False,False,0,9,23872,3365,18538,2024-10-25 21:43:58
175847631,english,elben ding,2024-09-27 01:40:43,True,0,0,True,False,False,0,2,12783,0,12782,2024-10-03 18:32:43
175847446,english,what the hell has happened with this latest patch?....cannot even load the game up,2024-09-27 01:36:18,False,0,0,True,False,False,9,3,23661,0,23437,2024-10-10 23:16:43
175847341,english,hawk tuah ring,2024-09-27 01:33:30,True,0,0,True,False,False,0,5,59757,2936,53941,2024-10-26 06:32:36
175847188,english,amazing.,2024-09-27 01:29:15,True,0,0,True,False,False,0,1,31186,17,30987,2024-10-17 00:31:23
175846973,english,"game sucks i cant have sex with any of the bosses):
",2024-09-27 01:22:37,False,1,0,True,False,False,0,12,213,0,193,2024-09-27 01:42:40
175846552,english,"I tried avoiding the dark souls games, yet I got into elden ring. I tend to avoid these types of RPG style games, though I have been finding myself binge playing this one lately! So frustrating , yet so rewarding -- , well done",2024-09-27 01:11:28,True,0,0,True,False,False,0,45,4037,1252,1333,2024-10-26 00:53:47
175846444,english,I push rock up hill,2024-09-27 01:08:14,True,1,0,True,False,False,192,12,10425,607,9722,2024-10-25 04:53:34
175846403,english,"Build up points for hours then lose them over and over again! otherwise graphic amazing gameplay fun tons of waysted loss of points

",2024-09-27 01:07:06,False,0,0,True,False,False,246,9,1154,0,665,2024-10-07 03:53:33
175846106,english,"If you're a fan of Soulsborne games, or any game that offers difficult combat and a great story for that matter, then you'll love Elden Ring. Not only does this game offer a wide array of unique enemies and bosses, but it also has many different weapons, spells, incantations and fighting styles that are perfect for the development of a huge variety of builds, from obliterating enemies with a Kamehameha, or whacking them in the face with a Guts-style greatsword. Plus, if you find the game to be too difficult then there's also a ton of both NPCs and real players that you can summon to help you. Honestly, you should be playing this game right now instead of reading my review.",2024-09-27 00:59:51,True,0,0,True,False,False,0,1,15204,4406,5362,2024-10-26 03:19:28
175845873,english,10/10 Miyazaki is the cooker frfr,2024-09-27 00:54:03,True,0,0,True,False,False,0,14,10175,0,10175,2024-09-21 02:35:25
175845376,english,Shadow of the Erdtree = Radagon Butthole,2024-09-27 00:40:52,True,0,0,True,False,False,89,11,1379,3,1309,2024-10-15 20:30:29
175844920,english,best game ever,2024-09-27 00:28:41,True,0,0,True,False,False,0,1,11051,5912,684,2024-10-25 23:13:07
175844526,english,good,2024-09-27 00:17:46,True,0,0,True,False,False,17,5,3888,1128,396,2024-10-20 00:39:29
175844114,english,🤤,2024-09-27 00:06:27,True,0,0,True,False,False,0,2,6355,1826,2569,2024-10-25 23:46:52
175844033,english,good game,2024-09-27 00:04:29,True,0,0,True,False,False,0,1,7294,0,7160,2024-10-04 15:02:53
175843816,english,10/10,2024-09-26 23:59:55,True,0,0,True,False,False,0,10,8333,0,6667,2024-10-07 19:02:12
175843510,english,Super good,2024-09-26 23:51:54,True,0,0,True,False,False,37,2,4023,1272,963,2024-10-26 09:56:37
175842663,english,i truly now know the meaning of what its like to get molested just because of this very game,2024-09-26 23:30:22,True,0,0,True,False,False,0,38,2777,0,1353,2024-10-04 01:01:53
175842529,english,One of the best!,2024-09-26 23:27:02,True,0,0,True,False,False,0,23,7939,4496,379,2024-10-26 12:05:24
175842216,english,"The best game i have ever played. if i could only play one game the rest of my life it would be Elden ring, death to fps rejoices for Elden ring is here Tarnished.",2024-09-26 23:18:35,True,0,0,True,False,False,0,5,8066,315,7042,2024-10-23 18:41:46
175841771,english,good game,2024-09-26 23:06:20,True,0,0,True,False,False,0,1,4164,176,1719,2024-10-20 05:35:10
175841606,english,"Game is really good, but not as good as people would have you believe. Open world feels empty at times. Crazy pop in and buggy shadows. The camera sucks. Some bosses are really lame. Copy and paste enemies.
Weakest of all the souls games imo.
",2024-09-26 23:01:59,True,0,0,True,False,False,77,73,1203,0,979,2024-10-02 12:35:57
175841313,english,Best DLC of all time.,2024-09-26 22:53:35,True,0,0,True,False,False,166,4,8460,0,8407,2024-10-02 04:01:50
175841181,english,die die die and continue dying but for some stupid reason you get back up,2024-09-26 22:50:25,True,0,0,True,False,False,0,10,344,0,181,2024-09-28 22:52:13
175840985,english,"Great Graphics, good sound, I wish the lore in the game was a bit more obvious, so I knew what I was doing there, and what changes I cause as I proceed. Gameplay-wise, I wish there were an easier mode where you take less damage from attacks; dying because you missed only three attacks is aggravating after a while: don't change a thing, except giving us 50% more health to work with.",2024-09-26 22:44:44,True,0,0,True,False,False,0,2,9286,1954,1424,2024-10-25 16:59:22
175840663,english,if   you   like  getting   fisted   then  this   game  is   for  you,2024-09-26 22:36:20,True,1,0,True,False,False,0,3,1081,0,1032,2024-09-27 02:12:02
175840562,english,nice,2024-09-26 22:33:58,True,0,0,True,False,False,0,6,1817,0,1811,2024-09-27 16:52:39
175839046,english,This is not a game for the un-experienced combat players. it is very hard at most times and is also not a game for people who get mad easily because trust me you'll get mad a lot from what I've seen. i struggled for a good 25 minutes killing the guy with rose looking flowers for a weapon once you get outside the caves. but other then it being very hard it's a good game,2024-09-26 21:58:45,True,0,0,True,False,False,0,1,112,0,64,2024-09-27 00:00:36
175838944,english,"Mohg told me I have to like this or I'm going back in the pod

No, genuinely one of the top ten games of all times - I doubt any other FromSoft title will be so universally likeable. Bloodbourne is wonderful but very dark (like visually), Dark Souls are great but limited in scope. ER is perfect. Truly the ultimate soulsbourn game.

Across the fogs, to the lands between....",2024-09-26 21:56:31,True,0,0,True,False,False,0,34,16776,109,16667,2024-10-23 08:17:00
175838099,english,its ok i guess,2024-09-26 21:38:19,True,0,0,True,False,False,97,1,83715,5246,69400,2024-10-26 06:43:55
175837761,english,The best game i have ever played hands down,2024-09-26 21:31:21,True,0,0,True,False,False,0,1,14087,0,14040,2024-09-26 22:54:26
175837671,english,fantastic game. 10/10,2024-09-26 21:29:25,True,0,0,True,False,False,0,6,7165,15,7000,2024-10-23 15:05:07
175837244,english,the gameplay loop gets repetitive and extremely boring with all the dungeons and reused enemies from past souls games... couldnt care finishing it,2024-09-26 21:20:23,False,0,0,True,False,False,237,47,442,0,442,2024-01-05 13:58:47
175836879,english,"In the siofra river area, there are 8 totems that must be lit before you can get a reward. I was unable to find the last 2 of these, and all the while being killed by dirty stinky little enemies that were not hard or difiicult, however as I was getting increasingly frustrated i could not help but fucking LOSE MY GODDAMN MIND and I think the game and it's developers deserve nothing but the worst and I hope they get it. Awful game they should have made it better if they wanted a good review",2024-09-26 21:11:53,False,0,0,True,False,False,86,6,6271,2395,1137,2024-10-25 16:35:06
175836571,english,My new hyperfixation,2024-09-26 21:05:30,True,0,0,True,False,False,0,1,27470,12793,12427,2024-10-26 01:15:51
175836534,english,"promised consort radahn is my favorite boss, i mean this",2024-09-26 21:04:42,True,0,0,True,False,False,55,25,6218,0,6218,2024-09-16 07:11:39
175836328,english,"this game gives me severe depressions
would recommend",2024-09-26 21:00:21,True,0,0,True,False,False,0,1,5160,801,3308,2024-10-24 16:32:27
175836043,english,"Very intresting story, good fighting mechanics and very intense fights",2024-09-26 20:54:37,True,0,0,True,False,False,0,1,1463,0,393,2024-10-12 08:14:24
175835668,english,Best game. 100% deserves GOTY,2024-09-26 20:47:39,True,0,0,True,False,False,0,1,7305,0,7086,2024-09-29 16:45:52
175835588,english,smexy,2024-09-26 20:46:15,True,0,0,True,False,False,0,3,352,0,281,2024-09-29 16:47:10
175835094,english,This game is amazing,2024-09-26 20:37:18,True,0,0,True,False,False,0,9,469,20,233,2024-10-16 00:34:12
175834515,english,BORING ASS FUCKING GAME,2024-09-26 20:25:40,False,0,0,True,False,False,0,1,534,0,476,2024-09-26 21:26:41
175833984,english,dont buy,2024-09-26 20:15:40,True,0,0,True,False,False,136,16,1336,0,609,2024-10-05 07:41:13
175833890,english,gitting gud,2024-09-26 20:13:48,True,1,0,True,False,False,230,6,13107,375,10957,2024-10-20 17:42:50
175833511,english,"The bosses are too hard none of the skills seem to do anything I can't figure out where to go and I've only seen like two dialogue options.  The compass at the top of the screen doesn't show any objective locations, what's with that?  Doesn't tell me where to go or if there are enemies nearby.
There are so many things missing from the standard Elden Scrolls franchise entries (there aren't even any Khajit--racist against cat people?) that I feel like it has been dumbed down too far as an entry-level RPG like Skyrim.  It is pretty good otherwise.",2024-09-26 20:05:41,True,1,0,True,False,False,224,16,29914,180,29418,2024-10-24 00:21:12
175833465,english,Whats not to like?,2024-09-26 20:04:54,True,0,0,True,False,False,45,13,6307,1354,316,2024-10-21 06:13:38
175833235,english,Absolute masterpiece. All i have to say.,2024-09-26 20:00:30,True,0,0,True,False,False,32,3,11570,0,11570,2024-08-24 23:29:48
175833001,english,makes me c.u.m in under 5 minutes great game even tho im getting groped by literally everything that moves!!,2024-09-26 19:56:17,True,0,0,True,False,False,0,2,5981,1250,1886,2024-10-26 11:10:34
175832855,english,brua,2024-09-26 19:53:51,True,0,0,True,False,False,0,2,2163,2,1467,2024-10-22 12:59:25
175832751,english,Amazing,2024-09-26 19:51:56,True,0,0,True,False,False,0,17,8856,3883,2048,2024-10-26 01:49:53
175832721,english,yay,2024-09-26 19:51:25,True,0,0,True,False,False,0,13,3032,274,2311,2024-10-20 16:44:33
175832594,english,try finger but hole,2024-09-26 19:48:34,True,0,0,True,False,False,121,4,5134,0,4907,2024-10-01 20:04:32
175832226,english,"I am Malenia, blade of Miquella",2024-09-26 19:41:41,True,0,0,True,False,False,0,1,37236,256,31236,2024-10-20 17:54:42
175832081,english,funsies :),2024-09-26 19:39:07,True,0,0,True,False,False,37,3,19283,0,18905,2024-10-01 01:29:17
175831903,english,"i love base game SOTE is severely overpriced, did not enjoy it in the same manner at all, most bosses were annoying.",2024-09-26 19:35:59,True,0,0,True,False,False,0,25,6666,2302,4856,2024-10-26 02:21:16
175831902,english,"- fps lock (60)
- cant bind shit to my mouse buttons 
- performing anything besides autoattack / blocks still uses mana
- disgusting UI for console plebs",2024-09-26 19:35:58,False,0,0,True,False,False,73,49,82,0,82,2024-09-26 19:34:26
175830784,english,"because of this game i had opened youtube more than i had opened my maths wokbook
10/10",2024-09-26 19:16:02,True,0,0,True,False,False,0,1,6635,3210,5443,2024-10-26 11:55:47
175830296,english,roll hit roll hit run hit roll hit roll roll hit hit hit roll hit roll hit hit roll roll hit,2024-09-26 19:07:14,True,0,0,True,False,False,0,1,4602,2064,953,2024-10-20 18:24:55
175829905,english,"I play this game is Xbox Series S since it came out, beat the game, felt empty.
Now the DLC came out, I built a gaming PC, purchase the game again and DLC and I though I would rush to the DLC.

Man, the 2nd journey is still as amazing as my first experience, cant believe how the game can be so good.

I beat the base game again and also the DLC.

Would buy again if in the long future there's a remastered, I'm sure journey 3 would still be amazing.",2024-09-26 19:00:35,True,0,0,True,False,False,0,27,8624,0,8598,2024-09-29 16:25:45
175829733,english,"even though i still havent finished this game I LOVE IT the graphics are stunning the gameplay very good and everything else perfect
",2024-09-26 18:57:41,True,0,0,True,False,False,5,5,3455,600,672,2024-10-25 20:52:16
175829456,english,best game ever,2024-09-26 18:52:41,True,1,0,True,False,False,0,2,415,0,359,2024-10-05 16:10:57
175829389,english,relaxing game! 10/10,2024-09-26 18:51:22,True,1,0,True,False,False,0,5,3811,1337,312,2024-10-25 19:16:31
175828987,english,i liek,2024-09-26 18:44:07,True,0,0,True,False,False,0,5,5784,0,3027,2024-10-05 16:53:47
175828351,english,"In terms of cultural relevance, popularity, and the improvement of FromSoft games as a whole. This may be the greatest game of all time. Dark souls has risen from being a cult classic to ELDEN RING being a mainstream popular success it truly is Miyazaki's magnum opus",2024-09-26 18:32:40,True,0,0,True,False,False,0,3,8589,0,8589,2024-08-30 03:12:08
175828066,english,Perfection. Should everyone try atleast once. best game ever and i LOVE it. So great and fun exploration vfx animation 10/10,2024-09-26 18:28:19,True,0,0,True,False,False,0,4,2757,457,1752,2024-10-17 21:30:42
175827601,english,the game is very fun,2024-09-26 18:20:18,True,0,0,True,False,False,0,7,1371,2,569,2024-10-16 06:33:19
175827444,english,tricky,2024-09-26 18:17:12,True,0,0,True,False,False,0,12,206,0,206,2024-09-26 18:17:06
175827191,english,"Died a lot. Somehow, finished the game.",2024-09-26 18:12:56,True,0,0,True,False,False,321,15,4826,0,4826,2024-09-03 18:44:04
175826834,english,"i dont go outside anymore, this is my nutrition",2024-09-26 18:06:27,True,0,0,True,False,False,0,2,9208,2507,4902,2024-10-25 02:21:45
175826628,english,So far? Not fun.,2024-09-26 18:02:44,False,0,0,True,False,False,549,7,230,0,185,2024-09-28 10:46:54
175826627,english,I got impaled by a spear and thrown off of a bridge twice in a row.. unironically the most fun i had in a game,2024-09-26 18:02:43,True,0,0,True,False,False,68,2,4758,1096,4235,2024-10-24 14:43:51
175826188,english,Do you like raging? is getting hit in the balls fun to you? DO people describe you as a sado-masochist? Then this game is the game for you.,2024-09-26 17:54:46,True,0,0,True,False,False,0,1,15959,0,14518,2024-10-02 17:37:16
175825988,english,"Amazing game. Spent the whole time hitting enemies with ""that thing was too big to be called a sword. Too big, too thick, too heavy, and too rough, it was more like a large hunk of iron.""

Combining the Greatsword with the Lions Claw moveset gave me chills, and the fact that the DLC made an improvement to the Lions Claw was outstanding.",2024-09-26 17:51:06,True,0,0,True,False,False,0,4,8106,0,8106,2024-08-05 01:23:09
175825737,english,The most goodest game I ever did play,2024-09-26 17:46:27,True,0,0,True,False,False,120,5,21535,204,19826,2024-10-21 01:05:14
175825563,english,"its fun but remmeber your pc is expensive
",2024-09-26 17:43:30,True,0,0,True,False,False,39,22,2294,1362,214,2024-10-26 07:30:57
175825443,english,I've 100%ed this game and still want to do another playthough. My only criticism is the lack of music during non-boss-fight moments.,2024-09-26 17:41:18,True,0,0,True,False,False,0,29,11618,0,11618,2024-09-22 01:55:11
175825425,english,After 3 hours of VERY close inspection idk how i feel about this game,2024-09-26 17:40:59,True,0,0,True,False,False,0,12,2699,660,212,2024-10-25 17:13:26
175825287,english,dung eater,2024-09-26 17:38:36,True,0,0,True,False,False,0,4,11013,0,11013,2024-09-25 16:25:24
175823274,english,First Souls like game I've ever played. FANTASTIC.,2024-09-26 17:04:11,True,0,0,True,False,False,0,1,7050,0,6907,2024-10-05 18:27:14
175822929,english,exhaustingly great,2024-09-26 16:58:14,True,0,0,True,False,False,0,11,7479,0,7479,2024-07-19 19:04:41
175822495,english,Maidenless?,2024-09-26 16:50:55,True,1,0,True,False,False,0,1,10359,760,8771,2024-10-25 21:31:57
175821999,english,"its a single player game that has what i like and dosen't have what i don't like.









",2024-09-26 16:42:55,True,0,0,True,True,False,0,7,1391,0,1091,2024-10-08 15:40:58
175821205,english,"my laptop cant handle it, otherwise perfect game, get if u dont have a potato for a laptop, sadly lord ligmilling dies here
so no sigma",2024-09-26 16:29:02,False,0,0,True,False,False,0,2,24,0,16,2024-09-29 12:03:47
175820011,english,"one of best games of fromSoftware, actually my second best game of them after sekiro
the game is so good for soulslike fans and 100% you should try it
dlc is god",2024-09-26 16:10:03,True,0,0,True,False,False,0,2,21585,0,20589,2024-10-11 16:19:45
175819419,english,"It's not as rage inducing as one might think, i actually enjoyed it :)",2024-09-26 16:00:48,True,0,0,True,False,False,0,45,6515,0,6515,2024-09-26 15:29:05
175819282,english,"Amazing 10/10 base game, DLC WOW amazing 10/10 if you are a real souls player for casual gamers you will have a rough time but the grind is worth it! keep it up Elden LORDS",2024-09-26 15:58:22,True,0,0,True,False,False,52,11,6073,0,4475,2024-10-01 16:11:54
175818074,english,BEST EVER,2024-09-26 15:38:12,True,0,0,True,False,False,0,3,6122,4868,204,2024-10-26 10:13:56
175817352,english,poo,2024-09-26 15:27:30,True,0,0,True,False,False,0,24,3747,572,278,2024-10-17 17:27:14
175816942,english,they called me the basher,2024-09-26 15:21:20,True,0,0,True,False,False,0,20,885,0,731,2024-10-04 23:38:10
175815597,english,Best game ever,2024-09-26 15:00:35,True,0,0,True,False,False,336,14,17219,318,15617,2024-10-20 10:05:54
175815326,english,yeah.,2024-09-26 14:56:58,True,0,0,True,False,False,0,5,13729,447,13023,2024-10-22 07:44:14
175814447,english,Simply a masterpiece,2024-09-26 14:43:10,True,0,0,True,False,False,0,1,25560,0,25560,2024-09-26 14:18:17
175812515,english,Great!,2024-09-26 14:13:51,True,0,0,True,False,False,0,2,3792,129,3158,2024-10-13 14:24:41
175811380,english,"So the hardest game I've ever played was Hollow Knight, and at most I think it took me 1.5wks to beat Pure Vessel (I never did p5). I've spent 2hrs now on the first boss of this game, and barely manage a few hits on it. If you have patience, it seems really good.",2024-09-26 13:55:16,True,0,0,True,False,False,0,7,313,0,195,2024-10-06 04:34:48
175811210,english,"I tried starting to play this game twice.  The user interface is too confusing.  The prompts that constantly come up refer to buttons on a controller, but I'm on a keyboard so I'm never quite sure what to press.  The lighting is very dark and it's hard to figure out where to do.  There is no tutorial, so I'm not quite sure what I'm doing.  It was annoying and tedious.  I'm done with it.",2024-09-26 13:52:14,False,0,0,True,False,False,0,4,71,0,70,2024-09-27 17:22:04
175811153,english,fastest refund of my life,2024-09-26 13:51:15,False,2,0,True,False,False,27,1,108,0,108,2024-09-26 11:00:17
175811042,english,Amazing,2024-09-26 13:49:30,True,0,0,True,False,False,0,3,5120,2807,1958,2024-10-25 02:58:25
175810605,english,great  game  so much to do,2024-09-26 13:42:00,True,0,0,True,False,False,20,8,7599,147,2566,2024-10-24 20:03:10
175808712,english,100/100,2024-09-26 13:07:53,True,0,0,True,False,False,312,19,11724,0,11724,2024-06-29 01:47:18
175804752,english,Fun(ny),2024-09-26 11:44:53,True,0,0,True,False,False,0,13,6717,2869,796,2024-10-25 18:13:28
175803774,english,"I love this game is the best game ever i played in my entire life 
",2024-09-26 11:20:58,True,0,0,True,False,False,0,3,5051,1654,1220,2024-10-23 09:05:30
175803344,english,masterpiece,2024-09-26 11:09:37,True,0,0,True,False,False,0,18,7764,2872,5974,2024-10-26 11:36:43
175803261,english,just beat margit game looks good so far,2024-09-26 11:07:26,True,0,0,True,False,False,0,5,12531,0,12487,2024-10-03 02:31:22
175803170,english,peak gaming,2024-09-26 11:05:17,True,0,0,True,False,False,13,16,16841,7709,1480,2024-10-26 11:44:09
175802542,english,"Try Fingers,
but hole...",2024-09-26 10:49:20,True,0,0,True,False,False,0,13,13179,4400,3131,2024-10-26 11:42:14
175801528,english,this game is very elden ringy but its gud,2024-09-26 10:22:38,True,0,0,True,False,False,0,4,5507,413,603,2024-10-26 08:56:52
175801115,english,Good. Cowboy makes it better.,2024-09-26 10:11:23,True,0,0,True,False,False,152,5,30108,0,30002,2024-10-12 11:45:33
175799450,english,its good,2024-09-26 09:50:18,True,0,0,True,False,False,0,1,19083,0,16992,2024-10-07 09:55:52
175798558,english,best game fr broke my keyboard and desk,2024-09-26 09:25:15,True,0,0,True,False,False,22,2,11553,31,11355,2024-10-23 17:30:09
175796557,english,"This is hands down the most beautiful and seamless game ever created. I have never played another Fromsoft game, but i plan to after Elden Ring. I was very nervous to play because of how infamously 'hard' this game is- but in my opinion it just isn't. This game is skyrim on trenbolone when it comes to combat. Nothing will ever replace this for me. Being able tp escape to the Lands Between every night after work has saved my mental health. I know i will be playing this game for at least the next decade.",2024-09-26 08:26:17,True,1,0,True,False,False,0,3,61644,173,60696,2024-10-21 23:13:35
175796189,english,I want to cry,2024-09-26 08:16:56,True,0,0,True,False,False,77,10,321,0,242,2024-09-26 09:36:00
175795870,english,Couldn't sex Godrick :(,2024-09-26 08:06:37,False,2,0,True,False,False,18,6,7126,2112,756,2024-10-25 20:34:28
175795579,english,"beginning is a bit confusing since the grace directly leads you to the stormveil castle but when you get the hang of it and explore its absolutely worth it, great scenery's and a unique system of combat and customizing ur playstyle",2024-09-26 07:58:24,True,0,0,True,False,False,3,1,2621,0,447,2024-10-08 20:59:04
175793624,english,Pretty good except for the occasional tweak,2024-09-26 06:53:51,True,0,0,True,False,False,0,1,6353,0,5728,2024-10-01 03:42:01
175793281,english,Love this game,2024-09-26 06:44:31,True,0,0,True,False,False,0,1,19132,0,19132,2024-07-11 04:20:31
175791605,english,"Probably one of my favorite games of all time, highly recommended to those who are new or returning to the Soulsborne series. This game is a masterpiece, 9/10.",2024-09-26 05:50:09,True,0,0,True,False,False,86,9,18107,0,18107,2024-09-24 14:32:05
175791461,english,its amazing!!!,2024-09-26 05:45:19,True,0,0,True,True,False,5,1,1037,0,847,2024-09-26 14:08:20
175790904,english,absolute cinema,2024-09-26 05:28:07,True,0,0,True,False,False,0,2,8797,967,5695,2024-10-19 02:24:53
175790868,english,BEST GAME I'VE EVER PLAYED,2024-09-26 05:27:00,True,0,0,True,False,False,0,13,9086,0,9084,2024-09-29 07:29:31
175790843,english,"This game keeps me from all the smelly girls that want to hang out,
 10/10 would recommend!",2024-09-26 05:26:05,True,0,0,True,False,False,19,1,2708,0,2551,2024-09-27 07:22:37
175790653,english,ohh man! Whats there to say? open world souls game!!! Fromsoftware? the best game!!,2024-09-26 05:19:06,True,0,0,True,False,False,0,2,9571,1779,2990,2024-10-26 06:57:28
175789850,english,bad game,2024-09-26 04:55:25,True,0,0,True,False,False,0,1,68973,5316,54755,2024-10-23 04:41:05
175788960,english,maybe the real Elden Ring was the friends we made along the way,2024-09-26 04:29:38,True,0,1,True,False,False,144,11,2174,0,1527,2024-09-30 11:33:33
175788675,english,Play Coop Mod very fun 10/10,2024-09-26 04:21:24,True,0,0,True,False,False,73,1,6900,666,6050,2024-10-25 03:26:46
175788170,english,"Half of the game is fun. Once you get to the snow region, it becomes a massive slog. The hype was way too high, but it's worth the price when it's on sale. The story is interesting as always.

 The ""difficulty"" everyone champions is mostly stuff targeted at preventing you from being allowed to control your character. Tons of stunlock, enemies perfectly dodging 100% of projectiles, massive combos, attacks timed to hit you again if you try to roll out of those combos, and many enemies simply never stop for an opening. Everything also hits extremely hard; even a full tank build doesn't usually last very long.

Many bosses are reused repeatedly, often by just adding more of them to the fight. 

Some bosses are very good, but ruined by one particular design choice. for example: One boss somewhat slower, powerful attacks, with mid sized AOE, but their timings are all very strange, which makes it a fun fight. Unfortunately, for the first half of that fight, they start with two very tough enemies alongside them, and their weapon has the ability to buff nearby allies, effectively turning both of them into minibosses that you have to fight 3 on 1 in a small arena.

Open world tends to mean [i]empty[/i] world, and Elden Ring is not an exception, huge swaths of the map have nothing in them. There's an entire endgame area that's almost completely empty, and you'll want to rush through it because visibility there is nil. The limitations of linear/ semi linear worlds mean more care and planning is put into them than open worlds.

Many quests fail unless you do every step at very specific times, so you have to make sure you don't do any progress before all those steps are done.

Lastly, for much of the later game equipment, you'd be better off cheating it in on a fresh file than doing new game plus, if you wish to play with it. Stats cap at 99, and NG+ doesn't change this, it just makes all the enemies harder. After 1 playthough you'll already be close to capping your main stats, so you wont be able to progress at all after a bit.

This game is [i]FAR[/i] from perfect, and any criticism is often met with a simple, unhelpful ""git gud"" by the community. That said, there's is a lot of fun to be had here, especially in the first half.",2024-09-26 04:06:51,True,1,0,True,False,False,362,14,4659,0,4659,2024-09-26 03:19:52
175787708,english,w game,2024-09-26 03:53:10,True,0,0,True,False,False,0,5,4701,129,3966,2024-10-22 20:54:47
175787554,english,"This is great game, It felt like a majority of the bosses were fair with enough challenge for fun and some anger plus as a newcomer to a darksouls game it was a great time, and made me kind of want to go play the darksouls games.

In the end a solid 10/10 I got zero complains.",2024-09-26 03:49:02,True,0,0,True,False,False,109,9,5888,0,5778,2024-09-29 23:25:24
175787513,english,best game ever made,2024-09-26 03:47:51,True,0,0,True,False,False,0,4,9715,0,8506,2024-10-04 11:53:13
175787484,english,Visually stunning and one of the most challenging games ever. The story is really rich and lore heavy. 10/10.,2024-09-26 03:46:49,True,0,0,True,False,False,0,3,4682,706,635,2024-10-20 12:42:54
175787029,english,shit cool,2024-09-26 03:33:51,True,0,0,True,False,False,51,1,3994,0,3101,2024-09-30 22:45:53
175786936,english,me no lick beast,2024-09-26 03:31:40,True,0,0,True,False,False,0,3,4565,0,4557,2024-09-28 03:16:38
175786866,english,Its Elden RIng,2024-09-26 03:30:07,True,1,0,True,False,False,0,95,6557,711,4329,2024-10-21 00:21:00
175786596,english,This is the best open world game I have ever played☺️Totally a no brainier if it is on sale.,2024-09-26 03:22:48,True,0,0,True,False,False,0,1,24898,0,24867,2024-10-01 11:30:33
175786219,english,ELDENS rings,2024-09-26 03:11:53,True,0,0,True,False,False,0,6,17330,0,15548,2024-10-11 02:12:31
175785744,english,mid,2024-09-26 02:58:06,True,0,0,True,False,False,0,9,4437,220,2452,2024-10-21 00:25:23
175785603,english,Onion Rings,2024-09-26 02:55:04,True,0,0,True,False,False,17,18,676,0,676,2024-10-05 12:05:36
175785367,english,"Yeah its a good game but the rolling sparks nerf made it B tier. Mods help with that ig. 2.5k hours on PS5, 85h on PC. And I'd rather listen to Taylor Swift for the rest of my life than fight the DLC final boss one more time even after the nerf. Also, too much water.

7.8/10",2024-09-26 02:49:06,True,0,0,True,False,False,0,1,8775,515,5145,2024-10-21 07:40:59
175785102,english,"This game watered my crops and saved my life. My friends no longer talk to me, don't care! I have Elden Ring.",2024-09-26 02:40:39,True,0,0,True,False,False,0,3,12382,371,7348,2024-10-24 02:45:07
175784702,english,"Very gud
",2024-09-26 02:28:43,True,0,0,True,False,False,0,1,5224,225,4083,2024-10-13 16:53:44
175784297,english,Great game. 9.5 out of 10. The reason I took .5 off is because the love of my life turned into a doll. Also because FUCK MALIKETH!,2024-09-26 02:17:48,True,0,0,True,False,False,0,7,4330,0,4325,2024-10-11 20:10:28
175784092,english,I LOVE ELDEN RING SO MUCH IT IS SO GOOD I LOVE LOVE LOVE MAIDENS AND I AM THE ELDEN LORD!!!!,2024-09-26 02:11:35,True,0,0,True,False,False,64,5,7234,2823,1270,2024-10-26 01:10:58
175783998,english,"I am a couple years late to the game because I was under the impression this is an 'impossible' game and had no intention of spending years on it. Now that I've played it, it's actually a beautifully built game with a good amount of complexity for experienced gamers. Highly recommend 10/10",2024-09-26 02:08:55,True,0,0,True,False,False,0,2,3926,102,2311,2024-10-20 05:03:24
175783822,english,Brutally rewarding game. You'll love it every second that you hate it.,2024-09-26 02:03:54,True,1,0,True,False,False,248,2,11688,0,11688,2024-03-28 15:04:07
175783547,english,very good game,2024-09-26 01:56:11,True,0,0,True,False,False,0,2,1453,27,1024,2024-10-15 19:08:22
175783454,english,Its all right,2024-09-26 01:53:29,True,0,0,True,False,False,0,6,44507,0,42266,2024-10-06 20:25:29
175782565,english,seamless co-op,2024-09-26 01:28:42,True,0,0,True,False,False,80,31,8318,1694,1330,2024-10-19 02:49:44
175782239,english,"Honestly as a Dark Souls enjoyer, this was somewhat disappointing. The graphics are quite subpar and compared to what's available now, the textures aren't as detailed as I'd hoped them to be. The gameplay is not bad and I enjoyed it but that gets overshadowed by the story. I obviously haven't played it enough myself but I've watched playthroughs and spoiled myself quite a bit and it didn't seem to have a lot of thought put into it. However, the graphics are the biggest part for me, especially considering this game isn't cheap and seemed to have an immense amount of work and development gone into it. I personally enjoyed Remnant II a lot more, although, I may return to this game in the future and play some DLCs, see if the story grows on me, and just enjoy the graphics the game offers.",2024-09-26 01:20:14,False,2,0,True,False,False,0,4,50,0,50,2024-09-25 00:38:50
175782217,english,The amount of detail and lore is insane! I love how much there is to explore <3,2024-09-26 01:19:24,True,1,0,True,False,False,0,9,7099,0,7099,2024-09-25 22:10:51
175782019,english,its amazingly fun at times and playing with friends is amazing meeting new people is fun but its not for casual players,2024-09-26 01:13:45,True,0,0,True,False,False,0,3,4704,630,3606,2024-10-20 21:50:15
175781675,english,boss battle :),2024-09-26 01:04:04,True,0,0,True,False,False,0,13,314,0,290,2024-10-03 01:41:29
175781095,english,"i like pain,",2024-09-26 00:50:13,True,0,0,True,False,False,0,5,6575,0,6570,2024-09-26 21:32:22
175780349,english,w,2024-09-26 00:29:46,True,0,0,True,False,False,0,5,1009,0,339,2024-10-09 20:44:53
175780149,english,pretty fun game,2024-09-26 00:24:32,True,0,0,True,False,False,295,6,5403,0,5403,2024-09-26 00:00:43
175779931,english,yes,2024-09-26 00:18:59,True,0,0,True,False,False,89,8,866,13,800,2024-10-16 01:22:00
175779758,english,I Love Suffering,2024-09-26 00:14:26,True,0,0,True,False,False,46,1,10608,0,9142,2024-10-12 07:25:21
175779366,english,"ranni if u see this, hmu",2024-09-26 00:04:59,True,0,0,True,False,False,0,5,7398,0,7379,2024-09-27 05:40:50
175779079,english,awesome game use fightin cowboy for walkthru,2024-09-25 23:57:33,True,0,0,True,False,False,0,2,19644,197,18497,2024-10-21 22:40:38
175778769,english,just buy it.,2024-09-25 23:49:41,True,0,0,True,False,False,0,14,152,0,151,2024-09-26 06:09:15
175778564,english,Great Game,2024-09-25 23:43:23,True,1,0,True,False,False,0,1,3078,681,2176,2024-10-24 21:34:46
175777992,english,fun,2024-09-25 23:28:21,True,0,0,True,False,False,0,1,549,0,320,2024-10-06 23:04:54
175777853,english,"i like the game a lot. 
",2024-09-25 23:24:56,True,0,0,True,False,False,85,2,1308,67,273,2024-10-21 19:38:48
175777404,english,certified crush my balls with a rock moment,2024-09-25 23:12:21,True,0,0,True,False,False,44,7,6737,57,4841,2024-10-16 23:35:25
175776546,english,goat,2024-09-25 22:51:37,True,0,0,True,False,False,0,2,5962,0,493,2024-10-12 05:15:52
175776426,english,......too ez................,2024-09-25 22:48:34,True,0,0,True,False,False,0,19,3810,1568,890,2024-10-26 11:55:09
175776051,english,this game is so fun it is extly what i wanted in a game,2024-09-25 22:38:13,True,0,0,True,False,False,0,6,6158,1016,308,2024-10-25 07:47:16
175775939,english,Yes very nice,2024-09-25 22:35:20,True,0,0,True,False,False,0,1,9948,0,9384,2024-10-05 15:59:39
175774808,english,"Great game for everyone, veterans and newcomers. Try finger, but hole",2024-09-25 22:07:23,True,1,0,True,False,False,0,3,9748,0,9748,2024-05-18 15:33:46
175774181,english,"best way i can put it, buddy of mine intro'd me to bloodbourne back on ps3 and i hated it because i was shit. circle to Elden Rings release and about 6 months after i lose  a bet and am forced to play this game. well now i want to play every souls game and souls-like to fully experience it all. Elden Ring is (from what i am told) is one of the easier souls game; but it allowed me to understand the way these games are mostly played.

TLDR; Elden Ring is THE intro game for souls/soulslike for those that hate the curve of souls/soulslikes.",2024-09-25 21:52:30,True,0,0,True,False,False,52,4,9616,0,9500,2024-09-29 17:40:19
175774165,english,"Not typically big into this type of game loop, but the open-air vibe of this game, really puts me into the SOTC vibe just darker. This game will not hold your hand. 10/10. One of the best games in the past 20 years.",2024-09-25 21:52:02,True,0,0,True,False,False,0,17,4359,0,4359,2024-08-04 00:56:29
175774153,english,"After spending a countless amount of hours in Elden Ring, I have to admit that I don't enjoy it as much as I hoped.

Now, don't get me wrong—the game is great in so many ways. The mechanics, the atmosphere, and the bosses are all awesome. But for me, it's just too much. After investing so much time, I started to feel tired of it and eventually lost interest.

While I do think the game is great, I have an unpopular opinion about the open-world design. In my humble opinion, it doesn’t suit a Souls game. I’d much rather experience something like Dark Souls 3, with its atmospheric locations and memorable bosses, rather than a stretched out, often empty, map with repetitive content.",2024-09-25 21:51:43,False,5,0,True,False,False,0,10,12742,0,12742,2024-07-25 22:30:24
175773759,english,"I’ve played for over 273 hours and I’m done with this game.  I kept playing hoping the gameplay would get better.  If you enjoy taking death after death, then you will love this game.  I would take so many deaths defeating an area or dungeon boss that it would feel more like an exercise in frustration than it would a great accomplishment.  More often than not, the item rewards were hardly worth the effort.
There are a lot of areas in the game where you have to make jumps from one ledge or one building to another.  I took countless deaths attempting these and losing whatever progress I’d made in the game.  Some of them would have an enemy shooting or throwing projectiles at you while trying to make these jumps or navigating narrow paths and knocking you to your death.  As if I wasn’t struggling enough with the thousands of deaths I was taking killing my way through the game.  This part of the gameplay is completely unnecessary.
There are multiple questlines in this game, but they are impossible to follow since there is no quest log.  I’m not asking for the open world map to be littered with quest markers, but it would be nice to be able to at least review what the last NPC told you so you could pick up where you left off.  
There are several dungeons, underground areas and castles where I found myself running around in circles.  A couple of people I know wanted to group up and play together, but it’s extremely difficult to do.  All in all, I wanted a game that would be worth playing through multiple times to try out different character builds.  I didn’t even finish my initial playthrough because of the ridiculous number of deaths and the amount of frustration with the game.  I can’t imagine wanting to subject myself to another horrible playthrough.  I will never buy another game from this company or recommend this game to anyone.  

",2024-09-25 21:42:56,False,3,0,True,False,False,0,1,16465,0,16416,2024-09-27 05:19:39
175773523,english,"Hard but rewarding, as my first souls game I find it fun and while challenging not so hard that it feels unplayable. Some bugs and glitches but these are things that happen. Still though prepare for pain and not having fun sometimes !",2024-09-25 21:37:15,True,0,0,True,False,False,188,21,1164,0,332,2024-09-27 01:49:24
175772574,english,"Fun with friends, just wish co-op was better",2024-09-25 21:15:32,True,0,0,True,False,False,0,3,1139,0,773,2024-10-08 13:51:34
175772259,english,<<333333333,2024-09-25 21:09:02,True,0,0,True,False,False,69,5,2952,0,1684,2024-09-28 19:39:53
175771885,english,why are there no black people,2024-09-25 21:00:33,True,3,0,True,False,False,0,3,7705,407,1636,2024-10-16 01:54:43
175771528,english,The best story game ever!!!,2024-09-25 20:53:27,True,0,0,True,False,False,0,1,18319,1331,13216,2024-10-23 21:08:10
175770746,english,build making 😁😁😁 big open world map 😁😁😁 no forced linear progression 😁😁😁 deepwoke 😲😲,2024-09-25 20:37:12,True,0,0,True,False,False,0,4,2350,16,435,2024-10-13 15:51:54
175770542,english,"

This is a great game, love the combat, the story, and just everything about it. Little hard tho",2024-09-25 20:33:21,True,0,0,True,False,False,0,1,6793,67,6146,2024-10-12 19:04:12
175768894,english,happyfun fun,2024-09-25 19:58:21,True,0,0,True,False,False,0,1,3597,56,950,2024-10-21 20:50:33
175768611,english,TRASH GAME,2024-09-25 19:52:45,False,4,0,True,False,False,21,3,560,0,533,2024-09-25 22:40:32
175767696,english,11,2024-09-25 19:35:19,True,0,0,True,False,False,0,1,3874,133,2236,2024-10-17 11:01:24
175767609,english,sick af . you can make it as hard as you want. u have a culote u u play this game.,2024-09-25 19:33:41,True,0,0,True,False,False,0,1,20490,0,20475,2024-10-06 01:57:48
175766852,english,GOTY every year,2024-09-25 19:18:51,True,0,0,True,False,False,0,2,1244,0,1244,2024-09-25 19:18:33
175765959,english,fd,2024-09-25 19:02:14,True,0,0,True,False,False,56,18,2691,34,373,2024-10-14 17:10:51
175765941,english,"Super fun game, if your scared of buying because its considered hard you simply need to over prepare for boss fights and you will be fine",2024-09-25 19:01:54,True,0,0,True,False,False,0,5,2746,0,451,2024-10-06 17:30:22
175764975,english,get gud,2024-09-25 18:42:57,True,0,0,True,False,False,12,2,818,0,811,2024-10-07 09:44:42
175762357,english,GREAT GAME,2024-09-25 17:55:51,True,0,0,True,False,False,0,1,1823,762,266,2024-10-26 12:01:19
175760783,english,"great
",2024-09-25 17:27:25,True,0,0,True,False,False,0,3,4558,2497,599,2024-10-25 12:23:47
175760150,english,best Souls game ever,2024-09-25 17:15:54,True,0,0,True,False,False,0,3,8349,1535,2117,2024-10-18 07:48:13
175759473,english,I Recommend the Game to People that Love Puzzles and Action Adventures.,2024-09-25 17:04:17,True,0,0,True,False,False,0,4,2231,0,2219,2024-09-25 19:21:31
175757880,english,"game hard, then game got easier, game was always good.",2024-09-25 16:36:40,True,1,0,True,False,False,0,5,35073,348,31543,2024-10-23 20:50:38
175757133,english,"What a console piece of *. Terrible controls, terrible character creation, terrible tutorial, terrible intro. Open world with randomly scattered bosses. Find boss, die until you learn its animation and know when to dodge and when to attack, move to another boss, like a trained monkey.",2024-09-25 16:23:36,False,5,0,True,False,False,0,117,42,0,42,2024-09-25 16:20:29
175756708,english,this game is actually perfect,2024-09-25 16:16:30,True,2,0,True,False,False,0,3,1708,445,1007,2024-10-22 03:13:11
175755612,english,"Amazing game. If you find it hard, you can always farm runes and level up until you can progress, and if you're good at the game, stay at low levels to make it challenging",2024-09-25 15:59:55,True,0,0,True,False,False,0,6,7882,353,2288,2024-10-25 13:01:27
175755551,english,"hard to learn and sometimes annoying but  10/10 game, probably one of  the best open words 

10/10 graphics
9/10 gameplay
unlimited character customization 10/10
story 10/10
animations 10/10

",2024-09-25 15:59:02,True,1,0,True,False,False,55,11,3928,172,3284,2024-10-13 12:00:41
175753859,english,likely dog...,2024-09-25 15:31:37,True,0,0,True,False,False,55,5,8624,0,7360,2024-10-05 14:39:06
175753805,english,"I'm not sure what the point of this game is or why it's so beloved. Story is unoriginal, boring, and poorly directed. Gameplay is limited but fine, I don't see what the big diff from the other soulslike games are here to make it that much better/different. Combat is the only thing to do from what I can tell, which gets old and one-dimensional at some point. Game has bugs, already crashed for me twice (and then presented me with a nag message saying ""you didnt shut down the game""...after it crashed).

The world is pretty but ironically enough what it lacks is soul. Most locations are well decorated but ultimately just another stop on the grind to...something. I get that people like the inscrutable nature of the game, but it seems to be a placeholder for actual good design or UX in the game. The lack of characters makes it hard to care about anyone or anything (on top of the weak story). Sure there are random people around like Melina, but who knows why or how she shows up and who cares what she has to say? They don't add anything to the story or the world and just serve to waste your time with filler.

If you like these games, you already know you do and don't need to read reviews. If you haven't played these games before, you might want to try a cheaper alternative before you pump a bunch of hours into...something.",2024-09-25 15:30:36,False,6,0,True,False,False,343,6,805,0,493,2024-09-28 00:23:40
175753279,english,"Glad my friends told me to play this game :)




$5 Footlong",2024-09-25 15:22:35,True,1,0,True,False,False,0,2,2180,717,235,2024-10-23 07:36:11
175753076,english,There aren't rules to how you play this game. Everything works.,2024-09-25 15:19:47,True,1,0,True,False,False,281,3,40685,1762,36536,2024-10-25 11:43:06
175752968,english,TIS GUD IF YOUR GUD,2024-09-25 15:18:05,True,0,0,True,False,False,0,1,12318,130,12010,2024-10-20 06:57:15
175752519,english,"The game has something for everyone- from lore and exploration to crafting and PvP! The early exploration is killer (Limgrave will always hold a sweet spot in my heart), the world is massive, the lore is neat, plus 100 other reasons I have enjoyed my time in the lands between.

It does start to fall off some later on, where it can also get needlessly difficult in an attempt to screen for the amount of leveling some players may have done until then. 

It's long and always seems to get bigger, but it's worth your time if the journey is what you're after.",2024-09-25 15:11:22,True,0,0,True,False,False,0,3,14294,53,13836,2024-10-20 15:47:23
175750163,english,"plays it a bit, kinda fun",2024-09-25 14:35:46,True,0,0,True,False,False,0,5,12454,82,12199,2024-10-13 09:01:50
175747362,english,best game ever..!!,2024-09-25 13:51:41,True,0,0,True,False,False,0,1,9862,0,9294,2024-09-29 15:36:15
175747055,english,Superb.,2024-09-25 13:46:52,True,0,0,True,False,False,0,1,2335,787,706,2024-10-26 11:54:14
175746165,english,"One of the best games in recent years. Not everyone will like it, but it is worth the money, fame, and time spent. 9/10",2024-09-25 13:32:55,True,2,0,True,False,False,108,4,6127,0,6127,2024-07-20 07:19:41
175745781,english,Best game for me!,2024-09-25 13:26:02,True,0,0,True,False,False,0,2,989,159,180,2024-10-17 03:54:45
175744829,english,good game,2024-09-25 13:10:19,True,0,0,True,False,False,290,18,6127,0,3851,2024-10-08 14:57:00
175743384,english,Spent 6 hrs on Margit and still haven't beat him yet 10/10 would recommend to anyone( if they have hrs to play and no lives at all ofc).,2024-09-25 12:45:26,True,0,0,True,False,False,12,2,1819,0,1002,2024-10-01 14:19:46
175742786,english,i love this game,2024-09-25 12:34:15,True,0,0,True,True,False,21,1,3022,0,1982,2024-10-04 14:00:19
175742565,english,beautiful scenes and good game.,2024-09-25 12:29:49,True,0,0,True,False,False,0,10,4672,1775,198,2024-10-20 14:18:28
175740900,english,"It's a bad port from console.

Everything feels slow and sluggish.
Frames are capped at 60.",2024-09-25 11:53:32,False,2,0,True,False,False,0,24,6937,706,697,2024-10-18 19:30:11
175740489,english,"Subject: My review for this lovely game

Hello, dear FromSoftware, inc.
I have found your humble game to be rather difficult and to SUCK. and I have refunded it in favor of 4 copies of Party Animals. I hope this email finds you well and I hope to never ever heard the words Elden Ring muttered again.

Yours truly,
Burkins

Sent from my iPhone
",2024-09-25 11:43:18,True,0,0,True,False,False,0,6,38,0,38,2024-09-23 10:46:41
175739485,english,yes,2024-09-25 11:20:56,True,0,0,True,False,False,0,1,18589,1597,11164,2024-10-26 02:51:30
175739045,english,woke UP,2024-09-25 11:09:32,True,0,0,True,False,False,70,12,16041,0,15959,2024-10-02 05:52:49
175738379,english,this game is fking good. awesome <333,2024-09-25 10:52:38,True,0,0,True,False,False,28,4,63,0,63,2024-09-24 09:59:01
175737507,english,"great game, just horrible multiplayer~wanted a better co-op",2024-09-25 10:31:43,True,0,0,True,False,False,0,14,2322,0,1067,2024-10-06 03:03:32
175736950,english,best dame of the decade,2024-09-25 10:16:53,True,0,0,True,True,False,0,15,353,0,294,2024-09-28 16:09:48
175736037,english,Great. Just That!,2024-09-25 09:53:38,True,0,0,True,True,False,0,1,7852,2861,1171,2024-10-25 20:06:10
175735241,english,best game ever,2024-09-25 09:31:33,True,0,0,True,False,False,0,2,3853,1784,292,2024-10-26 11:46:05
175735225,english,the characters have very detailed feet would recommend,2024-09-25 09:31:17,True,0,0,True,False,False,0,1,3947,285,643,2024-10-21 13:52:12
175734622,english,great game,2024-09-25 09:13:10,True,0,0,True,False,False,0,1,5812,0,3864,2024-10-06 13:56:31
175733853,english,elden ring,2024-09-25 08:52:31,True,0,0,True,False,False,68,20,7503,2369,7503,2024-10-25 20:14:33
175733478,english,pretty fkin great,2024-09-25 08:40:52,True,0,0,True,False,False,0,8,32291,1,32041,2024-10-25 20:40:22
175733010,english,"𝔴𝔥𝔬𝔢𝔳𝔢𝔯 𝔠𝔞𝔪𝔢 𝔲𝔭 𝔴𝔦𝔱𝔥 ℭ𝔬𝔪𝔪𝔞𝔫𝔡𝔢𝔯 𝔊𝔞𝔦𝔲𝔰 𝔴𝔞𝔰 𝔤𝔞𝔫𝔤𝔯𝔞𝔭𝔢𝔡 𝔴𝔥𝔢𝔫 𝔩𝔦𝔱𝔱𝔩𝔢, 𝔤𝔯𝔢𝔞𝔱 𝔤𝔞𝔪𝔢 𝔱𝔥𝔬 10/10",2024-09-25 08:26:28,True,0,0,True,False,False,58,17,6551,617,5153,2024-10-25 17:01:59
175732264,english,Foreskin duo,2024-09-25 08:04:34,True,0,0,True,False,False,0,2,12409,0,12409,2024-09-25 08:04:01
175732235,english,"This is one of, if not the best game I have ever played and im only 10 hours in. I HATE THAT WIZARD GIRL IN THE ACADEMY WITH TWO PHASES SHE CAN GO MAGIC HERSELF TO DEATH!",2024-09-25 08:04:04,True,0,0,True,False,False,0,17,4518,166,620,2024-10-15 09:49:15
175731582,english,The pinnacle of Souls games,2024-09-25 07:43:06,True,0,0,True,False,False,0,1,667,0,379,2024-09-29 11:13:09
175730175,english,"If I could describe this game in one word that word would be ""Peak""",2024-09-25 07:00:22,True,0,0,True,False,False,0,2,8303,0,8264,2024-09-26 09:03:26
175729974,english,Awful boss designs and the dlc is the same dogshit,2024-09-25 06:53:16,False,2,0,True,False,False,64,2,28814,2137,26652,2024-10-26 03:45:18
175729753,english,I beat the game a couple times on xbox and now on pc and it's definitely one of the best games to ever exist.,2024-09-25 06:46:31,True,0,0,True,True,False,0,17,1681,0,294,2024-10-11 00:21:09
175728707,english,INCREDIBLE GAME GREAT GRAPHICS AND LOTS OF GOOD MECHANICS (VERY HARD),2024-09-25 06:14:52,True,0,0,True,True,False,0,1,3030,594,558,2024-10-26 08:04:17
175728565,english,The only game i've ever played that makes me feel like I should've paid more for that experience,2024-09-25 06:10:37,True,0,0,True,False,False,0,4,10097,1692,6758,2024-10-26 08:19:21
175728065,english,Clunky platformer game with souls-like mechanics. Terrible boss designs and overall unrewarding gameplay.,2024-09-25 05:56:16,False,1,0,True,False,False,333,20,22674,0,22674,2024-09-25 05:51:24
175726715,english,100/10 One of the greatest games ever created!,2024-09-25 05:14:26,True,0,0,True,False,False,0,6,14401,0,9647,2024-10-02 01:49:06
175726464,english,pain,2024-09-25 05:08:00,True,0,0,True,False,False,0,4,9364,0,4378,2024-10-12 03:40:31
175726152,english, best game eva,2024-09-25 04:59:13,True,0,0,True,False,False,0,8,3160,511,1123,2024-10-24 03:24:59
175725943,english,"There is a reason this game won game of the year. Absolute masterpiece. The DLC is not quite as good as the main game, but still worth playing. Very difficult at first like any souls game, but so worth it once you get into it and put in the time. If you're considering making the purchase please pull the trigger and give it a shot.",2024-09-25 04:53:19,True,0,1,True,False,False,0,7,5912,0,5912,2024-09-25 04:20:32
175725742,english,"PEAK CINEMA. 
if you think the game is too hard -> install MOD. 
if you think the game is too easy -> install MOD. 
YOUR GAME YOUR RULEs",2024-09-25 04:47:36,True,0,0,True,False,False,306,57,4350,0,4350,2024-07-12 05:03:31
175725124,english,Great!,2024-09-25 04:30:46,True,0,0,True,False,False,0,13,1291,0,566,2024-09-30 03:08:26
175725081,english,love,2024-09-25 04:29:37,True,0,0,True,False,False,0,2,11858,0,11858,2024-09-21 02:00:58
175724347,english,"10/10 game. possibly one of the best games ever made. hard, yes, but dont give up. the amount of played time you could put into this game is ridiculous. almost makes it infinitely replayabe.",2024-09-25 04:10:28,True,0,0,True,False,False,0,2,1594,0,563,2024-10-08 04:18:10
175724255,english,Hit boss fun...gud,2024-09-25 04:07:59,True,0,0,True,False,False,0,4,8940,0,8940,2024-09-22 17:48:40
175723691,english,One of the best games all time. Pure joy,2024-09-25 03:52:07,True,0,0,True,False,False,0,3,21186,0,21186,2023-02-01 15:23:29
175723551,english,very good love ittttt xoxox,2024-09-25 03:48:35,True,0,0,True,False,False,0,1,9396,3721,841,2024-10-25 06:00:23
175723429,english,its super good,2024-09-25 03:45:48,True,0,0,True,False,False,22,4,4648,266,2127,2024-10-25 23:57:59
175723024,english,10/10 game,2024-09-25 03:33:52,True,0,0,True,False,False,84,1,27926,0,23054,2024-10-11 01:49:32
175722562,english,"LETS PLAY THIS GAME AND HAVE SOME FUN!!

I CAN'T STOP DYING
I CAN'T STOP DYING
I CAN'T STOP DYING
I CAN'T STOP DYING
I CAN'T STOP DYING
I CAN'T STOP DYING",2024-09-25 03:22:00,True,0,0,True,False,False,56,5,3735,1822,225,2024-10-20 03:54:37
175722237,english,game family friendly ;),2024-09-25 03:13:30,True,0,0,True,False,False,33,2,3995,0,1076,2024-10-02 06:49:51
175721699,english,"i beat the game two times on ps5 it is a top tier not only that but marika,malenia,melina,ranni is all hot the game devolper really knew what he was doing the game itself is crazy best soul game because its free roam i really like that plus the weapons and magic shit.The bosses aren't hard with summons but if you don't have summons it will give you some trouble.",2024-09-25 02:57:57,True,0,0,True,False,False,18,3,196,0,196,2024-09-25 00:54:24
175721344,english,Please add the godskin squad,2024-09-25 02:48:31,True,0,0,True,False,False,27,9,22879,0,22879,2024-07-18 02:15:26
175720895,english,Gramma told me that im goated Gramma  six feet under now,2024-09-25 02:36:56,True,0,0,True,False,False,0,5,15769,1783,11994,2024-10-25 18:30:47
175719852,english,"Literally a game-defining experience, so much content and I keep coming back for more.",2024-09-25 02:10:25,True,0,0,True,False,False,0,1,20498,772,17368,2024-10-25 22:09:05
175719810,english,Worth the money very addicting. fun looking looking people and other things,2024-09-25 02:09:15,True,0,0,True,False,False,0,4,3359,590,2092,2024-10-24 22:42:38
175719788,english,this game has caused great pain,2024-09-25 02:08:49,True,1,0,True,False,False,0,1,1028,0,1011,2024-09-25 02:40:04
175719325,english,It has mad rats,2024-09-25 01:56:55,True,0,0,True,False,False,0,4,21318,0,21318,2024-06-30 22:56:28
175719044,english,I own Elden Ring and it's DLC for both PS5 and Steam. I like it.,2024-09-25 01:49:47,True,0,0,True,False,False,0,7,4844,91,720,2024-10-20 03:21:47
175718934,english,"ELDEN RING is the culmination of decades of design and while it isn't perfect, it's a more than worthy entry in a genre essentially invented by its spiritual predecessors. The Souls-Like has defined a generation of gaming and the medium is better off for it. There's something to be said about a best-selling entry in a franchise among the greatest of all time being a singleplayer, box product in a market saturated with live-service multiplayer and predatory monetization. We can only hope that the success of ELDEN RING teaches big studios the right lessons.",2024-09-25 01:46:59,True,25,0,True,False,False,332,26,19434,0,19434,2024-06-15 15:51:39
175718660,english,BEST GAME EVER WITTAWY!!!!,2024-09-25 01:40:12,True,0,0,True,False,False,0,12,9721,0,9721,2024-09-20 23:38:23
175718564,english,2024 and no ultrawide. The first dark souls game supports ultrawide and elden ring doesn't? Laughable.,2024-09-25 01:37:22,False,2,0,True,False,False,491,155,4117,0,4117,2024-09-25 01:28:29
175718164,english,"best game i've ever played, only game that's ever come close was breath of the wild. you might not have the same experience though, this game is not for the faint of heart",2024-09-25 01:27:17,True,0,0,True,False,False,0,14,22402,0,22402,2024-09-19 00:35:33
175717907,english,it's good,2024-09-25 01:21:24,True,0,0,True,False,False,0,6,45226,0,45226,2024-08-24 01:36:38
175717876,english,i love berserk,2024-09-25 01:20:41,True,0,0,True,False,False,0,1,5817,1337,505,2024-10-24 23:03:13
175717553,english,Genuinely one of the best games i've played ever.,2024-09-25 01:12:44,True,0,0,True,False,False,0,4,794,0,271,2024-09-30 05:19:21
175717430,english,"Its Elden Ring. If you don't love it, you ain't a masochist.",2024-09-25 01:09:40,True,0,0,True,False,False,0,14,3024,0,3024,2024-07-25 03:55:35
175717367,english,"good game
",2024-09-25 01:08:09,True,0,0,True,False,False,0,1,4616,463,1174,2024-10-25 22:44:09
175717349,english,goot game,2024-09-25 01:07:41,True,0,0,True,False,False,0,1,6562,0,5792,2024-09-30 07:31:36
175717083,english,The most beautiful and challenging game I have ever played. Remember to stop and smell the erdleaf flowers along the way.,2024-09-25 01:00:47,True,0,0,True,False,False,0,2,18006,1894,12405,2024-10-25 21:03:59
175717048,english,try finger but hole ,2024-09-25 00:59:56,True,0,0,True,False,False,88,33,4489,1620,1193,2024-10-25 04:16:46
175716947,english,peak ring,2024-09-25 00:57:03,True,0,0,True,False,False,0,1,2646,54,216,2024-10-24 21:08:30
175716878,english,good game,2024-09-25 00:55:16,True,0,0,True,False,False,0,4,23582,7815,6019,2024-10-26 03:52:44
175716871,english,Who will be the next Elden Lord?,2024-09-25 00:55:06,True,0,1,True,False,False,0,3,242,0,237,2024-09-25 02:15:09
175716688,english,hell ya,2024-09-25 00:50:33,True,0,0,True,False,False,0,4,996,0,627,2024-10-07 02:40:25
175716404,english,it very gud,2024-09-25 00:44:49,True,0,0,True,False,False,0,5,7579,57,6024,2024-10-14 10:55:42
175715954,english,I like this game. It can play for a long time,2024-09-25 00:33:45,True,0,0,True,False,False,27,2,14295,7287,274,2024-10-26 11:43:30
175715545,english,GOTY,2024-09-25 00:22:55,True,0,0,True,False,False,46,12,1956,259,1194,2024-10-25 09:47:11
175715110,english,good,2024-09-25 00:10:50,True,0,0,True,False,False,0,1,9902,0,9448,2024-10-02 01:16:17
175714046,english,.,2024-09-24 23:44:02,False,0,0,True,False,False,71,8,3300,2081,819,2024-10-20 19:10:15
175713869,english,Best game ever period.,2024-09-24 23:40:08,True,0,0,True,False,False,0,1,3799,17,755,2024-10-13 15:38:22
175713712,english,"TL;DR: Solid 8/10 Main Game

Pros:
-Fantastic lore/world building
-Fantastic gameplay
-Huge world with things to do
-Great graphics/art direction
-Phenomenal soundtrack 
-Easy to get into for casual gamers, with plentiful options to make the game significantly easier

Cons:
-PC stuttering caused by shader compilation
-Certain bosses reward good RNG for a run instead of only outplaying them, however every boss is beatable with pure skill alone even if the boss uses their hardest/cheesiest moves. For example beating Malenia felt more like getting a good run than out-skilling her,
-World is vast but does not reward exploration for your specific build (i.e. there's no point in exploring if you already have a build in mind with specific talismans, etc.). Basically if there's nothing you need in a certain area then there's no point going there except for leveling purposes.
-Final boss of the main game is one of the worst main bosses

My Build:
-Melee only strength/stagger build with a two-handed colossal great sword, lion's claw, talismans that boost this playstyle, no summons, no cheesing bosses
",2024-09-24 23:35:47,True,0,0,True,False,False,0,6,5249,0,5249,2024-09-24 23:23:19
175713540,english,fiyerrrrrr,2024-09-24 23:31:43,True,0,0,True,False,False,0,8,7536,0,6946,2024-09-27 03:55:13
175713456,english,got me laid,2024-09-24 23:29:44,True,0,0,True,False,False,0,9,5726,370,4641,2024-10-25 15:35:29
175713278,english,"...may Chaos... take the world...
MAY CHAOS TAKE THE WORLD!!!",2024-09-24 23:25:24,True,0,0,True,False,False,0,3,10132,0,8066,2024-10-06 22:56:35
175712100,english,one of the best standalone games in the fromsoft series and the DLC is another great experience on top of the game of the year game you get to play.,2024-09-24 22:59:33,True,0,0,True,False,False,73,4,6547,258,6064,2024-10-22 05:22:35
175711110,english,Why is it always mushroom?,2024-09-24 22:37:56,True,0,0,True,False,False,0,3,6423,653,3301,2024-10-22 01:42:53
175710773,english,"I go fight boss
I die
Spend 2hrs
Beat the boss
""Where tf do I go now""
Spends 40 min adhd-ing around the map
Finds a new boss
Repeat.
Would recommend",2024-09-24 22:29:41,True,0,0,True,False,False,0,8,2394,0,869,2024-10-06 18:46:10
175710342,english,Best game ever yes if anybody tells you dlc/game is too hard too enjoy they are dumb because they cant even fing read when playing just do this : take the map mark interesting spots and go its adventure time ! if something feels hard just level up tip : level up your vigor in base game tip2: level up your scadutree fragments tip3 read the signs by players and explore more,2024-09-24 22:19:31,True,0,0,True,False,False,0,4,18265,2686,11693,2024-10-25 11:24:56
175709612,english,Do it. Win the game ;D,2024-09-24 22:06:02,True,0,0,True,False,False,0,2,4678,274,4322,2024-10-14 16:28:25
175709588,english,Really hard and sigma game and ranni has good feet,2024-09-24 22:05:31,True,0,0,True,False,False,0,1,3222,0,1789,2024-10-03 18:37:22
175709024,english,"Great game, if you enjoyed other Dark Souls games you'll love this one! A perfect example of how to further develop and innovate on an existing IP while still maintaining fun core mechanics.",2024-09-24 21:51:47,True,0,0,True,False,False,0,4,10876,0,9156,2024-10-04 22:34:08
175708450,english,um die and die 10/10 game I enjoy it,2024-09-24 21:39:39,True,0,0,True,False,False,16,4,2953,0,957,2024-10-08 07:39:14
175707254,english,i like :))),2024-09-24 21:16:58,True,0,0,True,False,False,0,61,8706,0,8416,2024-09-30 19:38:55
175706436,english,Death,2024-09-24 21:01:55,True,0,0,True,False,False,0,3,301,0,301,2024-09-21 09:23:04
175706015,english,"I'm incredibly picky, and can only think of 2-3 games in the last ten years I've really enjoyed. This game is a masterpiece. I put it on a pedestal with FF7 and aLttP as the greatest games ever made.",2024-09-24 20:54:20,True,0,0,True,False,False,658,5,4899,0,3703,2024-10-02 15:28:17
175705911,english,"I've never written a review before but this is my first because this is genuinely the worst designed game I've ever played. Hardly explains mechanics, weird boss fights, no guidance at all. 2/10 at best.",2024-09-24 20:52:28,False,1,0,True,False,False,12,1,73,0,73,2024-09-24 20:51:33
175705593,english,"Its very hard but i think its like that in every single souls game :)
",2024-09-24 20:46:49,True,0,0,True,False,False,87,16,930,0,922,2024-09-25 12:28:22
175705513,english,yes,2024-09-24 20:45:28,True,0,0,True,False,False,0,14,5402,0,1816,2024-10-07 22:15:31
175705215,english,yes bro,2024-09-24 20:39:46,True,1,0,True,False,False,0,3,1822,0,1427,2024-10-05 14:55:37
175704741,english,"good game 
",2024-09-24 20:30:39,True,0,0,True,False,False,0,1,11362,0,11264,2024-09-27 04:40:16
175704692,english,its ok I guess,2024-09-24 20:29:56,True,0,0,True,False,False,0,6,12894,174,12315,2024-10-18 00:12:34
175704346,english,Top tier fr.. the DLC just adds more to the flavor of the gameplay and lore. *chef kiss*,2024-09-24 20:23:24,True,0,0,True,False,False,0,4,5322,144,3713,2024-10-18 02:33:52
175703882,english,"Good game, the experiment with the open world format has been interesting. Dark Souls 3 is a better game.",2024-09-24 20:15:03,True,1,0,True,False,False,0,17,24845,1,24186,2024-10-14 23:03:43
175703534,english,Masterpiece !,2024-09-24 20:09:03,True,0,0,True,False,False,0,20,11585,0,11585,2024-08-08 23:50:18
175703087,english,"After 160 hours and getting all achievements, I still find myself booting up a new playthrough, just as excited to play as the first time around. 10/10 would recommend",2024-09-24 20:01:24,True,0,0,True,False,False,71,7,11030,1203,9653,2024-10-26 06:52:10
175702801,english,biblical,2024-09-24 19:55:39,True,0,0,True,False,False,152,29,4804,0,4804,2024-08-20 01:24:10
175702597,english,"Is this a hole?
-Land Octopus",2024-09-24 19:51:45,True,0,0,True,False,False,0,1,2034,0,385,2024-10-11 19:02:49
175702367,english,w game,2024-09-24 19:46:47,True,0,2,True,False,False,0,7,1046,107,293,2024-10-24 00:16:57
175701526,english,peak,2024-09-24 19:31:16,True,0,0,True,False,False,120,8,12850,0,12845,2024-10-12 11:05:08
175700753,english,good game,2024-09-24 19:16:48,True,0,0,True,False,False,0,6,13912,4213,5210,2024-10-25 21:04:37
175699182,english,Good game,2024-09-24 18:48:54,True,0,0,True,False,False,55,15,592,0,65,2024-10-09 01:39:25
175698258,english,Onion ring,2024-09-24 18:31:02,True,0,0,True,False,False,25,6,7240,0,7240,2024-09-24 07:24:36
175697564,english,"every elden has its ring
-john elden ring (literally me)",2024-09-24 18:18:14,True,0,0,True,False,False,48,9,4171,349,281,2024-10-20 12:56:33
175696639,english,hard,2024-09-24 18:01:42,True,0,0,True,False,False,0,9,9940,1850,4733,2024-10-26 05:16:50
175696100,english,very gud game. really enjoyed it,2024-09-24 17:53:10,True,0,0,True,False,False,0,1,9777,0,9777,2024-06-25 12:29:33
175695809,english,it runs nice but i dont know why i bought this... i cant beat anything,2024-09-24 17:47:54,True,0,0,True,False,False,0,25,501,0,330,2024-10-07 02:22:21
175695669,english,GOTY,2024-09-24 17:45:35,True,0,0,True,False,False,53,2,1705,161,730,2024-10-24 23:51:02
175695660,english,"Call me a casual if you want, but it’s just too darn hard for me. :(",2024-09-24 17:45:24,False,0,0,True,False,False,0,13,7521,3690,605,2024-10-26 04:02:57
175695457,english,.,2024-09-24 17:41:43,True,0,0,True,False,False,0,1,12847,0,12274,2024-10-01 15:25:43
175694615,english,"You've inflicted so much pain on me already, but it's ok cause i'm a masochist",2024-09-24 17:27:34,True,1,0,True,False,False,118,4,244,0,162,2024-09-25 19:34:55
175694328,english,"very good game, 9/10",2024-09-24 17:22:54,True,0,0,True,False,False,0,5,5555,0,5102,2024-09-30 20:37:20
175693894,english,GOATed open world game,2024-09-24 17:15:46,True,0,0,True,False,False,0,2,6469,575,1643,2024-10-18 01:04:26
175692037,english,"big sword 

yes yes",2024-09-24 16:45:19,True,0,0,True,False,False,13,2,3054,0,2709,2024-09-26 17:02:53
175691922,english,Why isn't this game in your library right now?,2024-09-24 16:43:30,True,0,0,True,False,False,102,6,8340,392,4407,2024-10-21 16:03:39
175690786,english,Perfect. I spent more than 300 hours to play this base game and the DLC.,2024-09-24 16:24:53,True,0,0,True,False,False,0,2,18575,3,18374,2024-10-24 15:12:23
175689038,english,this game makes me wish i was dead,2024-09-24 15:59:31,True,1,0,True,False,False,42,3,1619,0,1526,2024-09-24 20:07:50
175688097,english,changed my life,2024-09-24 15:44:59,True,0,0,True,False,False,0,1,5441,1388,3399,2024-10-24 16:30:42
175685039,english,W,2024-09-24 15:00:04,True,0,0,True,False,False,0,1,3069,239,672,2024-10-23 07:41:44
175684911,english,"Very noice game
",2024-09-24 14:58:00,True,0,0,True,False,False,0,2,5267,500,2524,2024-10-15 15:02:01
175684616,english,The multiplayer is very clunky. Was eventually able to play together but then somehow an invader came and killed us. NOT FUN.,2024-09-24 14:53:37,False,0,0,True,False,False,0,5,4278,1983,119,2024-10-25 15:38:32
175683858,english,"Too much copy-paste, same dungeons, same bosses, it gets boring. The game should've been half as long, then it would be great.",2024-09-24 14:42:07,False,0,0,True,False,False,38,6,7696,0,7696,2024-10-12 09:40:52
175682020,english,Pre solid.,2024-09-24 14:12:56,True,0,0,True,False,False,0,5,27277,244,20507,2024-10-18 00:00:13
175681568,english,"Game is extremely slow paced, I got bored really fast and ended up just watching Instagram reels while fighting bosses.",2024-09-24 14:05:56,False,7,0,True,False,False,0,33,1109,0,1109,2024-07-06 08:01:00
175681071,english,"Very difficult, not much direction (barely any at all actually), YouTube tutorials needed, but LOTS of content and once you start getting the hang of things it's a lot of fun! Definitely recommend, worth every nickel. THE MAP IS HUGE!!!!",2024-09-24 13:58:56,True,0,0,True,False,False,11,7,512,0,490,2024-09-24 14:20:51
175680784,english,Life changing,2024-09-24 13:54:11,True,0,0,True,False,False,0,1,7331,102,6342,2024-10-16 12:36:48
175674423,english,"I hate this game 10/10

",2024-09-24 11:57:14,True,1,0,True,False,False,27,11,1415,13,823,2024-10-21 10:52:29
175673897,english,Best of all time,2024-09-24 11:45:19,True,0,0,True,False,False,0,1,37068,3862,25744,2024-10-26 11:47:12
175672511,english,dryer than my dead nan,2024-09-24 11:14:47,False,1,0,True,False,False,0,1,907,0,724,2024-10-06 19:08:05
175672091,english,very nice,2024-09-24 11:04:55,True,0,0,True,False,False,0,3,26288,0,19612,2024-10-06 17:32:54
175671910,english,"What can I say, Masterpiece",2024-09-24 11:00:17,True,0,0,True,False,False,0,5,9881,221,9361,2024-10-24 15:24:27
175671018,english,"Hi there,

so, on PC... yeah nah... the mechanics are not great... I hoped for a little bit more fun and not ""work""...
If you lock on target, you get smashed by others, if you don´t, you don´t hit the target.
World interesting, little bit more lore or NPC interaction would be nice. 

Mostly the combat is horrible. There are games 10 years old that have better and more fun mechanics then that. I would like to run freely and smoothly but here you get shifted constantly. Most irritating is if you ""Walk backwards"" (as the tool tip says), you do not walk backwards if you are not locked on the target. You will turn around and walk, exposing your butt to the enemy to chew into. Terrible experience. Then, Inventory.... OMG the Inventory is so bad. No real overview, putting items into slots feels not natural. 

It is a typical console game and I cannot recommend it on PC at all.

If I could get my money back I would.",2024-09-24 10:37:30,False,1,0,True,False,False,0,3,368,0,368,2024-09-24 10:26:49
175670109,english,./lljbh,2024-09-24 10:14:34,True,0,0,True,False,False,0,2,16244,3525,8612,2024-10-19 21:52:19
175670061,english,too easy,2024-09-24 10:13:15,False,0,0,True,False,False,0,19,1329,110,368,2024-10-25 20:51:24
175669924,english,sema semu semi greatest game of all tiem,2024-09-24 10:09:16,True,0,0,True,False,False,0,2,5435,66,4820,2024-10-13 11:18:43
175669744,english,gyat,2024-09-24 10:04:38,True,2,0,True,False,False,93,7,5259,0,3112,2024-10-05 12:05:25
175669240,english,"Defeated demigods and became the Elden lord; then rats, trees and mob rush knights put my foolish ambitions to rest. Still one of the best open world experiences I've had ever. Also the game keeps trying to tell you that you died ?",2024-09-24 09:51:02,True,0,0,True,False,False,0,8,11330,897,6448,2024-10-17 19:19:13
175667714,english,BRUTUS,2024-09-24 09:08:42,True,0,0,True,False,False,0,2,6760,1391,1833,2024-10-23 21:45:44
175667318,english,"sexy game
",2024-09-24 08:57:56,True,0,0,True,False,False,0,3,3144,223,2114,2024-10-26 11:31:14
175666562,english,"Elden Ring stands as one of the best Souls games ever created, merging FromSoftware's signature brutal difficulty with a vast, open-world experience that feels rich and alive (unique). The story, co-written by George R.R. Martin, is a tapestry of lore, mystery, and intrigue, providing depth and a sense of purpose to your journey through its hauntingly beautiful yet dangerous lands. To mention, I love Game of Thrones and HOTD which George wrote too. ^^",2024-09-24 08:38:55,True,0,0,True,False,False,0,2,3532,279,2748,2024-10-24 14:42:21
175666288,english,9.5/.10,2024-09-24 08:31:20,True,0,0,True,False,False,516,10,12155,1902,8595,2024-10-24 12:14:54
175665639,english,"beutiful game with a good vibe, you feel like a god after beating even the first boss.",2024-09-24 08:12:03,True,0,0,True,False,False,0,3,2881,40,2678,2024-10-24 16:46:01
175664237,english,John EldenRing,2024-09-24 07:29:32,True,1,0,True,False,False,0,1,3654,0,3044,2024-10-01 14:13:14
175663572,english,all around a fun game,2024-09-24 07:08:23,True,0,0,True,False,False,0,7,1816,0,1214,2024-10-10 02:39:20
175663541,english,I love it! Another Dark souls game that is a masterpiece,2024-09-24 07:07:18,True,0,0,True,False,False,0,23,2355,717,213,2024-10-26 11:43:38
175663431,english,pretty good,2024-09-24 07:03:32,True,0,0,True,False,False,0,1,6656,0,6030,2024-10-10 20:18:04
175663281,english,"I finished it in 150 hours (100 base game, 45 dlc SOET), I will give it a 9/10.
This is my first fromsoft game, and I was expecting it to be hard but it was not at all, if you use all the resources the game gives you is pretty easy even tho I did not used summons.
I really recommend buying it with the DLC. Don't get fooled by people saying its hard because its not, you chose how hard you want it to be.

Good things:
-Huge maps rewarding you for exploring.
-Large arsenal of weapons giving you a lot of choises.
-Beautiful game and it runs well (except for the dlc SOTE).
-Good boss fights.
-Amazing lore if you are into it.

Major complains:
-The camera on some fights is horrible (eg. All dragons, Fire gigant).
-Torrent is really bad in fights and the minor movement you do you go flying elsewhere making it really annoying.
-Some questlines are almost imposible to complete on your own.
-Dodge on button release (This may be in other fromsoft games but it was hard for me to adapt at the beginning).",2024-09-24 06:58:15,True,0,0,True,False,False,119,14,8746,0,8746,2024-09-23 00:39:33
175663018,english,goate,2024-09-24 06:50:08,True,0,0,True,False,False,42,11,9588,0,8424,2024-09-27 22:33:34
175663004,english,"Genuinely one of if not the best game I've played in my life. Staying up till 9am (you read that right) during the tail end of my summer break while I was between jobs was an unforgettable and rewarding experience. Admittedly not for everyone but the worldbuilding, storytelling, character creation and combat make it more than worth it if you can stomach a game that viscerally hates you sometimes.",2024-09-24 06:49:13,True,0,0,True,False,False,178,3,19806,3270,16099,2024-10-23 01:55:19
175661710,english,"This game is epic, but story is too vague.",2024-09-24 06:09:45,True,0,0,True,False,False,0,3,3697,0,3579,2024-09-30 05:46:03
175661103,english,Pretty sick,2024-09-24 05:51:04,True,0,0,True,False,False,0,1,27039,0,26147,2024-10-08 04:18:00
175661096,english,"I was really excited to play Elden Ring, but unfortunately, I could not get my official Xbox controller to work, despite the game claiming to have controller support. Here’s everything I tried to fix the issue, but nothing worked:

1. Checked the controller settings in Steam - Made sure that ""Xbox Configuration Support"" and ""Generic Gamepad Configuration Support"" were enabled in the Steam controller settings.


2. Restarted Steam and the game - Tried launching Elden Ring multiple times, both with and without Big Picture mode, but still no luck.


3. Tried a different USB port - Switched my controller to every USB port available, thinking it might be a hardware connection issue, but no response from the game.


4. Updated my controller drivers - Downloaded the latest drivers for my Xbox controller from the official Microsoft website, but this didn’t resolve the issue.


5. Tested the controller with other games - My controller worked flawlessly with other Steam games, proving the problem is specifically with Elden Ring.


6. Disabled Steam Input for Elden Ring - Went into the game’s properties in my library and turned off the Steam Input to see if that would fix it, but still no response.


7. Checked in-game settings - Made sure the controller was selected as the primary input device in Elden Ring’s settings, but it simply didn’t recognize it.


8. Verified the game files - Used the “Verify Integrity of Game Files” option in Steam to ensure no corrupt files were causing the problem, but this didn’t help.


9. Disabled any overlays - Turned off any overlays like Steam Overlay, Xbox Game Bar, and even GeForce Experience, thinking they might be interfering, but it didn’t change anything.


10. Reinstalled the game - I even went as far as completely uninstalling and reinstalling Elden Ring, but that was just another wasted effort.



Despite all these troubleshooting steps, I couldn’t get my Xbox controller to work with Elden Ring. It’s incredibly frustrating, especially since the game advertises full controller support. I can't recommend this game if you plan on playing with a controller. It's a shame, as I was really looking forward to experiencing this title. Hopefully, FromSoftware fixes this issue soon, but until then, I’d advise controller users to be cautious before purchasing.",2024-09-24 05:50:53,False,0,0,True,False,False,0,3,29,0,29,2024-09-24 05:43:49
175660706,english,Roll Hit Roll Get Smashed Roll Heal Die,2024-09-24 05:39:42,True,0,0,True,False,False,11,8,2661,15,646,2024-10-25 05:16:29
175660389,english,"Fort Night, Try Finger But Hole, Try Jumping, You Don't Have The Right, O You Don't Have The Right By The Way You Don't Have Right, O You Don't Have The Right, Behold, Regret! Could This Be A Dog? Edge Lord, First Off Look Closely, Then Explosion",2024-09-24 05:30:10,True,0,0,True,False,False,0,4,36545,0,35757,2024-09-27 18:44:18
175658794,english,thanks michaelzaki very cool game please have sex with my wife,2024-09-24 04:44:42,True,0,0,True,False,False,0,2,48906,0,47665,2024-10-11 00:46:38
175656924,english,if you love RPG games gt this one. period.,2024-09-24 03:55:26,True,0,0,True,False,False,0,3,5176,1159,387,2024-10-22 12:01:47
175656522,english,awesome sauce very good,2024-09-24 03:44:43,True,0,0,True,False,False,0,22,24109,294,23299,2024-10-26 07:37:36
175655280,english,Yes.,2024-09-24 03:13:07,True,0,0,True,False,False,0,3,6299,19,6279,2024-10-19 06:27:14
175654758,english,Most detailed game ever made. The mechanics and world-building are unmatched... It could be the greatest game ever made.,2024-09-24 02:59:51,True,0,0,True,False,False,0,1,3951,770,1530,2024-10-23 08:33:30
175654623,english,"This is the only other game I bought full price a second time moving from console to pc. Its amazing, play it blind, but you already know that",2024-09-24 02:56:29,True,0,0,True,False,False,0,9,1213,324,865,2024-10-23 06:22:22
175654142,english,"Go in a cave, under a well sort of elevator, through a giant ant nest, you'll arrive, under the waterfall open up a chest, find a lightning bolt ability but only if you first kill an ancient dragon who guards a skeleton on a throne. The ability is the best...",2024-09-24 02:43:56,True,0,0,True,False,False,0,5,10153,0,10153,2024-08-27 13:04:36
175653878,english,"Great game, only downside is every other game is now less fun",2024-09-24 02:37:33,True,0,0,True,False,False,15,3,9805,32,9384,2024-10-13 03:03:54
175653785,english,Such Wow,2024-09-24 02:35:05,True,0,0,True,False,False,49,1,10740,712,10028,2024-10-24 21:39:24
175652860,english,"Elden Ring is an amazing open world rpg game. When I first got it I was confused and didn't play it. Then, I decided to give it another try and now I love it.",2024-09-24 02:11:34,True,0,0,True,False,False,0,2,909,21,615,2024-10-15 02:49:56
175651960,english,i ahte mmy self,2024-09-24 01:48:13,True,0,0,True,False,False,0,1,3798,0,3798,2024-09-23 07:55:01
175651788,english,0 deaths,2024-09-24 01:44:18,True,0,0,True,False,False,78,15,255,0,255,2024-09-24 01:30:18
175651421,english,I play lot of game.,2024-09-24 01:34:27,True,0,0,True,False,False,65,5,10,0,10,2024-04-20 15:42:26
175651278,english,"game is like a 5/10 confusing story and exploration you must have youtube open to do anything your first time the combat gets more fun as you go but is still lacking, alot of the bosses are unfun and the camera angle doesnt allow you to see alot of the cool bosses. the story makes no sence and is so confusing too follow and even the cutscenes are quite underwhelming. game only sold so well because its called elden ring. aswell every warning of this games glaring flaws is overshadowed by ""skill issue"" witch is totally wrong i tried differnt builds ranging in difficulty and i can say the bosses are hard out of bad design and trying to shove precise combat into a clunky undone combat system but as someone who played through the game even though it feels more of a chore then a game its not fun at all if you kill a boss in 3 attempts not fun if you do it in 1000 still not fun. maliketh the cool visuals and effort put into the game are the only things keeping it from being a dumpster fire.",2024-09-24 01:31:28,False,0,0,True,False,False,0,7,3788,428,3360,2024-10-19 04:01:13
175651053,english,game,2024-09-24 01:25:47,True,0,0,True,False,False,26,6,8170,508,5624,2024-10-23 04:26:23
175650779,english,.,2024-09-24 01:18:58,True,0,0,True,False,False,113,15,11081,5701,3294,2024-10-26 11:38:50
175650351,english,"bruh pvp is unfair thou its fun 
",2024-09-24 01:08:13,True,0,0,True,False,False,0,1,9333,2057,2188,2024-10-26 10:04:58
175649949,english,"this is a good game

I'll eat a spoonful of mayonnaise if you like this comment",2024-09-24 00:58:30,True,1,0,True,False,False,0,5,4412,1663,187,2024-10-25 22:18:51
175648892,english,its amazing,2024-09-24 00:31:35,True,0,0,True,False,False,42,3,8589,235,7567,2024-10-25 16:59:24
175648577,english,lk,2024-09-24 00:24:06,False,0,0,True,False,False,0,6,263,0,263,2024-09-17 00:34:49
175648536,english,Fun,2024-09-24 00:23:06,True,0,0,True,False,False,86,7,12716,543,9419,2024-10-13 23:18:32
175648401,english,"It's a piece of art, and now my favorite game",2024-09-24 00:19:30,True,0,0,True,False,False,49,2,37824,0,37824,2024-09-04 08:31:46
175648278,english,its alright I guess,2024-09-24 00:16:18,True,0,0,True,False,False,0,5,9342,0,9329,2024-10-04 00:03:25
175648066,english,its grape,2024-09-24 00:10:33,True,0,0,True,False,False,0,2,10567,887,8529,2024-10-25 02:53:47
175647580,english,One of the best Games of the past 5 years hands down,2024-09-23 23:58:21,True,0,0,True,False,False,0,2,6094,0,326,2024-10-06 21:41:52
175647457,english,maidens,2024-09-23 23:55:22,True,0,0,True,False,False,0,10,20533,0,20533,2024-07-28 02:58:16
175646763,english,This Game Got Rid Of My Depression For A Month,2024-09-23 23:37:01,True,3,0,True,False,False,72,2,5868,554,4335,2024-10-18 04:59:52
175646558,english,yes,2024-09-23 23:32:02,True,0,0,True,False,False,0,10,10671,0,10671,2024-07-18 14:25:35
175646069,english,so good might be the best game I have played yet,2024-09-23 23:19:43,True,0,0,True,False,False,0,1,4506,243,3024,2024-10-17 02:46:29
175645789,english,,2024-09-23 23:11:42,True,1,0,True,False,False,0,5,953,0,342,2024-09-27 21:57:46
175645754,english,Fantastic game recommend it to anyone who hasn't already seen it,2024-09-23 23:10:51,True,0,0,True,False,False,0,3,3224,953,696,2024-10-23 01:27:49
175645612,english,7,2024-09-23 23:07:04,True,0,0,True,False,False,0,7,2583,0,283,2024-10-11 02:07:52
175645377,english,"amazing, no complaints, too easy (I lie)",2024-09-23 23:00:57,True,0,0,True,False,False,0,2,1464,0,549,2024-10-02 21:00:02
175645177,english,get this game its so much fun,2024-09-23 22:56:26,True,0,0,True,False,False,0,1,9999,2511,4589,2024-10-26 03:14:09
175644888,english,love game super awesome,2024-09-23 22:49:17,True,0,0,True,False,False,0,1,1746,582,421,2024-10-16 02:05:04
175644748,english,"What I like as the bosses because they have amazing attack patterns. The graphics are clean and smooth. Another thing about this game is that you can explore the map for probably hours and not get bored of it. You don't need to search up any guides unless you are searching up a build or trying to get a talisman. This might be the best souls game. I really love it so you should buy it too. If you buy it and play it, good luck, you'll most likely need it.",2024-09-23 22:45:25,True,0,0,True,False,False,2,1,5392,0,4890,2024-09-27 03:41:30
175644573,english,nie polecam,2024-09-23 22:41:09,False,0,0,True,False,False,47,2,79,0,79,2024-05-19 19:41:47
175644069,english,meh it's alright I guess...,2024-09-23 22:27:29,True,0,0,True,False,False,114,13,65090,5076,51617,2024-10-26 11:21:54
175643987,english,chill asf,2024-09-23 22:25:37,True,0,0,True,False,False,0,4,1608,30,451,2024-10-17 18:52:12
175643492,english,one of the best games i ever played,2024-09-23 22:14:15,True,0,0,True,False,False,101,1,4997,0,4997,2024-08-10 22:59:58
175643342,english,Fantastic game thanks Kai Cenat,2024-09-23 22:11:25,True,1,0,True,False,False,0,25,7816,0,7816,2024-08-05 03:33:52
175643289,english,"After all my hours on the PS5 version, I also needed the PC version too",2024-09-23 22:10:13,True,0,0,True,False,False,0,1,1340,0,806,2024-10-04 00:56:58
175643238,english,hurts so good!,2024-09-23 22:08:31,True,0,0,True,False,False,0,2,11838,2376,7786,2024-10-25 21:32:19
175643191,english,Amazing game 10/10,2024-09-23 22:07:18,True,0,0,True,False,False,0,1,6227,0,5876,2024-10-02 00:59:29
175643029,english,"elden ring? more like smellden ring ha ha ha

but ya it's pretty good, lots of things to beat to death with hammers would recommend",2024-09-23 22:03:44,True,0,0,True,False,False,0,8,27248,0,27248,2024-09-08 19:06:36
175642678,english,"In the 6 hours that I've played...

This game has Engaging Combat, Interesting Lore, and GREAT interactivity.

Too bad I can't get into a fight without dying immediately... *Skill Issue*",2024-09-23 21:56:30,True,0,0,True,True,False,0,5,6916,2,373,2024-10-14 21:19:53
175642523,english,Masterpiece,2024-09-23 21:53:14,True,0,0,True,False,False,0,2,5439,1856,1499,2024-10-25 16:27:57
175642220,english,best game,2024-09-23 21:46:08,True,1,0,True,False,False,0,2,16900,6483,889,2024-10-26 11:38:16
175642171,english,"sometimes you just say...
Live n Let Die",2024-09-23 21:44:59,True,0,0,True,False,False,65,10,2019,428,230,2024-10-26 07:30:33
175642102,english,Best soul-like game right now in 2024,2024-09-23 21:43:10,True,0,0,True,False,False,143,4,1028,158,647,2024-10-15 00:40:13
175641120,english,if ur new this shit will be so hard good luck lol,2024-09-23 21:21:54,True,0,0,True,False,False,0,10,1103,26,965,2024-10-18 03:24:38
175641046,english,i only used bloodhounds fang during the whole game 😎,2024-09-23 21:20:25,True,0,0,True,False,False,166,8,5396,0,5396,2024-08-29 01:10:54
175641023,english,The most challenging and addicting game I've ever played.,2024-09-23 21:19:59,True,0,0,True,False,False,0,4,28241,8361,547,2024-10-24 14:55:43
175640975,english,"Steam wouldn't give me a refund even though I barely even played this game. I just played enough to figure out whether I like this game (I really don't). The game lasts hundreds of hours and I was denied a refund even though I barely figured out the basics. The vast majority of the clocked time on this game it was just sitting idle as I read guides on what to do next. I wasn't playing it. 

I'm really, really not happy that I'm now stuck with this game that I don't like anything about.",2024-09-23 21:18:52,False,1,1,True,False,False,0,57,6398,2333,465,2024-10-26 00:04:43
175639973,english,Best video game ever! Simple as that!,2024-09-23 20:59:29,True,0,0,True,False,False,0,3,23396,0,23396,2024-08-21 14:46:05
175638919,english,:),2024-09-23 20:37:24,True,0,0,True,False,False,37,4,7045,0,6431,2024-09-26 10:37:35
175638340,english,"This is a great game. Fun, and intuitive. Great lore from GRRM. I specifically liked the Miquella, and Radahn romance arc.",2024-09-23 20:25:38,True,0,0,True,False,False,0,5,1893,0,510,2024-10-12 08:02:44
175638083,english,"definitely more friendly to newer players of souls-likes, yet still has the difficulty of any other souls game. 9/10 remove rykard",2024-09-23 20:21:01,True,0,0,True,False,False,0,7,19745,0,18030,2024-10-08 15:53:20
175637969,english,yes,2024-09-23 20:18:34,True,0,0,True,False,False,0,1,3429,812,550,2024-10-26 02:51:00
175637727,english,Cinema,2024-09-23 20:13:10,True,0,0,True,False,False,0,4,32552,57,32494,2024-10-18 21:22:09
175637642,english,DLC and newest updates broke online mode for Steam Deck so if you don't have DLC it won't work. There were some solutions with using Proton GE 9.10 and another with creating empty files but game which is verified should be working without need of doing shit workarounds.,2024-09-23 20:11:44,False,0,0,True,False,False,1920,60,312,0,312,2024-09-23 19:59:05
175637333,english,"*smashes keyboard after dying 17 times in a row to the same attack*
Good game :D",2024-09-23 20:05:47,True,0,0,True,False,False,64,3,7619,0,7619,2024-09-20 00:15:58
175636720,english,i didn't go bald yet,2024-09-23 19:54:35,True,0,0,True,False,False,0,7,4081,562,396,2024-10-19 17:52:07
175636532,english,"decided at last to finally dip my toes into this game to learn more about FromSoftware's level design approach and how they balanced it out throughout the game. To keep it short, it's formidable how well though out every encounter, dungeon, point of interest and item distribution is laid out to player, making it a unforgettable experience that everyone should give it a go. 

Exploration is rewarding, environmental storytelling is breath taking and the sheer scale of the world makes you discover every nook and cranny of what it has to offer you.",2024-09-23 19:50:35,True,1,0,True,False,False,0,24,5868,9,5858,2024-10-21 15:45:04
175636468,english,a,2024-09-23 19:49:19,True,0,0,True,False,False,0,1,7491,2017,701,2024-10-26 03:49:44
175636111,english,Rape,2024-09-23 19:42:14,True,0,0,True,False,False,0,12,2183,0,1730,2024-09-27 23:06:30
175635879,english,10/10,2024-09-23 19:37:55,True,0,0,True,False,False,0,2,1278,27,1149,2024-10-14 00:24:32
175634700,english,fun not a bot i swear game good yes,2024-09-23 19:15:51,True,0,0,True,False,False,0,1,5991,670,1014,2024-10-24 04:13:21
175634233,english,"Try Finger
But Hole",2024-09-23 19:07:46,True,0,0,True,False,False,101,5,4427,0,3585,2024-10-02 23:23:42
175632319,english,"Elden Ring is like willingly stepping into a battlefield where the only guarantee is pain, but the kind of pain that leaves you craving more. It’s Dark Souls on steroids—only this time, the world is so massive, you can get lost in it for hours, just to stumble upon something even more soul-crushing than the last boss that wrecked you. And you’ll love every second of it.

The combat? Oh, it’s brutal. Every enemy looks like it crawled straight out of a nightmare, designed to make sure you second-guess every decision you’ve ever made. But when you finally land that perfect parry or take down that seemingly impossible boss, it’s like a rush of adrenaline straight to your veins. You’ve earned that win, and no one can take it from you. But don’t get cocky, because this game lives to humble you. Every. Single. Time.

The world? A sprawling fever dream of chaos, beauty, and terror all rolled into one. You can’t explore for more than five minutes without being ambushed by something monstrous, and yet you’ll keep pushing forward, eyes wide, because the environment just dares you to see what’s around the next corner. And trust me, it’s usually something that wants to rip your face off.

The story? Classic FromSoftware—vague and scattered across cryptic lore, but somehow dripping with dark allure. You’ll spend hours piecing it together, and even when you think you’ve got it, the game leaves you with more questions than answers. But honestly, the story isn’t what keeps you coming back. It’s the challenge. It’s the thrill of dying 30 times in the same spot, only to finally crack the code and make that zone your kingdom.

The open world is your playground, and by playground, I mean death trap. There are no hand-holds here—no map markers to coddle you, no easy routes. You explore at your own risk, and most of the time, you’ll pay for that curiosity with your life. But that’s the beauty of Elden Ring. It doesn’t care about your feelings. It wants you to fight, to suffer, to overcome.

Is it frustrating? Hell yes. Is it worth every moment of that frustration? Absolutely. Elden Ring will drag you through the mud, but by the end, you’ll feel like you conquered the impossible. You’ll wear every scar from this game with pride, and that’s why it’s a masterpiece. It doesn’t just test your skills—it tests your will. And if you survive, you’ll walk away feeling like a god.",2024-09-23 18:34:05,True,2,0,True,False,False,0,31,41303,0,40587,2024-10-12 10:22:47
175631260,english,"I am no stranger to the Souls franchise, I owned and played Dark Souls on Xbox 360 and have watched countless hours of Dark Souls, Demon Souls, and Bloodborne videos on YouTube, but I have never been very good at the games. I was skeptical of buying this game at first due to my fear of constant rage-quitting or getting lost; however, after buying the game I was hooked within the first five minutes. I love that FromSoftware strayed away from the linear formula of past titles and went more open world with this game. This game is a must have, especially with the Seamless Co-op Mod.",2024-09-23 18:16:10,True,0,0,True,False,False,0,5,2494,312,1297,2024-10-26 01:06:59
175630759,english,"Los textos de dialogos, de descripciones de todo tipo de objetos, en la Consola steam Deck Oled son tan ilegibles y diminutos que hacen del juego IMPOSIBLE!!!

el dark souls 1,2,3 tienen en este aspecto el tamaño y claridad de todo texto sumamente CLARO lo que sí los hace jugables 100%

Le doy a ELDEN Ring Por este aspecto de las letras sumamente pequeñas 1 estrella de 5",2024-09-23 18:07:12,False,0,0,True,False,False,0,4,2499,1123,97,2024-10-25 21:44:23
175630696,english,I guess I choose this over my life :),2024-09-23 18:06:04,True,0,0,True,False,False,0,6,4559,0,959,2024-10-11 07:47:18
175630297,english,"it was fun
",2024-09-23 17:58:44,True,0,0,True,False,False,0,1,33,0,33,2024-04-01 19:40:16
175629806,english,fun,2024-09-23 17:50:30,True,0,0,True,False,False,0,3,25518,0,25518,2024-08-28 21:57:15
175627363,english,peak,2024-09-23 17:07:20,True,0,0,True,False,False,0,2,24171,93,22882,2024-10-26 00:24:16
175626176,english,Nienawidze tej gry.,2024-09-23 16:47:53,True,0,0,True,False,False,90,6,13197,2184,12502,2024-10-26 09:38:33
175625639,english,How to kill fire giant,2024-09-23 16:38:55,True,0,0,True,False,False,0,5,5294,1,4867,2024-10-26 11:57:02
175625568,english,THE ELDEN RINGGGGGGGGGGGGG AAAAAAAAAAAAAAA,2024-09-23 16:37:53,True,0,0,True,False,False,0,1,8619,0,8619,2024-01-07 21:07:04
175624733,english,Somebody got paid to design Elden Beast. Let that sink in.,2024-09-23 16:23:55,False,0,0,True,False,False,0,13,34736,0,34061,2024-10-11 23:18:19
175624508,english,mastrepiece,2024-09-23 16:19:47,True,0,0,True,False,False,0,3,4835,1362,762,2024-10-25 23:45:51
175624500,english,"First Souls Game, Looking forward to the Dark Souls Series",2024-09-23 16:19:38,True,0,0,True,False,False,0,4,3310,1045,66,2024-10-20 13:36:17
175624154,english,what a masterpiece,2024-09-23 16:14:18,True,0,0,True,False,False,0,10,4127,0,2225,2024-09-28 16:45:11
175624022,english,"malenia is really charming, delightful engaging, winsome, ravishing, gorgeous, heavenly, stunning, arresting, glamorous, irresistible, bewitching, beguiling, graceful, elegant, exquisite aesthetic, artistic,
decorative, magnificent, bonny, hot, tasty, divine, knockout, drop-dead, gorgeous, fanciable, beddable, easy on the eye, fit, smashing, cute, foxy, beaut, spunky, beauteous, comely, fair, sightly, 

I LUVVVVEE HER SO MUCH EVEB THO SHE IS SOO DIFFICUKTY AND SHE MAKE FEEL SOMTHING Ive nervr
felt 
",2024-09-23 16:12:27,True,1,0,True,False,False,0,1,7155,1655,4326,2024-10-22 21:31:28
175622966,english,"My friend has been missing ever since he said this game sucks. 

The last time i heard from him. I could only hear screams drowned out by an orchestra.

But the game is really good.
",2024-09-23 15:55:21,True,0,0,True,False,False,67,1,7346,1307,650,2024-10-24 19:14:42
175622385,english,fun but i get lost but im goated so i win,2024-09-23 15:45:28,True,0,0,True,False,False,0,12,3496,6,511,2024-10-15 15:04:40
175621910,english,yes,2024-09-23 15:37:43,True,0,0,True,False,False,0,1,4386,6,1824,2024-10-18 08:45:54
175621740,english,Get molested by a boss screaming at my screen for 5 hours before I finally manage to beat it and proceed thank Miyazaki for giving us a close up of morgotts feet,2024-09-23 15:35:19,True,0,0,True,False,False,0,3,1103,63,637,2024-10-24 16:52:45
175619068,english,"Other: Eat, sleep, repeat.
Me in Elden Ring: Fight, Die, Repeat",2024-09-23 14:54:34,True,0,0,True,False,False,0,11,4039,939,1113,2024-10-24 16:02:15
175617799,english,trash,2024-09-23 14:37:43,False,6,0,True,False,False,55,5,7438,0,7438,2024-08-06 17:08:06
175617103,english,"I can't get out of the tutorial area without my computer giving into itself 
The tutorial was pretty good
(I got it to work now :))",2024-09-23 14:28:43,True,0,0,True,False,False,78,8,439,0,87,2024-10-02 14:53:58
175615881,english,this game makes me want to kill myself but at the same time i love it,2024-09-23 14:12:21,True,1,0,True,False,False,23,5,8360,0,4058,2024-10-06 12:56:00
175615871,english,Amazing game with unreal graphics. A real test. Only small knock is a lack of a clear story line.,2024-09-23 14:12:08,True,0,0,True,False,False,0,1,17135,0,17135,2024-09-13 20:55:04
175615674,english,"I was not attracted to the Dark Souls games, for a variety of reasons, but I wanted to try this game, and it lives up to the hype. It's one of those games that I would recommend everyone to experience a full playthrough at least once.",2024-09-23 14:09:15,True,0,0,True,False,False,33,21,12687,3464,3462,2024-10-26 11:18:54
175615205,english,"Best Game I have ever played, it entertained me for very long 10/10 makes grinding fun",2024-09-23 14:02:28,True,1,0,True,False,False,0,1,7914,1,7914,2024-10-26 11:56:27
175613933,english,"Absolutely addictive game with so much to do. Explore, conquer, and play how you want to play. This game is the most challenging and rewarding game I have played in years. It continues to keep you on your toes with engaging and challenging boss fights, dungeons and massive open world content.",2024-09-23 13:43:26,True,0,1,True,False,False,45,4,7171,1099,3332,2024-10-26 03:15:56
175613799,english,"Weak foe ahead, in short try skill",2024-09-23 13:41:09,True,0,0,True,False,False,0,1,22988,0,22154,2024-10-07 19:03:53
175612845,english,It's tolerable.,2024-09-23 13:27:19,True,2,0,True,False,False,238,5,20356,0,17871,2024-10-03 20:21:34
175612035,english,this is literally the best game ever,2024-09-23 13:14:12,True,0,0,True,False,False,96,11,15762,55,14888,2024-10-24 03:14:10
175611865,english,Wish there was a another ending where you can save all the maidens and become the harem lord instead of elden lord,2024-09-23 13:11:09,True,1,0,True,False,False,0,1,8544,0,8544,2024-08-31 15:25:18
175611750,english,one of my top fav games  i really love this game,2024-09-23 13:09:09,True,0,0,True,False,False,0,86,2781,0,2781,2024-09-22 11:41:48
175611240,english,"Unpopular opinion.
The game just isn't fun.",2024-09-23 13:00:49,False,8,0,True,False,False,137,12,6637,1694,561,2024-10-25 07:37:04
175610809,english,Beautifully grim <3,2024-09-23 12:54:29,True,0,0,True,False,False,0,2,8608,0,5739,2024-10-09 12:39:05
175610707,english,"start-->die-->get rune back-->die-->go back to spawn--> die -->hit npc on accident--> farm ass off for forgiveness-->all just to die again.
10/10",2024-09-23 12:52:50,True,0,0,True,False,False,0,2,912,18,143,2024-10-18 11:26:07
175610208,english,"Loving the game, got late to the party but it brings back feelings of  Skyrim the first time around.",2024-09-23 12:44:02,True,0,0,True,False,False,0,1,10164,2963,3273,2024-10-24 22:32:55
175609729,english,Good game,2024-09-23 12:35:42,True,0,0,True,False,False,23,3,6745,5,6735,2024-10-21 14:10:22
175609049,english,"Life of a PVP laggard. almost always a 1v3 situation, almost always clapped by meta weapons, every now and then invade cheaters who crash my PC. 393 hours on clock, will continue to suffer. all is as Hidetaka Miyazaki intended 10/10.",2024-09-23 12:24:19,True,1,0,True,False,False,0,9,23626,0,23601,2024-09-26 05:29:53
175607394,english,"This game is not a 10/10, nor is it the best game ever made or even the best game FromSoftware has released. It is a good game, but more =/= better. 7/10",2024-09-23 11:52:13,True,2,0,True,False,False,0,30,3783,0,3783,2024-09-22 21:07:32
175607336,english,"Elden Ring stands out as an extraordinary achievement in game design, particularly for its impressive customization options and exhilarating gameplay. From the moment you enter the Lands Between, you’re greeted with a level of freedom that lets you tailor your experience like never before.

The character customization is simply amazing. You can shape not just your character’s appearance but also how you approach the game. Whether you want to be a stealthy rogue, a mighty sorcerer, or a heavily armored tank, the choices are extensive. The variety of weapons, spells, and gear allows for countless combinations, ensuring that every player can find a build that suits their style. This level of personalization makes each playthrough feel unique and rewarding.

The gameplay itself is brutally fun, combining a sense of challenge with a rewarding flow. While it may be the most accessible game FromSoftware has released, don’t be fooled into thinking it’s easy. Each encounter demands skill and strategy, with the satisfying thrill of mastering tough bosses and overcoming obstacles. The weighty, impactful combat makes every victory feel earned, and the adrenaline rush keeps you coming back for more.

However, the multiplayer aspect leaves something to be desired. While teaming up with friends is a great concept, the execution can be frustrating. Connection issues and limitations in summoning can interrupt the experience, making it feel less seamless than it should be. This aspect can be a letdown, especially when you’re eager to share the adventure with others.

In summary, Elden Ring is a 10/10 experience that brilliantly combines deep customization with brutally enjoyable gameplay. The world is expansive and filled with secrets, encouraging exploration and discovery. Despite some co-op frustrations, the game is an absolute must-play for anyone looking for an unforgettable adventure. FromSoftware has crafted another classic, and it’s a journey you won’t want to miss.",2024-09-23 11:51:19,True,0,0,True,False,False,148,21,3386,0,3386,2024-09-23 11:20:21
175606954,english,"Its a very easy game.
recommend for beginners",2024-09-23 11:44:23,True,1,0,True,False,False,0,2,3400,721,354,2024-10-25 18:04:08
175606933,english,i love this game!!,2024-09-23 11:43:51,True,0,0,True,False,False,0,2,16769,0,16769,2024-09-12 01:38:10
175605705,english,"My first Souls game and I loved it. After finally setting up my pc, a friend convinced me to get it and I had so much fun exploring and fighting each enemy.",2024-09-23 11:18:48,True,0,0,True,False,False,0,1,6917,0,6917,2024-09-23 11:16:44
175604350,english,Good game,2024-09-23 10:49:44,True,0,0,True,False,False,0,1,8936,0,5477,2024-10-01 14:38:04
175604284,english,"It is one of the best games I have every played. You should def get it. And if u can, get the DLC.",2024-09-23 10:48:14,True,0,0,True,False,False,0,2,11927,15,11276,2024-10-20 18:53:54
175603488,english,nO,2024-09-23 10:30:30,False,0,0,True,False,False,0,27,418,0,414,2024-09-29 18:47:06
175602403,english,Dit is een spel,2024-09-23 10:11:33,True,0,0,True,False,False,236,23,636,0,72,2024-09-27 23:32:02
175602054,english,great and fun game but i wanted to say placidusax might be the most underwhelming and overrated boss ive ever fought in a video game every single attack is insanely telegraphed or you just run to the side for 2 seconds to dodge it AND it doesnt even look that cool AND he has a shit ton of health so youre kinda just walking around him hitting him a few times every 5 seconds for like 10 mins,2024-09-23 10:05:43,True,0,0,True,False,False,0,16,18232,0,14831,2024-10-04 01:58:43
175600333,english,"10/10
play it",2024-09-23 09:25:47,True,0,0,True,False,False,0,1,9975,211,8728,2024-10-24 16:00:52
175599970,english,"I guess I'm going to try finger, but hole",2024-09-23 09:17:05,True,0,0,True,False,False,0,5,6632,0,4836,2024-10-08 06:09:32
175599792,english,"FUCK YOUUUUU MARGIT, THE FELL OMEN. YOU CAN SUCK MY DICK",2024-09-23 09:12:43,True,0,0,True,False,False,41,22,1124,502,360,2024-10-18 20:54:43
175599721,english,"not hard enough, please add more draconic tree sentinels",2024-09-23 09:11:05,True,1,0,True,False,False,0,3,10205,0,10205,2024-08-16 10:25:23
175599655,english,worth every cent tbh,2024-09-23 09:09:38,True,0,0,True,False,False,32,7,10336,318,5876,2024-10-26 05:38:06
175599453,english,one of the best games ever made,2024-09-23 09:04:08,True,1,0,True,False,False,0,22,22529,0,22529,2024-09-22 13:28:26
175599070,english,peak,2024-09-23 08:54:40,True,0,0,True,False,False,0,1,6126,0,5492,2024-09-28 13:24:41
175598289,english,YES PLAY IT PLS,2024-09-23 08:36:21,True,1,0,True,False,False,16,5,4418,397,1862,2024-10-15 11:41:44
175597713,english,I like how sometimes you will be on top and next moment gremlin with wings will stab you and will be freed  you from your delusions,2024-09-23 08:21:49,True,0,0,True,False,False,0,1,16672,3968,5662,2024-10-25 22:15:45
175597117,english,"Elden ring ist einfach das beste spiel ist, dass ich jemals gespielt habe
Super grafik 10/10
Content 10/10 
Bosskämpfe 10/10 
Vielfalt an builds 10/10 
Insgesamt 10/10",2024-09-23 08:06:56,True,0,0,True,False,False,46,6,12592,67,10674,2024-10-14 18:00:45
175596622,english,"A great game I heard, a great game indeed I realised",2024-09-23 07:53:33,True,0,0,True,False,False,122,12,8616,3691,622,2024-10-26 11:17:55
175596478,english,this is a very cool game i like it :D,2024-09-23 07:49:22,True,0,0,True,True,False,0,1,12492,3742,718,2024-10-20 20:48:02
175595652,english,This game is only for maschosists!,2024-09-23 07:22:02,True,0,0,True,False,False,0,3,404,0,218,2024-09-23 23:44:31
175594514,english,Radahn made me gobble his Elden balls,2024-09-23 06:45:37,True,0,0,True,False,False,0,4,3669,213,1249,2024-10-25 12:16:03
175594284,english,really good game would make multiple accounts and but it again and again,2024-09-23 06:38:02,True,0,0,True,False,False,0,2,6134,0,5758,2024-10-12 06:32:13
175593842,english,Good stuff,2024-09-23 06:23:15,True,0,0,True,False,False,0,4,3065,768,641,2024-10-26 11:39:51
175593643,english,pretty good,2024-09-23 06:16:47,True,0,0,True,False,False,0,6,28222,0,28222,2024-09-18 07:49:31
175593348,english,"FUCK THIS STUPID ASS GAME, You should buy it",2024-09-23 06:06:54,True,0,0,True,False,False,44,6,9300,241,7207,2024-10-24 05:33:57
175593134,english,"Very challenging, yet very addictive. I literally can't stop playing",2024-09-23 05:59:19,True,0,0,True,False,False,0,4,4958,1354,1840,2024-10-26 05:03:37
175592853,english,Its aight.,2024-09-23 05:49:38,True,0,0,True,False,False,66,11,13265,273,12137,2024-10-22 20:43:59
175592711,english,Nuuh,2024-09-23 05:45:07,True,0,0,True,False,False,2,1,10441,700,4133,2024-10-24 13:15:37
175592439,english,The more you learn about the game the more amazing it gets. 10/10,2024-09-23 05:36:45,True,0,0,True,False,False,0,6,20468,2398,16451,2024-10-26 06:43:04
175592045,english,Jawdropping open-world game. Every nooks and crannies are actually explorable. Simply amazing. Worth purchasing.,2024-09-23 05:24:54,True,0,0,True,False,False,0,1,5737,8,5404,2024-10-20 11:10:01
175591347,english,second best game ever made,2024-09-23 05:03:04,True,0,0,True,False,False,0,2,5589,0,4960,2024-09-24 11:07:01
175591183,english,best game,2024-09-23 04:58:36,True,0,0,True,False,False,0,8,15572,0,15283,2024-09-27 11:28:37
175591179,english,This game impregnated me.. 10/10,2024-09-23 04:58:24,True,1,0,True,False,False,0,1,824,0,686,2024-09-24 23:03:28
175591002,english,very fun but very difficult,2024-09-23 04:53:13,True,0,0,True,False,False,98,3,9033,0,8939,2024-09-24 22:21:46
175590946,english,"not meant for everyone, fun if you understand that the game punishes you so you can learn how to play it",2024-09-23 04:51:24,True,0,0,True,False,False,0,2,505,2,342,2024-10-12 19:10:10
175590266,english,"Lota fun, kinda hard tho",2024-09-23 04:31:54,True,0,0,True,False,False,0,6,7895,0,7343,2024-10-02 01:03:03
175590232,english,"Well, this is the first time i bought a Game + DLC on Steam with a full price!

I gotta say, worth every pennies i spent, this is the best souls series and a masterpiece by from Software

Truly one of the masterpiece of modern games that mankind ever created, i enjoyed every minute playing elden ring, even though i did not enjoy how i often die by a silly decisions i made in the game.

the art, the soundtrack, the game mechanics, the customization, level design, all of the aspects of this game complete each other! definitely worth the time & money you spent on this masterpiece!",2024-09-23 04:30:52,True,0,0,True,False,False,84,40,16500,0,14955,2024-10-06 11:52:00
175590182,english,Certified masterpiece!,2024-09-23 04:29:34,True,0,0,True,False,False,164,4,2055,0,1915,2024-09-23 06:59:56
175590170,english,"best game ever best dlc ever. better than the trash that Spanish trasg Garrus Recommended he sell his ass for that unfinish game and still broken, yes dragon dogma brokentrash",2024-09-23 04:29:05,True,0,0,True,False,False,0,9,18392,0,18392,2024-09-23 04:19:15
175589546,english,"amazing game, definetly not for the feint of heart though. amazing bosses, lore, and adventure, all around, one of fromsoft's best works.",2024-09-23 04:11:25,True,0,0,True,False,False,0,3,3967,0,3197,2024-10-04 00:07:40
175589509,english,Excellent game 100/10. Optimization could have be better...,2024-09-23 04:10:31,True,0,0,True,False,False,56,28,4441,1861,1508,2024-10-22 14:07:18
175589338,english,i hate my life,2024-09-23 04:05:52,True,2,0,True,False,False,0,10,1418,0,641,2024-09-27 20:46:18
175589292,english,I dont know if it is a bad game or not but I know that out of my 3 computers none can run it. NOT RECOMMANDED unless you are a millionair.,2024-09-23 04:04:45,False,0,0,True,False,False,0,44,49,0,49,2024-09-19 23:33:43
175589093,english,"Elden Ring challenged me, captivated me, and amazed me from start to finish. It blends so many elements beautifully, creating a fascinating and special experience. The world is huge, packed with secrets, and filled with thrilling boss battles that always keep you on edge. One of the best parts is that if a boss feels too hard, you can explore, level up, and return when you're ready. The combat is fast, tough, and incredibly satisfying when you finally defeat a tough boss. Don't hesitate to dive in, it's worth every moment. The sense of discovery and adventure in this game is truly unlike anything else, making it a must-play for anyone who enjoys immersive worlds.",2024-09-23 03:59:47,True,1,0,True,False,False,697,94,11863,0,11863,2024-08-17 07:47:45
175588765,english,"This is the game I visit and revisit. Still I have not beaten this game, just due to it's size and my various head injuries. But it's pretty and brutal and it's very fun and it's so vast and explorable. Just watch some guides if you struggle and give it a few nother tries friendo",2024-09-23 03:49:38,True,0,0,True,False,False,0,7,24773,3,24189,2024-10-16 03:06:30
175588636,english,MALENIA,2024-09-23 03:46:11,True,0,0,True,False,False,0,1,7675,0,6997,2024-10-12 02:44:37
175588417,english,sick,2024-09-23 03:40:55,True,0,0,True,False,False,17,6,5801,526,210,2024-10-20 05:34:46
175588135,english,"It's a pretty cool game, all in all. It's very difficult, but that's really what you sign up for with a Fromsoft game. Hey, it's not quite as difficult as some other From Software games I've played though, and the sites of grace are way closer together than the bonfires in the Souls games. The open world element to it works in its favor, but don't expect anything too groundbreaking. It's definitely fun, and probably my favorite fromsoft game so far.",2024-09-23 03:33:05,True,0,0,True,False,False,144,23,704,0,704,2024-09-23 03:30:55
175587498,english,"Actively seems to hate fun. Everything kills you in 3 hits, except the big guys, who do it in one. The worst control scheme since Metroid Prime, binding hard-to-replenish consumables to the buttons literally everyone else uses for light or heavy attacks. Refuses to explain things like 'why is there a touch bloodstain button? what does that do?' (it does nothing). No real indication about what we're expected to do, except a 'golden ray' to follow that leads directly to one of the non-killable instagib sources.

Basically, everything FromSoft has been doing all along. People said Elden Ring was different. It isn't. If you liked mashing your fingers in the Dark Souls car door, this is another car door just like it, so you'll probably enjoy it just as much.",2024-09-23 03:15:25,False,3,3,True,False,False,1212,25,79,0,79,2024-09-23 03:10:15
175587430,english,Yeppers,2024-09-23 03:13:51,True,0,0,True,False,False,0,10,2864,0,1756,2024-09-30 01:07:02
175586783,english,Endure op,2024-09-23 02:55:51,True,0,0,True,False,False,0,22,14569,0,14378,2024-09-24 01:32:32
175586501,english,Strong foe ahead,2024-09-23 02:47:55,True,0,0,True,False,False,0,1,3378,1,3335,2024-10-25 00:06:47
175586076,english,Decent for the first 104 hours. kinda drops off after.,2024-09-23 02:37:51,True,0,0,True,False,False,0,14,7175,0,6342,2024-10-06 04:08:52
175585572,english,👍,2024-09-23 02:25:57,True,0,0,True,False,False,68,1,16095,1577,12773,2024-10-24 19:37:04
175585427,english,"love this game so much brooo
",2024-09-23 02:21:29,True,0,0,True,False,False,0,8,8109,0,6357,2024-10-11 12:34:03
175585408,english,"Crazy game, my favorite.",2024-09-23 02:21:05,True,0,0,True,False,False,0,1,8009,3961,1690,2024-10-26 03:39:06
175585370,english,w game,2024-09-23 02:20:00,True,0,0,True,False,False,37,1,3181,1,3090,2024-10-23 02:31:41
175585266,english,Very good game,2024-09-23 02:17:46,True,0,0,True,False,False,143,3,7237,0,7203,2024-10-04 18:48:22
175584872,english,=),2024-09-23 02:09:00,True,0,0,True,False,False,115,20,31388,0,31388,2024-09-02 05:01:42
175584652,english,masterpiece,2024-09-23 02:02:44,True,0,0,True,False,False,0,1,7131,907,611,2024-10-23 11:00:44
175584355,english,It''s a solid game,2024-09-23 01:56:07,True,0,0,True,False,False,143,11,3281,671,207,2024-10-23 03:34:49
175584267,english,"UNGA bunga
",2024-09-23 01:54:12,True,0,0,True,False,False,0,4,6020,0,6012,2024-09-23 02:01:33
175584088,english,game great,2024-09-23 01:49:52,True,0,0,True,False,False,0,22,879,0,194,2024-09-28 09:50:10
175583826,english,Game will make you very angry but winning = happiness,2024-09-23 01:42:47,True,0,0,True,False,False,0,4,3042,1918,448,2024-10-26 08:14:04
175583638,english,first time playing will come back in a few months if not i killed my self because of this game.,2024-09-23 01:38:17,True,0,0,True,False,False,0,7,120,0,120,2024-09-23 01:04:04
175583012,english,nice,2024-09-23 01:22:59,True,0,0,True,False,False,0,5,6195,1736,675,2024-10-26 10:05:05
175582861,english,fun,2024-09-23 01:19:24,True,0,0,True,False,False,0,6,543,32,215,2024-10-19 06:03:57
175582672,english,Best game ever created,2024-09-23 01:14:42,True,1,0,True,True,False,0,2,20490,15,20377,2024-10-16 15:49:09
175582441,english,best game Ive ever played love the variety of weapons and the lore is astonishingly good,2024-09-23 01:08:49,True,0,0,True,False,False,0,15,9021,0,9021,2024-09-23 00:51:33
175582406,english,"Fun and challenging Soul's game.  What can I say about it that hasn't already been said.  One thing I found disappointing is that with G. R. R. Martin writing for it, I was hoping for more RPG style story. In this game, there is a story, but it's secondary to the actual game play.  Not a bad thing, just needed to adjust my expectations.  Oh, and it's beautiful.",2024-09-23 01:07:54,True,0,0,True,False,False,0,2,17849,412,9934,2024-10-25 05:08:00
175582364,english,Simply one of the best games ever made!!,2024-09-23 01:06:43,True,0,0,True,False,False,0,1,7828,385,5525,2024-10-24 04:04:29
175582303,english,"vigor best stat
3 hits all gone",2024-09-23 01:05:03,True,0,0,True,False,False,0,4,1438,125,445,2024-10-22 04:42:58
175582131,english,This game is awesome,2024-09-23 01:00:24,True,0,0,True,False,False,0,3,15939,528,13881,2024-10-26 01:37:02
175582045,english,absolutely beautiful game down to every last detail.,2024-09-23 00:58:50,True,0,0,True,False,False,0,5,4069,0,4069,2024-09-16 04:15:29
175581481,english,top ten stories of the elden rings,2024-09-23 00:44:32,True,0,0,True,False,False,0,17,6635,878,4446,2024-10-25 21:15:10
175581340,english,"meh, i'd say its okay",2024-09-23 00:40:49,True,0,0,True,False,False,0,20,18237,309,16056,2024-10-19 13:55:04
175581134,english,man with spike hurts :(,2024-09-23 00:35:37,True,0,0,True,False,False,0,9,460,0,343,2024-09-23 14:24:24
175580771,english,amazing,2024-09-23 00:25:49,True,0,0,True,False,False,0,4,13423,0,11587,2024-10-05 01:11:49
175580762,english,dis gud gam gud gam,2024-09-23 00:25:39,True,0,0,True,False,False,0,32,413,0,212,2024-10-04 22:48:34
175580352,english,Good game but it doesn't support ultrawide screen. Developer thinks it's cheating lol,2024-09-23 00:14:49,False,6,0,True,False,False,0,18,20654,1444,18074,2024-10-26 11:17:53
175580093,english,mid,2024-09-23 00:08:30,True,0,0,True,False,False,0,17,19228,0,19228,2024-08-25 21:21:43
175580003,english,"Words really cannot describe how close to perfection this game is. I can't even begin to explain why, I honestly don't know, it just is so close to the perfect game",2024-09-23 00:06:17,True,1,0,True,False,False,0,13,32746,9,32736,2024-10-20 13:51:47
175579728,english,its a great game,2024-09-22 23:59:21,True,0,0,True,False,False,0,2,9177,0,9177,2024-09-22 23:59:15
175579537,english,10/10 game,2024-09-22 23:55:06,True,0,0,True,False,False,0,4,5010,101,3706,2024-10-17 01:24:19
175579277,english,goood good,2024-09-22 23:47:56,True,0,0,True,False,False,0,9,1894,0,1542,2024-09-26 21:45:51
175578459,english,"I bought this game twice, once on Xbox and once again on PC for the DLC and I regret nothing. Dark Souls II: II might be the Open World Game of all time",2024-09-22 23:25:41,True,0,0,True,False,False,0,13,3199,0,2304,2024-09-24 07:01:39
175578189,english,easy,2024-09-22 23:19:03,True,0,0,True,False,False,0,4,9102,2779,451,2024-10-21 02:46:23
175578133,english,"Oh mimic tear, become my blade once more",2024-09-22 23:17:33,True,0,0,True,True,False,816,33,17121,0,14180,2024-10-05 00:01:46
175578108,english,Dark Souls 2 unironically better,2024-09-22 23:17:01,False,3,0,True,False,False,0,3,13154,0,13154,2024-09-08 00:25:49
175577708,english,good game is goodest,2024-09-22 23:07:19,True,0,0,True,False,False,0,8,36263,1678,28842,2024-10-25 20:04:16
175577634,english,,2024-09-22 23:05:43,True,0,0,True,False,False,0,13,460,13,188,2024-10-13 03:05:26
175577369,english,Open world souls. Need I say more?,2024-09-22 23:00:03,True,0,0,True,False,False,0,2,63554,3270,51495,2024-10-26 02:01:52
175577326,english,this game makes me want to hurt people or hug people,2024-09-22 22:59:11,True,0,0,True,False,False,0,16,733,348,355,2024-10-23 23:27:06
175577047,english,good,2024-09-22 22:52:47,True,0,0,True,False,False,28,2,20179,0,20179,2023-02-03 00:03:57
175576444,english,good game,2024-09-22 22:38:30,True,0,0,True,False,False,0,5,2385,0,2336,2024-09-24 01:36:34
175576381,english,"Good game, but eventually the game will cause your entire computer to shut off and you can no longer play it. It caused my breaker inside my house to trip several times. Computer works perfectly great with every other function and every other game. I always run UHD graphics on every game and 80 FPS without any issues. Steam refuses a refund. Save your money!",2024-09-22 22:37:04,False,0,2,True,False,False,14,1,5589,0,5589,2024-09-22 19:06:24
175575836,english,It's ok,2024-09-22 22:24:42,True,0,0,True,False,False,0,3,14983,0,13326,2024-10-10 19:57:41
175575631,english,the game is pretty hard but im harder,2024-09-22 22:19:57,True,0,0,True,False,False,0,5,644,0,518,2024-09-26 19:33:47
175575544,english,ranni footjob,2024-09-22 22:18:16,False,1,0,True,False,False,0,12,107,0,107,2024-09-22 06:26:38
175575414,english,"If there was one game I could erase my memory of and experience for the first time, this would be it.",2024-09-22 22:15:25,True,0,0,True,False,False,0,2,11618,0,11618,2024-07-11 00:22:58
175575074,english,BONK,2024-09-22 22:07:53,True,0,0,True,False,False,0,1,2353,0,1921,2024-10-12 07:22:21
175574884,english,Easier than Hollow Knight,2024-09-22 22:04:22,True,0,0,True,False,False,90,52,9771,5409,2193,2024-10-25 23:36:04
175574738,english,"Poor support with sony dualshock 4 controller. Camera rotates non-stop when pressing R2 key.
You'll have to play with DS4windows software to prevent this bug from happening.",2024-09-22 22:01:09,False,1,0,True,False,False,0,10,1655,207,71,2024-10-21 05:49:04
175573788,english,"good game
",2024-09-22 21:42:00,True,0,0,True,False,False,0,2,5393,1026,2618,2024-10-26 04:56:01
175573721,english,eldering,2024-09-22 21:40:52,True,0,0,True,False,False,74,5,16591,216,16213,2024-10-23 22:14:59
175573279,english,Feels so good once you figured it out. Pay attention. If you got TikTok brain you miss out on the whole point of the journey. 96/100,2024-09-22 21:32:09,True,0,0,True,False,False,0,34,15286,0,15286,2024-07-23 07:26:39
175572838,english,Love this game so far with only 2 hours of gameplay,2024-09-22 21:23:25,True,0,0,True,False,False,0,1,5312,244,181,2024-10-14 06:31:23
175572417,english,I discovered that to achieve my dreams and objectives I need a gf and a lot of money (good game so far),2024-09-22 21:15:07,True,1,0,True,False,False,61,21,429,16,244,2024-10-20 12:43:24
175572307,english,"This game is incredibly deep, and has an insane scope, filling it up perfectly.
I wasn't particularly annoyed by the (indeed) repetitive enemies and bosses because it highlighted my personal improvement in the game, by reminding you how ""Oh I remember trying to kill this enemy for my first time, how much easier it is now..."" way.
And I don't mind the slight shift in the OST lineup being more ambient and chill rather than straight on heavy bossfight music (it has plenty of that too). 
Controlling Torrent felt off here and there, and I think the controller unmonut solution is not the best by default, but it is consistent, and easy to learn.
Note that this was my first soulslike but I already can't wait to play the other games as well.",2024-09-22 21:13:10,True,0,0,True,False,False,178,60,16541,0,16539,2024-09-27 10:31:20
175571847,english,GAME GOOD BUY NOW OR AVA KRIS TYSON WILL COME FOR YOU,2024-09-22 21:04:10,True,0,0,True,False,False,0,5,31040,1161,28890,2024-10-24 21:58:50
175571731,english,One of the greatest games of all time.,2024-09-22 21:01:53,True,0,0,True,False,False,0,25,5755,0,5731,2024-09-25 05:01:25
175571672,english,outstanding,2024-09-22 21:00:52,True,0,0,True,False,False,0,6,8121,407,6949,2024-10-26 04:18:11
175571252,english,"Impeccable.
Just beat the game yesterday.  
Peak fiction.  
Going again.",2024-09-22 20:53:31,True,1,0,True,False,False,0,1,12356,2720,4851,2024-10-26 00:58:38
175571086,english,"was hoping the online co-op would be a bit better but it sucks
",2024-09-22 20:50:36,False,0,0,True,False,False,19,7,41,0,41,2024-09-22 17:41:54
175571009,english,"Don't give up.
Dodge.
Don't think too hard.",2024-09-22 20:49:19,True,1,0,True,False,False,0,5,5225,359,4213,2024-10-26 04:41:59
175570537,english,maliketh is my sworn enemy,2024-09-22 20:41:23,True,1,0,True,False,False,24,3,11814,3720,248,2024-10-26 11:46:54
175570427,english,"One of the best game i've ever played highly recommended , if you left this game at the mid for some skill reasons then end your gaming carrier",2024-09-22 20:39:03,True,0,0,True,False,False,32,4,4647,106,1146,2024-10-16 17:44:26
175570265,english,The best game ever.,2024-09-22 20:36:01,True,0,0,True,False,False,0,4,10892,139,4068,2024-10-17 01:54:28
175568990,english,Words cannot describe how much I love this game,2024-09-22 20:13:59,True,0,0,True,False,False,0,12,23677,13,23586,2024-10-20 23:54:18
175567977,english,"Expansive, mysterious, cryptic and unforgiving, this brutal RPG is peak in terms of hardcore exploration. It is an experience that requires mental dedication and resolve, just like its narrative, and with keen eyes and sharp reflexes, one may rise above its all-encompassing challenges and difficulties.
Fashion-Souls its back at its peak and looking fresher than ever before.
BUT WHERE'S BLOODBORNE?",2024-09-22 19:56:04,True,0,0,True,False,False,124,23,21211,664,20441,2024-10-22 20:56:23
175567137,english,"The difficulty being permanently stuck on ""F*ck you"" is great",2024-09-22 19:42:06,True,0,0,True,False,False,0,4,8047,2564,7352,2024-10-26 05:57:31
175567124,english,game hard but make me hard too so it's alright😡,2024-09-22 19:41:51,True,1,0,True,False,False,18,2,3907,0,3722,2024-09-23 21:49:58
175566899,english,gud game,2024-09-22 19:38:23,True,0,0,True,False,False,0,1,1563,0,221,2024-10-07 00:15:55
175564897,english,"fun
",2024-09-22 19:06:54,True,0,0,True,False,False,0,2,1594,0,200,2024-10-11 20:44:10
175564837,english,"This game is the best game I have ever played, but one day for no reason the game just crush and I could never play it again. I tried everything I looked on the internet for hours but nothing would work. its not like I have a bad pc its really good but yet I cant even get into the game.",2024-09-22 19:06:02,False,7,0,True,False,False,0,7,11323,1016,716,2024-10-23 23:34:36
175564818,english,good,2024-09-22 19:05:39,True,2,0,True,False,False,0,2,9567,0,6862,2024-10-04 16:17:32
175564779,english,Top.,2024-09-22 19:05:01,True,0,0,True,False,False,355,5,9754,0,9754,2023-05-21 08:25:03
175564758,english,It's pretty fun,2024-09-22 19:04:30,True,0,0,True,False,False,0,2,2896,395,2102,2024-10-24 04:00:01
175564627,english,Crucible Knight,2024-09-22 19:02:24,True,0,0,True,False,False,0,7,21599,2271,18007,2024-10-25 18:32:41
175564557,english,"my first souls-like game, love it.
I'm glad I still got to play all dark souls after this",2024-09-22 19:01:23,True,0,0,True,False,False,56,5,5823,818,812,2024-10-25 07:09:22
175563878,english,"[h1]Elden Ring[/h1]

[b] Elden Ring [/b] may be considered a niche game, but it is much more inviting than other entries in the [i] Souls [/i] series. The open-world design introduces a wide range of possibilities that were previously absent.

[h3]Advice for New Players:[/h3]

[list]
[*][b] Play solo: [/b] Immerse yourself in the game alone to experience everything it has to offer firsthand. Look for guides if necessary.
[*][b] Avoid the community: [/b] While the game has a passionate fanbase, the community is notorious for being toxic and dictating how the game ""should"" be played. Don’t listen to them!
[*][b] Play your way: [/b] Use whichever weapons or skills you like. Elden Ring is designed to accommodate diverse playstyles, so embrace the freedom and enjoy this exceptional game, crafted by a company that truly values the user experience.
[/list]",2024-09-22 18:50:23,True,0,0,True,False,False,184,13,11595,0,11595,2024-03-17 16:44:15
175563116,english,CURSE YOU BAAAAAALE!!!!!!!!!!,2024-09-22 18:39:02,True,1,0,True,False,False,111,8,11492,0,11492,2024-09-15 09:21:31
175562679,english,"Great game 9/10. Highly Recommend.
Heard some mixed reviews about DLC though.
Probably gonna wait for a discount before I buy the DLC.",2024-09-22 18:32:18,True,0,0,True,False,False,0,1,23207,0,23199,2024-09-24 21:38:49
175561915,english,"idk what i am doing , but i am enjoying every minute of it. 
me go hit boss
boss hit me back
i die
me go again",2024-09-22 18:20:40,True,0,0,True,False,False,23,4,10446,2301,929,2024-10-23 10:31:07
175561871,english,love the game play,2024-09-22 18:19:50,True,0,0,True,False,False,0,2,2758,0,2494,2024-09-24 21:57:57
175561608,english,"Open world souls game if you like souls-borne, this is the master piece",2024-09-22 18:15:55,True,0,0,True,False,False,0,5,2086,0,1435,2024-09-29 20:51:57
175561164,english,i like that i can be whatever i want to,2024-09-22 18:09:30,True,0,0,True,False,False,0,2,9986,1643,262,2024-10-20 04:06:02
175560734,english,Hard but very fun game,2024-09-22 18:03:18,True,0,0,True,False,False,0,1,5299,123,4247,2024-10-25 00:21:44
175559975,english,"After playing the game since day 1 of it's release, I can confidently say do not even entertain pvp in this game. If this is your first souls game and you just want to play through the main game and dlc go for it, you'll have a blast. However, the second you want to try to invade and relive the Ds3 days, you're cooked. Every invasion is just a three man team, not even playing the game, just sitting in an open area spamming L2 and Ranged spells. Idk what they were thinking but being a red in this game is dogshit
",2024-09-22 17:52:20,True,0,0,True,False,False,16,1,55321,73,53634,2024-10-23 00:26:32
175559460,english,"This game is an experience.  Not your normal run of the mill open world game.  Once you get past the difficulty (you'll learn how to play after dying, a lot) and the fact this game does NOTHING to hold your hand, you're going to fall in love with it.",2024-09-22 17:44:20,True,0,0,True,False,False,29,4,8734,0,5312,2024-10-04 18:13:13
175558629,english,good game lol,2024-09-22 17:32:19,True,1,0,True,False,False,30,22,5429,78,1478,2024-10-17 02:20:31
175558491,english,Big fire man sucks,2024-09-22 17:30:07,True,0,0,True,False,False,50,7,5735,0,5174,2024-10-11 21:37:24
175558430,english,ranni feet,2024-09-22 17:29:12,True,0,0,True,False,False,92,4,10713,0,10658,2024-10-02 13:57:15
175558198,english,Elden Peak,2024-09-22 17:25:41,True,0,0,True,False,False,0,22,1265,1,722,2024-10-14 20:38:31
175556675,english,Godfrey: stomp,2024-09-22 17:03:46,True,0,0,True,True,False,20,1,5737,0,5587,2024-10-04 15:06:22
175556619,english,ssssssshhhhhhhhhhhhhhhh,2024-09-22 17:03:06,True,0,0,True,False,False,0,8,1947,0,768,2024-09-28 17:32:38
175556071,english,goog,2024-09-22 16:56:23,True,0,0,True,False,False,0,4,2528,0,580,2024-10-12 02:00:25
175556035,english,Miquella is mine and mine alone.,2024-09-22 16:55:58,True,0,0,True,False,False,0,17,32585,3073,17439,2024-10-26 12:01:43
175553796,english,"mist,
or beast

fort,
night",2024-09-22 16:25:34,True,0,0,True,False,False,0,1,23466,547,20099,2024-10-24 18:24:44
175553158,english,Epic game a life changing gaming experience,2024-09-22 16:17:10,True,0,0,True,False,False,0,5,15307,0,14563,2024-09-28 17:16:15
175552729,english,yes,2024-09-22 16:11:36,True,0,0,True,False,False,0,1,10229,0,5660,2024-10-07 05:11:07
175552661,english,"This game is bullshit, That's why I love it so much. The amount of satisfaction you get when you defeat the boss you've been stuck on hours is unbeatable. Great boss design. Great continuation to fromsoft soulsborne series. (GIVE FRIEDE GREAT SCYTHE BACK!)",2024-09-22 16:10:50,True,0,0,True,False,False,72,8,5682,0,5605,2024-09-30 14:42:22
175550864,english,said i was grinding for the summer and then played 8 hours and stop playing it but its  a really good game if u have time to play or just good at rpg,2024-09-22 15:47:38,True,0,0,True,False,False,0,3,496,0,496,2024-07-08 17:09:07
175550229,english,good game,2024-09-22 15:39:07,True,0,0,True,False,False,0,10,23267,1609,15158,2024-10-20 18:12:30
175549386,english,lowkey aint even that good bruh,2024-09-22 15:28:13,True,0,0,True,False,False,0,1,908,0,720,2024-09-23 19:42:35
175549043,english,It is a good game and I'm enjoying it.,2024-09-22 15:24:13,True,0,0,True,False,False,0,3,8763,2798,455,2024-10-26 04:20:11
175549015,english,"400+ hours played, need I say more?",2024-09-22 15:23:59,True,0,0,True,False,False,0,2,26006,36,25969,2024-10-17 09:26:41
175549005,english,"ever since i installed the dlc for the game it runs horribly, stutters all the time and drops frames to about 40 frames when playing, it also seems to be not loading things in as well, for example sometimes when i go up to a grace i cannot sit down at it or when i put armour on it dosent show on my character. its not my pc because it runs fine on every other game. i have tried reinstalling, changing settings and verifying files. other than that the game was good when it worked but is ruined by performance.",2024-09-22 15:23:50,False,3,0,True,False,False,80,2,8417,0,8393,2024-09-24 00:15:52
175548130,english,"BOSS: ME DIE ME GO AGAIN.
ME DIE ME GO AGAIN.
ME DIE ME GO AGAIN.
ME DIE 457 TIMES ON FIRST BOSS ME WIN AFTER 457 DEATHS 
ME BE HAPPY 
ME UNLOCK HALF OF MAP THEN GO TO FIRST BOSS...
GAME IS VERY GOOD",2024-09-22 15:12:56,True,0,0,True,False,False,0,2,1842,311,660,2024-10-19 12:51:17
175548064,english,"Be aware - to play game you must provide Steam the admin access to the computer plus it will try to install ""Easy Anti-Cheat"" as a service. This software needs admin access and is basically spying on you (makes random screenshots, records keyboard input etc). The EULA only mentions that it needs to run during the game. It's not mentioned that it needs to be a service (!) with admin access(!!). When launching the game I didn't allow Steam to make changes to my computer and got error that the ""service Easy Anti-Cheat"" is not running. 👎👎👎",2024-09-22 15:12:15,False,1,0,True,False,False,0,1,151,0,19,2024-09-27 21:53:22
175546861,english,"Do not stand at my grave and weep

I am not there, I do not sleep

I am a thousand winds that blow

I am the softly falling snow

I am the gentle showers of rain

I an the fields of ripening grain

I am in the morning hush

I am in the graceful rush of beautiful birds in circling flight

I am the star shine of the night

I am in the flowers that bloom

I am in a quiet room

I am in the birds that sing

I am in each lovely thing

Do not stand at my grave and cry

I am not there, I do not die

Do not stand at my grave and weep

I am not there, I did not sleep

I am in a thousand winds that blow

I am the softly falling snow

I am the gentle showers of rain

I am the fields of ripening grain

I am in the morning hush

I am in the graceful rush of beautiful birds in circling flight

I am the star shine of the night

I am in the flowers that bloom

I am in a quiet room

I am in the birds that sing

I am in each lovely thing

Do not stand at my grave and cry

I am not there, I do not die

From Melina",2024-09-22 14:57:08,True,1,0,True,False,False,0,2,7683,0,7683,2024-09-20 15:16:38
175545362,english,too good,2024-09-22 14:37:45,True,0,0,True,False,False,70,3,2709,240,835,2024-10-13 16:07:05
175543308,english,I got this game on PS5 when it first came out and I still play it to this day. A game like the good old days that keeps me interested. 10/10 recommend,2024-09-22 14:11:39,True,0,0,True,False,False,0,1,6148,0,3309,2024-10-06 19:28:54
175540537,english,"great perfect honestly
",2024-09-22 13:35:02,True,0,0,True,False,False,0,1,22165,235,21215,2024-10-19 11:31:28
175540409,english,Refunded due to im so shit,2024-09-22 13:33:17,True,1,0,True,False,False,114,12,84,0,84,2024-09-21 13:19:07
175539789,english,This is the most ass game every no because it is hard not it crashes every god dam second and it sucks,2024-09-22 13:24:53,False,1,0,True,False,False,0,7,11635,92,11541,2024-10-22 21:28:44
175539107,english,"Consumed my life for years.
10/10 
",2024-09-22 13:16:16,True,0,0,True,False,False,0,18,22622,1666,19372,2024-10-22 00:50:13
175538890,english,Best game of the year!,2024-09-22 13:13:13,True,0,0,True,False,False,0,6,10181,2999,239,2024-10-17 15:02:28
175537549,english,I never knew soul-like game can feel so immersives and heartwarming(npc interactions/stories). I though it would be only darkness and horror tbh. Its just over 10 hours of my gameplay and i absolute love it even tho i never played souls games before but elden ring teach me to love souls genre. Boss attack patterns kinda confusing but i think im getting it. Cheers✨,2024-09-22 12:53:52,True,1,0,True,False,False,0,4,1662,0,650,2024-10-11 14:41:33
175537466,english,shit tough,2024-09-22 12:52:43,True,0,0,True,False,False,0,3,4014,517,453,2024-10-21 11:57:23
175536767,english,"Great game! One of a kind, with a world that I have found myself lost in many times!",2024-09-22 12:42:05,True,0,0,True,False,False,0,4,12750,0,12735,2024-09-22 12:58:06
175535665,english,Fuck you Fire Giant,2024-09-22 12:25:18,True,1,0,True,False,False,0,1,8591,416,6483,2024-10-21 10:43:57
175534109,english,hr,2024-09-22 12:01:06,True,0,0,True,False,False,0,2,4754,175,295,2024-10-26 10:18:26
175533849,english,"no just no, bad story, incredibly frustrating, no more souls for me",2024-09-22 11:57:00,False,7,0,True,False,False,0,18,5536,0,5536,2024-09-22 11:55:52
175533432,english,fun,2024-09-22 11:50:24,True,0,0,True,False,False,0,1,5898,124,3111,2024-10-21 13:57:51
175532308,english,Amazing game,2024-09-22 11:32:22,True,1,0,True,False,False,0,6,13732,0,13732,2024-08-13 23:02:26
175532015,english,Ready to die multiple times? this is for you~,2024-09-22 11:27:38,True,0,0,True,False,False,0,4,3906,761,626,2024-10-19 14:14:02
175531038,english,yes,2024-09-22 11:13:05,True,0,0,True,False,False,0,4,11893,0,10706,2024-10-02 07:54:20
175529708,english,mid,2024-09-22 10:51:37,True,0,0,True,False,False,246,29,45680,0,45680,2024-09-17 14:38:15
175528834,english,Looks good feels good but replacing most of controls from already existing games just feels like trying invent already existing thing cant be asked to go and remap key bindings when just got the game that's puts me off plus tutorial sucks :) but those dark soul lovers will be best game :),2024-09-22 10:36:38,True,0,0,True,False,False,0,36,51,0,39,2024-09-24 15:51:43
175528735,english,"Ah yes, High Dark Fantasy. My favourite sub-genre xD",2024-09-22 10:35:00,True,0,0,True,False,False,0,49,5065,0,4910,2024-09-28 07:59:31
175527979,english,AMAZING,2024-09-22 10:22:23,True,0,0,True,False,False,0,1,5228,1583,677,2024-10-24 16:12:22
175527670,english,One of the best games ever made.,2024-09-22 10:17:14,True,1,0,True,False,False,47,3,51159,27,51128,2024-10-16 17:27:42
175525517,english,terrible game terrible boss malenia should go away,2024-09-22 09:39:34,True,1,0,True,False,False,0,5,5481,0,5458,2024-09-26 07:43:29
175524536,english,"Perfect evolution of the Souls-like formula. Improves on things that worked in DS2, has the accessibility of DS3, all without losing its signature difficulty.",2024-09-22 09:22:22,True,0,0,True,False,False,0,10,4391,0,1704,2024-10-12 00:40:17
175524317,english,danger ahead,2024-09-22 09:18:14,True,0,0,True,False,False,135,42,2119,416,1106,2024-10-19 12:58:12
175523984,english,"""My name is John Elden, and this is the story of how I got my ring.""",2024-09-22 09:11:31,True,1,0,True,False,False,0,17,5161,1178,268,2024-10-26 09:05:28
175523406,english,fun but really hard,2024-09-22 09:01:43,True,0,0,True,False,False,15,7,521,0,180,2024-10-10 03:45:49
175523354,english,eh,2024-09-22 09:00:52,True,0,0,True,False,False,0,4,17075,0,16951,2024-10-08 13:58:33
175521838,english,I am not good at the game but i do like it,2024-09-22 08:32:39,True,0,0,True,False,False,0,3,2649,1147,1071,2024-10-26 01:43:56
175521732,english,awesome sauce,2024-09-22 08:30:28,True,1,0,True,False,False,0,2,6326,1577,2222,2024-10-26 10:50:48
175521378,english,"""Hesitation is Defeat"" - Sekiro from Bloodborne",2024-09-22 08:23:55,True,0,0,True,False,False,160,23,6065,1797,522,2024-10-26 11:54:45
175521114,english,I like the game,2024-09-22 08:19:10,True,0,0,True,False,False,0,8,4934,426,966,2024-10-16 11:34:38
175519806,english,best game ive ever played strongly recommend 10/10,2024-09-22 07:55:02,True,1,0,True,False,False,49,9,5025,155,2277,2024-10-20 06:38:40
175519028,english,if you use mohgwyn sacred spear im gonna touch you,2024-09-22 07:40:02,True,0,0,True,False,False,0,2,9485,0,9485,2024-08-23 15:20:10
175518541,english,"One of the best games of all time. Very replayable, the player can really delve into infinite different builds to make their playthrough truly their own. 
Fantastic bosses (mostly, be careful for your keyboard or desk). Super wide and immersive open world.
Definitely a must play.",2024-09-22 07:30:54,True,0,0,True,False,False,0,3,6989,0,6919,2024-09-22 17:11:07
175517791,english,"Elden Ring is one of the most approachable Fromsoft games so far and has a ton to offer people who are new ore returning to the franchise. You will spend 100's of hours scouring the Lands Between, helping friends beat bosses, battling invading foes, and questing to become the Elden Lord! This game is really an amazing display of RPG excellence. Even at full price, you will get your monies worth, it has endless replay value! Do yourself a favor and pick this up, it is so worth every penny!",2024-09-22 07:16:19,True,0,0,True,False,False,1818,6,13560,0,13560,2024-09-22 07:10:50
175517769,english,Have fun,2024-09-22 07:15:47,True,0,0,True,False,False,0,1,19444,424,18591,2024-10-26 05:12:02
175517740,english,"Good
Good
",2024-09-22 07:15:18,True,0,0,True,False,False,0,85,221,0,221,2024-09-22 07:13:32
175517184,english,GOOD,2024-09-22 07:04:56,True,0,0,True,False,False,0,4,1023,0,422,2024-10-01 23:50:38
175517061,english,"Pros
- Getting your balls crushed

Cons
- Not enough bare feet",2024-09-22 07:02:27,True,0,0,True,False,False,0,2,17565,0,16867,2024-10-11 12:50:10
175516199,english,Great!,2024-09-22 06:45:59,True,1,0,True,False,False,0,15,51717,2699,44616,2024-10-23 12:51:34
175515469,english,I'm just bad at the game,2024-09-22 06:31:59,False,1,0,True,False,False,46,27,181,0,181,2024-09-21 14:51:17
175515421,english,Necessary item required.....,2024-09-22 06:30:54,True,0,0,True,False,False,0,1,9942,61,9642,2024-10-19 02:04:17
175515383,english,so good I bought the dlc at full price,2024-09-22 06:29:59,True,0,0,True,False,False,60,4,34905,0,34400,2024-10-12 02:18:46
175513780,english,At first I wasn't sure if I was really enjoying the open world take on dark souls but it slowly began to win me over as I hunted down all the hidden items and bosses. It's become my favorite Fromsoft game and I never thought I'd say that after they put dark souls to rest.,2024-09-22 05:57:33,True,0,0,True,False,False,0,9,8413,0,7950,2024-10-08 07:30:17
175511347,english,foul tarnished,2024-09-22 05:05:12,True,0,0,True,False,False,0,1,27359,0,27359,2024-08-14 00:57:12
175510720,english,"Fantastic, it runs really well on my laptop. The gameplay is fantastic and most things feel skill based as opposed to dying in dumb ways.",2024-09-22 04:51:48,True,1,0,True,False,False,0,3,2712,4,1937,2024-10-19 05:06:07
175509783,english,"NO RUNES??
⠸⡸⠜⠕⠕⠁⢁⢇⢏⢽⢺⣪⡳⡝⣎⣏⢯⢞⡿⣟⣷⣳⢯⡷⣽⢽⢯⣳⣫⠇
⠀⠀⢀⢀⢄⢬⢪⡪⡎⣆⡈⠚⠜⠕⠇⠗⠝⢕⢯⢫⣞⣯⣿⣻⡽⣏⢗⣗⠏⠀
⠀⠪⡪⡪⣪⢪⢺⢸⢢⢓⢆⢤⢀⠀⠀⠀⠀⠈⢊⢞⡾⣿⡯⣏⢮⠷⠁
⠀⠀⠀⠈⠊⠆⡃⠕⢕⢇⢇⢇⢇⢇⢏⢎⢎⢆⢄⠀⢑⣽⣿⢝⠲⠉
⠀⠀⠀⠀⠀⡿⠂⠠⠀⡇⢇⠕⢈⣀⠀⠁⠡⠣⡣⡫⣂⣿⠯⢪⠰⠂
⠀⠀⠀⠀⡦⡙⡂⢀⢤⢣⠣⡈⣾⡃⠠⠄⠀⡄⢱⣌⣶⢏⢊⠂
⠀⠀⠀⠀⢝⡲⣜⡮⡏⢎⢌⢂⠙⠢⠐⢀⢘⢵⣽⣿⡿⠁⠁
⠀⠀⠀⠀⠨⣺⡺⡕⡕⡱⡑⡆⡕⡅⡕⡜⡼⢽⡻⠏⠀
⠀⠀⠀⠀⣼⣳⣫⣾⣵⣗⡵⡱⡡⢣⢑⢕⢜⢕⡝⠀
⠀⠀⠀⣴⣿⣾⣿⣿⣿⡿⡽⡑⢌⠪⡢⡣⣣⡟⠀
⠀⠀⠀⡟⡾⣿⢿⢿⢵⣽⣾⣼⣘⢸⢸⣞⡟⠀
⠀⠀⠀⠀⠁⠇⠡⠩⡫⢿⣝⡻⡮⣒⢽⠋⠀
 ",2024-09-22 04:32:22,True,0,0,True,False,False,71,11,2936,0,504,2024-09-29 22:13:54
175509755,english,"10/10 enjoyed the story and gameplay, very well made game. Malenia took a few tries but would play again!",2024-09-22 04:31:49,True,0,0,True,False,False,0,2,6203,1300,92,2024-10-24 21:28:24
175509368,english,best fucking game ive ever played,2024-09-22 04:24:08,True,0,0,True,False,False,0,2,4794,148,3043,2024-10-13 19:14:37
175509144,english,please don't play this game i grew ball hair but all my family is gone and I am homeless,2024-09-22 04:19:35,True,1,0,True,False,False,27,4,1005,131,542,2024-10-19 17:41:44
175508646,english,Game is an art piece and got me into souls like games. Amazing game,2024-09-22 04:09:45,True,0,0,True,False,False,0,4,3885,0,3885,2024-07-06 03:19:32
175508437,english,"Game sucks. Wait a full enemy attack combo to do your own attacks, only for them to leap away negating any chance you have to deal ANY damage.",2024-09-22 04:05:06,False,4,0,True,False,False,0,21,4604,52,4096,2024-10-21 21:16:09
175507803,english,"very cool game, I destroyed the the world with a ball of fire.  yay",2024-09-22 03:52:07,True,0,4,True,False,False,0,3,29954,211,26714,2024-10-23 00:29:54
175507374,english,bog,2024-09-22 03:43:23,True,0,0,True,False,False,0,1,14763,0,14730,2024-09-29 21:42:37
175507142,english,"mfhmm~ omggg... blaidd~ its so big and juicy~ ahhhh~ im sensitive right there blaiddie waddie~... i didnt say stop pookie~ keep going im almost finishedd~ ahah~ right there... oh my goodness gracious~ AHHHHH FUCK OWWW, BLAIDD STOP MAWLING ME TO DEATH AAAAAAAAAAAAAAAAAAAAAAAAAAAAAAAAAA",2024-09-22 03:38:33,True,0,0,True,False,False,70,30,2542,405,331,2024-10-24 21:41:38
175506782,english,If you like playing games as a victim I highly recommend,2024-09-22 03:31:00,True,0,0,True,False,False,0,1,15902,3268,12286,2024-10-26 05:38:16
175506631,english,AMAZIG GAME HOLY SHIT,2024-09-22 03:28:36,True,0,0,True,False,False,0,9,2944,0,576,2024-10-01 22:07:46
175506611,english,good game. wish my steam save for my first playthrough didnt get corrupted. either way. solid story and gameplay,2024-09-22 03:28:11,True,0,0,True,False,False,63,3,45933,4211,31579,2024-10-25 17:28:38
175506189,english,by far the worst soulsborne game. still good though. DLC is a billion times better,2024-09-22 03:20:03,True,0,0,True,False,False,0,20,19862,3604,15668,2024-10-26 05:18:43
175505658,english,W game you NEED to play it,2024-09-22 03:08:11,True,0,0,True,False,False,22,8,3856,780,231,2024-10-20 21:30:00
175505531,english,"Try finger, but hole",2024-09-22 03:05:15,True,1,0,True,False,False,0,1,10750,0,10735,2024-10-01 03:12:07
175505080,english,"Its a tough game.... Confusing, abstract and hard as heck. Granted this is coming from someone who, for the most part, plays mainline Nintendo games. But take one look at the game and you can see how much work the devs put  in. If you're on the fence, It cant hurt to wait for a sale. Grit your teeth, dive in and give the game the benefit of the doubt when you die 500 times in the first 10 minutes; it will be worth it.",2024-09-22 02:56:11,True,0,0,True,False,False,0,1,2851,0,2731,2024-09-22 21:06:37
175504927,english,resally greta game,2024-09-22 02:53:29,True,0,0,True,False,False,0,2,454,0,415,2024-09-22 16:20:58
175504622,english,This game is a masterpiece.,2024-09-22 02:46:58,True,0,0,True,False,False,0,7,25852,655,25196,2024-10-26 03:11:08
175503953,english,"dunno if i have enough experience, but i'd say the game's pretty good",2024-09-22 02:33:46,True,0,0,True,False,False,0,3,10009,182,7364,2024-10-19 20:37:50
175503516,english,"(I've played for 75 hours with mods and cheats and all of this is still true, the lore and exploration seems cool, the lore and story and plot are very vague, and it's by design, but I don't know how people actually understand anything or remember who is who. The camera sucks bad. )

(I am now literally just cheating at the game to see what it might be like if I hadn't and to say the least, it's the weirdest most unfun/unfair difficult combat i've ever seen, it's more unfair than anything I've seen, like, bosses, enemies, having movesets that are just spamming and more spamming, having like a second of actual time you can hit them, between minutes of attacks. I don't even know how you'd have fun playing without cheats, and with cheats it's just kinda unnerving how even there it's an unfun slog full of no-chance of hitting the boss spammage, and let me add, the punishing hits are ridiculous as well, taking away ridiculously huge chunks of your health, some one hitting you late game with like 40 vitality (I get that difficulty and challenge are cool things, but this is aboslutely fucking insane) )



This game is mid at best - spammy combat - hitboxes - fov capped at 70 - and the camera - the interface sucks and feels like a really bad port, with like q used as the back button in certain menus but not all, you don't click on menu items, you hover mouse over them and click e ... weird things like this

The camera is honestly the worst thing. you literally have to fight it to gain control - any other game somehow figured this out. A huge problem with it is it's constantly doing whatever it wants, it's constantly zooming in, constantly drifting around, not focusing on something like an approaching enemy on your side, so no parephreal vision or sense, it's constantly moving around, if you pull analogue to side it auto balances verticality instead of just turning, which most games don't do for some reason.... Honestly It feels like most game devs know how to make a camera work and it just feels like the budget for htis one mechanic was somehow less than 20 dollars 

It's honestly the worst camera I've ever experienced in my life 

If you move, the camera automatically centers your view even if you're trying to change it - you can turn this off but then it never changes your view angle 

I honestly wouldn't own this game if I knew how bad the camera is even with options that fix fighting it it turns into the lockon doing whatever the fuck it wants , locking on to enemies way behind the enemy attacking you

It's extremely inconsistent and in the way and often times the fov doens't let you know that a guy in front of you on your side is about to attack .. If you want to focus on one enemy behind a corner, the whole camera centers on him - instead of just locking onto him, the camera focuses on him so much you can't see anything else. It locks on and moves way too quickly, if you lock onto a boss and run between his legs, you have to at some point instantly change your other analogue direction or you'll just run back to his feet. Another problem in boss fights is it will intensely focus on the boss to the point that the boss is spinning around you and the camera doesn't have a coherent angle and is also constantly hitting terrain and bumping around and shaking, and it's ridiculously disorienting. 

Another point, is that you'll be staring at a dude, go for the attack, and the camera just being slightly off makes you miss your attack 

So idk tldr the camera is so outrageous I expected soo much mroe from this game mechanics wise and it feels bad - it feels like it needs alot more work.",2024-09-22 02:24:56,False,2,0,True,False,False,0,96,6511,579,5465,2024-10-14 02:15:33
175502958,english,i love this game,2024-09-22 02:13:41,True,0,0,True,False,False,0,1,17061,2690,7647,2024-10-25 11:20:03
175502608,english,pretty groovey cool cats,2024-09-22 02:06:17,True,0,0,True,False,False,0,1,3305,0,3273,2024-09-22 16:28:52
175501538,english,its a good game.,2024-09-22 01:43:06,True,0,0,True,False,False,0,4,4167,0,3312,2024-10-02 22:28:44
175501227,english,good game,2024-09-22 01:36:38,True,0,0,True,False,False,0,30,5191,0,5165,2024-09-25 02:38:30
175500807,english,Good Game,2024-09-22 01:27:30,True,0,0,True,False,False,0,9,6550,892,2998,2024-10-23 01:17:05
175500752,english,"This would be a thumbs down if this was another game.
The performance of this game is horrendous, and considering the hundreds of millions of dollars this game has generated it is disgusting how they have not tackled any of the performance issues that have been plaguing the game since launch. Questionable graphics options and key bindings, lack of support for non 16:9 displays, 60hz frame cap, random frame drops, the lot.

(Please, if you don't think so, check Digital Foundry's video on the DLC performance for concrete evidence.)

With that being said, the gameplay really does the heavy lifting to compensate for that.
Never played any previous FromSoft or Souls-like game before, and it was great. They've crafted a sandbox that lets me play however I see fit, and a world that feels alive with the sheer amount of content it holds.",2024-09-22 01:26:07,True,0,0,True,False,False,135,15,10856,1381,7769,2024-10-25 23:30:16
175500708,english,hfhgfjhgjhgkjuh,2024-09-22 01:25:23,True,0,0,True,False,False,0,1,4885,4657,180,2024-10-25 00:06:30
175500563,english,VERY FUN,2024-09-22 01:22:13,True,0,0,True,False,False,0,12,4654,233,2054,2024-10-20 02:47:48
175500544,english,"CUUUURSE YOUUUUU, BAAAAAAYLE!!!!!!!",2024-09-22 01:21:46,True,0,0,True,False,False,0,4,6304,667,5261,2024-10-25 19:22:35
175500392,english,it is good,2024-09-22 01:18:14,True,0,0,True,False,False,0,2,46850,2947,38705,2024-10-26 04:50:57
175500366,english,"first souls-like game turned out to be one of the best games i have ever played +hair loss, 10/10 recommended.",2024-09-22 01:17:52,True,0,0,True,False,False,0,5,11331,1883,7310,2024-10-23 02:57:40
175499891,english,ranni bad ash,2024-09-22 01:07:57,True,0,0,True,False,False,0,1,13449,1291,9632,2024-10-25 07:13:27
175499342,english,Pretty goated game if i do say so myself,2024-09-22 00:55:24,True,0,0,True,False,False,69,4,6886,0,6319,2024-09-24 01:57:52
175498969,english,You get to kill a femboy god  10/10,2024-09-22 00:47:04,True,0,0,True,False,False,0,29,6089,0,6089,2024-09-21 20:00:02
175498932,english,Malenia feet yum,2024-09-22 00:46:10,True,0,0,True,False,False,69,4,13573,0,13194,2024-09-22 10:04:16
175498768,english,IT SUPER GOOD but the downside lot of deaths,2024-09-22 00:42:50,True,0,0,True,False,False,0,1,6013,1655,1900,2024-10-25 22:53:35
175498702,english,Can't play the game anymore. I've reinstalled this game plenty of times and there's always some file missing that stops me from playing.,2024-09-22 00:41:18,False,1,1,True,False,False,0,2,3497,0,3497,2024-09-22 00:40:37
175498028,english,Is Good,2024-09-22 00:26:31,True,0,0,True,False,False,270,5,46293,0,45279,2024-10-08 01:58:32
175497994,english,"""Foul tarnished, in search of the Elden Ring. Emboldened by the flame of ambition. Someone must extinguish thy flame. Let it be Margit the Fell!""",2024-09-22 00:25:53,True,0,0,True,False,False,144,42,2201,4,248,2024-10-19 20:35:11
175497648,english,She Elden on my Ring until I tarnish,2024-09-22 00:18:04,True,0,0,True,False,False,0,9,788,0,639,2024-09-27 01:54:53
175497553,english,"I will start by saying this is the first ""souls-like"" game I have ever played.

This is literally the pinnacle of gaming. Incredibly detailed world with a true feel of freedom of choice. Ridiculous amount of content that finds ways to stay fresh and feel new even on your 2nd, 3rd, 4th, etc. play-through. This could quite literally go down as the best video game of all time. 

The game may prove to be difficult to new players, but after exploring the world and getting a feel for the controls and game mechanics, you will quickly progress your character and be able to clear areas that once felt ""impossible"". 

Each and every boss fight is cinematic and rewarding in its own way. The satisfaction of learning the moves and sequences in each boss fight provides a very satisfactory feeling once you master the enemy and take them down.

A rich story-line with dynamic characters and a visually aesthetic world to explore.

10/10.
5 Stars.
All of the above.

If you have not played this game, you are missing out on an amazing experience.",2024-09-22 00:16:20,True,0,0,True,False,False,0,3,15295,54,14035,2024-10-15 17:14:27
175497339,english,"Satisfaction++
",2024-09-22 00:11:36,True,0,0,True,False,False,8,4,7021,0,7021,2024-09-21 23:59:18
175497051,english,fun,2024-09-22 00:05:27,True,0,0,True,False,False,0,2,5585,268,2937,2024-10-22 00:20:21
175496810,english,"I decided to do an no hit, int only(i thought int would be op but it wasnt cause i couldnt uese other stats so getting spells in was impossible and certain bosses i couldnt hit with any powerfull spell) run for my final achievements, My family wont speak to me and controller is in the hospital along with my sanity.
Anyway good game i recommend",2024-09-22 00:00:16,True,0,0,True,False,False,45,3,10561,74,8507,2024-10-14 12:13:30
175496479,english,"dark souls 1 if it was the amazing world of gumball. no, that's not a joke.",2024-09-21 23:53:30,True,0,0,True,False,False,252,51,4817,0,4817,2024-09-06 02:04:13
175496437,english,aaaaaaaaaaaaaaaaaaaaaaaaaa,2024-09-21 23:52:45,True,0,0,True,True,False,0,2,2725,0,2519,2024-09-23 02:27:21
175496243,english,good,2024-09-21 23:48:05,True,0,0,True,False,False,0,3,5131,0,5124,2024-09-21 23:59:34
175496214,english,this game is sick,2024-09-21 23:47:23,True,0,0,True,False,False,141,10,11365,3,7604,2024-10-25 16:37:55
175496129,english,this will ruin every other game you play,2024-09-21 23:45:16,True,0,0,True,False,False,26,6,10262,474,8571,2024-10-25 23:45:34
175495877,english,"something for everyone, hardcore souls fan, casual gamer or hardcore gamer. Its all about variation in how you go about everything and the amazing stories plus your environments. If its too hard use summons use craftables use cheese methods or you could get others online to help you beat your boss. It really is the perfect game to get anyone into the series and to truly understand Git Gud culture surrounding all souls like games and why everyone likes them so much. Couldn't recommend enough good luck gitting gud. <3",2024-09-21 23:39:33,True,0,0,True,False,False,97,11,15795,1217,12381,2024-10-26 01:59:53
175495802,english,goat,2024-09-21 23:38:11,True,0,0,True,False,False,12,4,251,0,198,2024-10-11 19:24:50
175495054,english,yesssssssssssssssssssssssssssssssssssssssssssssssssssssssssssssssssssssssssssssssssssssssssssssssssssssssssssssssssssssssssssssssssssssssssssssssssssssssssssssssssssssssssssssssssssssssssssssssssssssssssssssssssssssssssssssssssssssssssssssssssssssssssssssssssssssssssssssssssssssssssssssssssssssssssssssssssssssssssssssssssssssssssssssssssssssssssssssssssssssssssssssssssssssssssssssssssssssssssssssssssssssssssssssssssssssssssssssssssssssssssssssssssssssssssssssssssssssssssssssssssssssssssssssssssssssssssssssssssssssssssssssssssssssssssssssss,2024-09-21 23:20:55,True,0,0,True,False,False,0,1,4677,380,1232,2024-10-23 20:22:52
175494514,english,the best game i have ever played,2024-09-21 23:09:52,True,0,0,True,False,False,0,2,10004,0,8149,2024-09-29 21:43:54
175494403,english,"After 238 hours I finally got all the achievements for this game, I cannot recommend Elden Ring and it's dlc Shadow of the Erdtree enough",2024-09-21 23:07:55,True,1,0,True,False,False,122,4,14799,0,14282,2024-10-10 07:42:46
175493867,english,love this (help me ),2024-09-21 22:56:55,True,0,0,True,False,False,0,1,1718,0,635,2024-09-24 08:23:52
175493426,english,g,2024-09-21 22:47:50,True,0,0,True,False,False,0,1,7594,18,4886,2024-10-13 03:11:41
175493360,english,"I give it 9/10.

Positives: game of the decade, you already know this is a masterpiece. I really loved the exploring, bosses, leveling up and growing stronger in early, mid, and late game (till you reach areas like consecrated snowfield and haligtree). Endgame bosses are also awesome, with the right build they are a fair, fun, and rewarding fight. The lore is quite epic too.

Negatives:

1. Some dungeons have incredibly frustrating mechanics. These are optional dungeons, so it's not too much of a negative.

2. NPC quests - very hard to progress some of these quests without looking up a guide, because the NPCs often don't tell you where they are going next, and they could go to an area you have already explored. And if you do another NPC quest or story progression, you might end up breaking an ongoing NPC quest and be permanently locked out from completing it, so there is a very specific order to completing some of these quests.

3. Exploring endgame areas and dungeons is incredibly frustrating. Early and mid game bosses now appear as regular enemies. Both damage and health of regular enemies are scaled very high, and annoying enemies group together. Each level up takes way more runes so it is very likely to lose all progress while exploring blind.

4. Not all builds are equally viable in endgame. Some of the very hard endgame bosses (eg Malenia) become much simpler with the right build, but a lot of fun builds are not very viable.",2024-09-21 22:46:51,True,0,0,True,False,False,0,6,5060,0,5060,2024-09-21 22:14:21
175493261,english,"GOATed, Prove me wrong",2024-09-21 22:44:59,True,0,0,True,False,False,0,5,35100,0,35100,2024-07-06 19:46:17
175493112,english,"good stuff :)
",2024-09-21 22:41:34,True,0,0,True,False,False,0,4,2640,44,295,2024-10-26 08:05:50
175492988,english,big bonk stick,2024-09-21 22:38:42,True,0,0,True,False,False,48,7,13515,1076,7653,2024-10-22 04:47:20
175492971,english,Best death simulator I've ever played.,2024-09-21 22:38:25,True,0,0,True,False,False,0,4,6006,0,6006,2022-09-17 05:05:31
175491236,english,"Completely addicting. The early game can be a little tedious for level building, but if you stick it out for a short couple hours, you get access to some of the coolest and craziest abilities. If you like to explore, there is a ton of random side quests to do. The world is far from empty, and the enemies and bosses are so much fun to fight. You can have a highly varied character or you can just pump points into one attribute and go that route. There's something for everyone, enjoy the journey :)",2024-09-21 22:04:27,True,1,0,True,False,False,0,18,3738,0,3229,2024-09-23 02:33:47
175490840,english,"horrible.
",2024-09-21 21:57:30,False,4,0,True,False,False,0,11,8946,3060,2419,2024-10-19 18:08:02
175490271,english,I burned my maiden,2024-09-21 21:47:08,True,0,0,True,False,False,0,5,7558,0,7558,2024-09-12 16:46:33
175490019,english,Greatest Game of All Time,2024-09-21 21:42:25,True,0,0,True,False,False,0,1,846,0,456,2024-10-11 14:30:48
175489694,english,the best game ive ever played you should probably buy it. The only problem is that I cant watch a elden ring video without thinking about my past memories and feeling nostalgia.,2024-09-21 21:36:49,True,0,0,True,False,False,0,2,42673,0,42672,2024-09-28 17:58:27
175488684,english,"Go to a boss
Die
Go back and grind
Return to the boss
Beat the boss
Go to the next boss
Die
Go back and grind 
Beat the boss
Repeat

10/10",2024-09-21 21:18:49,True,0,0,True,False,False,0,9,3496,0,3177,2024-09-22 05:02:53
175488150,english,very nice,2024-09-21 21:09:03,True,0,0,True,False,False,0,3,449,0,233,2024-09-23 15:42:26
175487920,english,"I will glaze this game untill I die, best game of all time, ABSOLUTE CINEMA.










fuck promise consort radahn",2024-09-21 21:05:00,True,0,0,True,False,False,0,4,11756,0,11756,2024-08-20 17:49:30
175486512,english,633 hours played. Enough said.,2024-09-21 20:41:52,True,0,0,True,False,False,0,10,38018,0,38018,2024-09-05 01:20:04
175485804,english,Could this be peak?,2024-09-21 20:29:42,True,0,0,True,False,False,47,6,7779,53,7453,2024-10-17 02:07:16
175484101,english,"this game is good for everyone, if you don't like this game your a pussy
",2024-09-21 20:02:22,True,0,0,True,False,False,0,2,3596,0,2926,2024-10-06 14:59:18
175483958,english,Once in a decade type of game,2024-09-21 20:00:11,True,0,0,True,False,False,0,1,8870,0,8870,2024-08-02 06:00:19
175483648,english,GOOD,2024-09-21 19:55:18,True,0,0,True,False,False,0,22,12732,0,12732,2022-04-12 18:13:17
175483112,english,"A Message for anyone who finds this game difficult.
Hear Ye Tarnished, Who r dead, but yet live. If the path of becoming an Elden Lord seems a bit too difficult to you, Its not the Path that is difficult, rather its your skill level - that is too low.
Farewell on ur journey and Godspeed.",2024-09-21 19:46:53,True,0,0,True,False,False,79,7,1373,0,992,2024-09-24 18:07:11
175482127,english,"try hole
",2024-09-21 19:31:10,True,0,0,True,False,False,0,1,4428,0,4406,2024-09-24 04:09:25
175482041,english,challenging game but fun overall.,2024-09-21 19:29:42,True,0,0,True,False,False,0,17,5769,0,5707,2024-10-09 02:22:26
175481509,english,It's funny that one of the reasons that made me bought the game is that 3d model of Marika.,2024-09-21 19:21:09,True,0,0,True,False,False,0,6,12706,0,12636,2024-09-24 15:10:42
175481397,english,Peak gaming,2024-09-21 19:19:33,True,0,0,True,False,False,0,1,8606,297,7909,2024-10-21 20:25:49
175481221,english,don't do drugs kids :D,2024-09-21 19:16:30,True,1,0,True,False,False,113,49,797,19,475,2024-10-17 19:37:22
175481010,english,gud,2024-09-21 19:12:55,True,0,0,True,False,False,74,18,17023,1112,14848,2024-10-25 21:02:52
175480996,english,good,2024-09-21 19:12:40,True,0,0,True,False,False,3,1,5472,1708,233,2024-10-24 04:36:37
175480454,english,"I just finished my first play through.

What can I say? This is not for everyone, but the barrier to entry is lower than Dark Souls, since the open world allows more ability to get stronger without endlessly throwing yourself at a boss (which I liked in Dark Souls, but the change in pace is nice). 

Stunning world, interesting bosses and dungeons (some a lot more annoying than others), cool characters.
If you're tired of the generic, copy-pasted, bland, personality-less open worlds made by Ubisoft, EA, and the like, then maybe give it a go.
",2024-09-21 19:04:03,True,0,0,True,False,False,286,19,9782,0,8715,2024-10-09 13:20:20
175479111,english,yes,2024-09-21 18:44:29,True,0,0,True,False,False,33,14,96,0,96,2024-07-21 14:50:30
175478695,english,good shit,2024-09-21 18:38:18,True,0,0,True,False,False,0,2,19802,124,18455,2024-10-22 19:42:12
175478287,english,Multiple years later plus a large expansion and still they put black bars over high resolution monitors and label anyone that removes them a cheater.,2024-09-21 18:32:03,False,8,0,True,False,False,1410,43,50,0,50,2022-02-25 06:37:19
175478165,english,"Great world, great bosses, it's perfection in my eyes",2024-09-21 18:30:17,True,0,0,True,False,False,0,24,3424,0,3424,2024-09-16 17:53:15
175476664,english,I HATE DRAGONS!!!!!,2024-09-21 18:08:35,True,1,0,True,False,False,82,7,10443,0,10443,2024-09-21 05:38:27
175476521,english,One of the most overrated game ever,2024-09-21 18:06:33,False,7,0,True,False,False,0,10,95,0,95,2024-07-16 14:06:37
175476025,english,GGWP,2024-09-21 17:59:05,True,0,0,True,False,False,0,3,12067,57,11687,2024-10-19 10:36:26
175475967,english,It's a good fuckin' game.,2024-09-21 17:58:19,True,0,0,True,False,False,0,2,61460,1145,59645,2024-10-21 06:15:03
175475710,english,I would say it is pretty good,2024-09-21 17:54:42,True,0,0,True,False,False,0,11,6937,55,6804,2024-10-23 17:01:30
175474883,english,I have never wanted to brake everything in my room more then playing this game. 10/10 would recommend,2024-09-21 17:42:46,True,0,0,True,False,False,0,1,10518,392,9955,2024-10-14 16:59:29
175474116,english,I recommend This game to beginers this Game is so Beginer friendly i would rate it 10/10 not a waste of money,2024-09-21 17:31:25,True,0,0,True,False,False,0,2,5448,1450,231,2024-10-25 16:43:59
175472805,english,Really encouraged me to put my foolish ambitions to rest,2024-09-21 17:14:00,True,1,0,True,False,False,0,4,28887,78,28470,2024-10-25 18:16:54
175472679,english,gets boring really easily,2024-09-21 17:12:19,False,1,0,True,False,False,0,5,299,0,232,2024-09-28 10:22:30
175472587,english,"I do not get what's the point of this game.
It's my bad I did not seek any reviews or anything before purchasing this from sale, but this just was not for me.
I though this to be like RPG with story like Witcher games or Elder Scrolls, and this is something else.
Basically looks good, I do not have anything bad to say about controls (played gamepad), combat was rather fun, but
I did not get myself to understand why I am trying to kill and fight with everything what moves, what's the point of this?
So after an hour of playing, I googled ""what's the point of Elden Ring?"" and according to some Reddit threads, it seems, that indeed, there's no point, at least in the way I was expecting.  So I think I did waste my money, but am not going to waste any more time with this game. Well made game but not for me...",2024-09-21 17:11:12,False,11,0,True,False,False,0,3,74,0,74,2024-09-21 16:51:22
175472584,english,happy,2024-09-21 17:11:12,True,0,0,True,False,False,25,1,4862,5,4845,2024-10-15 19:00:40
175472059,english,"Best GOTY , worth to getting deep in it.",2024-09-21 17:04:28,True,0,0,True,False,False,148,6,5412,0,5412,2024-09-06 15:33:12
175471722,english,"I burn the girl and now I'm sad
thanks",2024-09-21 16:59:57,True,0,0,True,False,False,0,8,8001,890,5193,2024-10-13 21:42:37
175471430,english,thy video game befits a thumbs up,2024-09-21 16:55:57,True,0,0,True,False,False,47,7,7808,0,7808,2024-09-21 16:49:38
175471271,english,Dark Souls but can jump,2024-09-21 16:53:54,True,0,0,True,False,False,11,2,5457,0,5457,2024-09-21 16:30:02
175470922,english,Malenia,2024-09-21 16:49:03,True,0,0,True,False,False,112,3,7367,0,6560,2024-09-23 16:22:35
175470686,english,"This is the most beautiful game I have ever played hands down. The combat is great and at some point becomes therapeutic, The music and the vibes are great. Even if you don't want the challenge, just experience it with a mimic tear + magic build, you won't be able to count the times you just stop at a location just to admire it and take a picture.",2024-09-21 16:46:00,True,0,0,True,False,False,86,3,3731,0,3731,2024-09-15 18:56:52
175470340,english,"Eventhough i haven't finished the game let me tell you that if you have never played a souls game or never even heard of it this game is a great start. First, the visiuals are ABSOUTELY STUNNING! The combat is fun depenent on your build and class and stuff and the best part of all the BOSS FIGHTS are INSANELY FUN even just dying one million times to them it just makes the grind so much better!!!!!",2024-09-21 16:41:20,True,0,0,True,False,False,0,6,2346,0,2346,2024-05-27 00:39:40
175470037,english,"foreskin duo
lichdragon foreskintax",2024-09-21 16:37:03,True,1,0,True,False,False,101,23,14237,479,12571,2024-10-25 11:50:49
175469922,english,playable,2024-09-21 16:35:23,True,1,0,True,False,False,24,9,30113,0,25788,2024-10-06 16:33:50
175468807,english,it good game,2024-09-21 16:20:19,True,1,0,True,False,False,18,3,2983,0,2969,2024-09-21 18:18:55
175468597,english,My favorite thing From has put out (that's openly available on PC w/o emulation cough cough) in recent memory.,2024-09-21 16:17:41,True,1,0,True,False,False,1239,34,36247,0,36247,2024-08-01 18:43:48
175467718,english,I miss my old controller,2024-09-21 16:06:29,True,0,0,True,False,False,0,2,7930,1376,3897,2024-10-20 06:18:57
175467441,english,"Has wolf husband, 10/10",2024-09-21 16:03:04,True,0,0,True,False,False,75,2,5202,0,4643,2024-10-11 03:19:04
175467359,english,"Easy Anti-Cheat does not work. invaders constantly take no damage, and there have been multiple periods of time where their presence actually corrupts your save file, forcing you to lose any amount of progress if you don't independently backup your character file.",2024-09-21 16:02:01,False,20,0,True,False,False,0,14,22386,1886,15633,2024-10-26 08:09:19
175467084,english,Fuckin Good Mate,2024-09-21 15:58:31,True,0,0,True,False,False,0,5,9339,0,9041,2024-09-26 00:45:15
175466785,english,CAN EVERY FUCKING BOSS IN THIS SHIT ASS FUCK ASS DLC FUCKING AGRO SOMEONE ELSE,2024-09-21 15:54:47,False,2,0,True,False,False,0,1,5307,2204,1135,2024-10-26 00:40:46
175466034,english,Fun game for all ages,2024-09-21 15:46:02,True,1,0,True,False,False,0,6,10225,0,10225,2024-09-29 18:18:20
175465985,english,its ok i guess,2024-09-21 15:45:26,True,0,0,True,False,False,102,15,8894,851,7824,2024-10-23 17:16:50
175465381,english,I've never been more angry.,2024-09-21 15:38:38,True,2,0,True,False,False,0,4,14606,652,12950,2024-10-20 20:16:33
175465156,english,This is my favorite game of all time. Im almost at 1000 hours. It takes 1750 to become a nurse. I only play pve. Mods are sick. You dont have to be good to play the game you just have to learn the game. I suck but can nohit bosses just by learning the movesets and weapons. Great for everyone. The dlc is good too. I still learn new things even after all this time. Last thing I learned is you can backstock your perfumes. 10/10 cant recommend enough. Fromsoft peaked here.,2024-09-21 15:36:16,True,0,0,True,False,False,0,1,58489,0,56853,2024-09-29 12:21:57
175464668,english,Honest to God one of the best open world games ive played,2024-09-21 15:30:22,True,0,0,True,False,False,93,28,6354,0,6354,2024-07-21 06:05:49
175464028,english,fantastic fr fr,2024-09-21 15:22:25,True,0,0,True,False,False,0,6,14159,58,13157,2024-10-25 19:33:51
175463498,english,Difficult but extremelly good,2024-09-21 15:15:56,True,0,0,True,False,False,0,2,3226,26,1898,2024-10-14 20:52:53
175463307,english,unfair. but that was expected,2024-09-21 15:13:29,True,0,0,True,False,False,0,6,474,9,464,2024-10-19 23:42:38
175463244,english,"Unadulterated, unfiltered, unbelievable peak",2024-09-21 15:12:39,True,0,0,True,False,False,0,1,12762,0,12667,2024-09-29 11:43:41
175462434,english,am what the sigma,2024-09-21 15:02:49,True,1,0,True,False,False,0,1,14916,1,14793,2024-10-13 13:22:07
175462316,english,"Very good, one of my all time favorite games. makes me mad though",2024-09-21 15:01:21,True,0,0,True,False,False,0,11,6257,283,3787,2024-10-19 05:31:55
175462074,english,"i fw this game
almost quit cause of tree sentinel",2024-09-21 14:58:48,True,0,0,True,False,False,0,5,4638,856,933,2024-10-24 11:15:06
175461964,english,good,2024-09-21 14:57:26,True,0,0,True,False,False,0,1,15791,446,14686,2024-10-23 20:46:13
175461920,english,beautiful game would recommend 10/10,2024-09-21 14:56:53,True,0,0,True,False,False,0,7,4587,1,4151,2024-10-22 03:01:55
175461594,english,cried each time i played but is good!!!!,2024-09-21 14:52:57,True,0,0,True,False,False,0,4,13060,1437,2755,2024-10-25 21:45:38
175461500,english,idk man game good. it look good to,2024-09-21 14:51:39,True,0,0,True,False,False,0,2,3789,1089,967,2024-10-26 03:17:39
175461293,english,i love elden ring,2024-09-21 14:49:08,True,0,0,True,False,False,0,10,12714,0,12709,2024-09-22 10:06:45
175460392,english,"MKB controls are just terrible and can't be changed. It feels absurd a game in this day and age can have these issues. Did the developers spend five minutes on this part or what?

I really really wanted to play this game. We'll see but a refund is still possible because I barely made it out of the starting zone spending about 10 minutes trying to figure out how to cast a spell. I am pretty sure if I learn the controls it will be super worth it, given the reviews of this game, but I really hate trying to figure out something so obscenely unintuitive.",2024-09-21 14:37:55,False,8,0,True,False,False,0,37,48,0,48,2024-09-21 14:18:39
175459941,english,fun,2024-09-21 14:32:43,True,0,0,True,False,False,0,3,12271,8,12013,2024-10-13 02:54:13
175458254,english,10/10 would die again,2024-09-21 14:13:13,True,1,0,True,False,False,0,12,12659,0,12659,2024-09-05 19:19:16
175457595,english,besttt,2024-09-21 14:05:53,True,0,0,True,False,False,79,3,7895,0,3271,2024-10-07 08:28:14
175456452,english,"""This game is easy!"" Said the naive child, not knowing that he was about to face the strongest boss in the game, SOLDIER OF GODRICK!",2024-09-21 13:51:29,True,3,0,True,False,False,0,18,42552,4,39523,2024-10-15 20:42:03
175453957,english,great game,2024-09-21 13:18:15,True,0,0,True,False,False,0,9,1330,0,1019,2024-10-07 16:14:53
175453039,english,"pretty fun game , got all achivements then decided to write the review , the weapon options are very diverse and fun so itll be enjoyable to play multiple times
",2024-09-21 13:05:51,True,1,0,True,False,False,21,4,8296,2465,3572,2024-10-25 07:35:51
175452948,english,"I like this game because it has incest and necrophilia in it.

Nah but for real though this is genuinely an amazing game with incredible mechanics, weapons and bosses.",2024-09-21 13:04:33,True,0,0,True,False,False,0,2,1441,0,585,2024-10-12 02:36:41
175452327,english,when the elden is ringing:(,2024-09-21 12:56:00,True,0,0,True,False,False,0,17,2412,0,2412,2024-09-20 08:33:55
175452191,english,mid mid mid,2024-09-21 12:54:07,False,3,0,True,False,False,0,7,12976,0,12442,2024-09-22 14:41:50
175450416,english,"Breathtaking , whoever said this game is like walking into a painting is 100% right",2024-09-21 12:28:37,True,0,0,True,False,False,0,1,12222,0,12222,2024-09-08 14:29:50
175449880,english,Game of the century. Hawk certified.,2024-09-21 12:21:20,True,0,1,True,False,False,47,2,40186,1169,38918,2024-10-25 16:31:16
175447836,english,"60 FPS cap with online

OR 

60+ FPS with no online play

Pick wisely...",2024-09-21 11:50:02,False,1,0,True,False,False,0,8,37,0,37,2024-05-21 10:47:00
175447814,english,peak fiction,2024-09-21 11:49:40,True,0,0,True,False,False,0,2,4882,0,4833,2024-09-22 10:35:35
175447140,english,Scary stories of the elden ring,2024-09-21 11:39:14,True,0,0,True,False,False,0,10,1423,0,1243,2024-09-22 04:00:03
175446424,english,"- Pirated the game   
- Finished it
- Satisfied
- Decided to buy the game full price
- Never raged so hard since forever 
- Satisfied
- Best purchase of my life",2024-09-21 11:27:55,True,1,0,True,False,False,0,3,4229,48,3778,2024-10-21 10:50:06
175445923,english,"Got the game, went to caelid and got brutally murdered by the locals, 10/10 would reccomend",2024-09-21 11:19:17,True,0,0,True,False,False,52,10,6570,0,5953,2024-09-24 14:33:48
175444619,english,"After playing ER, no other game is good enough, it destroyed my taste. Sun is no longer shining, grass is no longer green enough. Try fingers.",2024-09-21 10:57:44,True,0,0,True,False,False,0,2,7980,0,7980,2024-09-04 17:11:56
175444347,english,i creamed for melina,2024-09-21 10:53:11,True,0,0,True,False,False,0,1,399,0,381,2024-09-21 11:10:10
175443834,english,went on sale the day after I bought it,2024-09-21 10:43:46,True,0,0,True,False,False,0,3,316,0,233,2024-10-09 03:38:45
175441517,english,Finished 2 times but cant move on,2024-09-21 10:02:39,True,0,0,True,False,False,423,33,3745,0,1863,2024-10-02 15:47:15
175440856,english,liar ahead,2024-09-21 09:50:19,True,1,0,True,False,False,0,4,26382,4991,15004,2024-10-26 11:49:33
175440346,english,Worth the hype.,2024-09-21 09:41:20,True,0,0,True,False,False,97,13,7755,0,7496,2024-10-04 15:30:32
175439487,english,"I'm pretty 50/50 on this game.
So I'll just give it a positive review.
I admit I bought it because of the tons of hype generated around it and because it's my first souls-type game and I wanted to test how its gameplay flow feels like.
If I knew what I know now I wouldn't buy it full price.

So overall it's a decent game with good and fun combat and that's the biggest and perhaps only good aspect of it. It's like a hack-n-slash diablo-type game but harder (minus) and played from third person perspective (plus). So as you'd expect, it's very grindy and loot based - not as much as hack-n-slash games though. Timing your attacks and your defenses is more important here, but your gear, equipment can totally change your playstyle and how you approach enemies. The typical hack-n-slash game stuff.

Lots of comments have been made about its difficulty. It's generally hard, but it's not really that hard, especially if you ride the horse. The combat is skillful and intelligent and takes some getting used to. Again, combat is by far the best part of the game, hence my positive rating.
Melee combat is much more fun and fleshed out than ranged.
Huge variety of enemies, creatures, bosses - not that this is necessarily good, but it keeps things fresh.
I really liked the difficulty of AI invaders, they present a real challenge and it's the most fun combat I've had so far, much more fun that bosses.

There are some more advanced techniques that go much more in depth to give you an edge, but to really take advantage of them you need to grind... Good luck with that.

PvP/PvE, generally the multiplayer side, is much worse than I expected. It's just there.. and it's quite limited.
I spawned coop buddies once to defeat a boss, one of them was so overlevelled he killed the boss in 3 hits. It's hard to find someone at your level to play. Another time, I spawned a couple of coop buddies to clear a dungeon and then another one comes and harasses the entire team trying to kill us all. Multiplayer is boring, single player is definitely more fun. Or perhaps multiplayer with only players you know, if that's possible, that could be viable too.

Now, other than that, it has no story, no characters, no real quests, no music - aside from one decent track.
The game is totally aimless, you roam around the land and kill monsters, just like diablo-clones. Don't get fooled to think that this makes it an ""open world"" game, the way we know open world.

At this point, I'm bored of the game because it's just too repetitive. The combat is fun so I could see myself coming back occasionally playing some short sessions but that's it.

Not bad, definitely not great.",2024-09-21 09:26:07,True,1,0,True,False,False,24,14,1460,0,1458,2024-10-07 17:31:03
175439288,english,Praise the Elden Ring!,2024-09-21 09:22:42,True,0,0,True,False,False,0,13,49516,0,43580,2024-10-05 08:35:23
175439138,english,The variety of builds is insane! I'm still having a lot of fun trying new builds even after 200 hrs of gameplay,2024-09-21 09:19:37,True,0,0,True,False,False,0,1,13711,0,11623,2024-10-12 06:38:24
175437809,english,w,2024-09-21 08:56:17,True,0,0,True,False,False,0,2,6819,984,5310,2024-10-19 11:46:09
175437301,english,good game,2024-09-21 08:47:22,True,0,0,True,False,False,0,1,10465,0,10465,2024-09-21 08:46:59
175436083,english,Arise tarnished!,2024-09-21 08:24:48,True,0,0,True,False,False,27,7,6375,0,6375,2024-08-15 08:47:52
175434446,english,"Heat game
",2024-09-21 07:53:41,True,0,0,True,False,False,0,1,1784,100,479,2024-10-19 04:21:18
175434430,english,Great game is difficult if you underleveled but love the story one of my favorites,2024-09-21 07:53:26,True,0,0,True,False,False,0,8,3299,0,2785,2024-10-07 11:47:56
175434360,english,:3,2024-09-21 07:52:02,True,0,0,True,False,False,0,3,3014,0,2973,2024-10-01 15:26:50
175434133,english,2 hours in and am already addicted just buy the damn game,2024-09-21 07:47:57,True,0,0,True,False,False,61,27,1375,0,122,2024-10-07 03:59:42
175432236,english,Complete trash,2024-09-21 07:08:10,False,2,0,True,False,False,51,3,23,0,23,2024-09-20 11:08:11
175430570,english,this is the best rpg game i have ever played in my life this game is a 10/10 for me,2024-09-21 06:33:13,True,0,0,True,False,False,0,4,3743,570,957,2024-10-26 07:42:25
175430216,english,It was a good game but i despise the controls,2024-09-21 06:25:17,False,2,0,True,False,False,0,6,52,0,52,2024-09-20 09:53:12
175429931,english,The,2024-09-21 06:18:56,True,2,0,True,False,False,30,1,7503,1365,3298,2024-10-23 03:42:58
175429655,english,Very different to the other games i played and more difficult but definitely is fun to play upgrading weapons and fighting bosses feels so rewarding once you do it. 9.9/10,2024-09-21 06:12:26,True,0,0,True,False,False,49,18,2391,0,233,2024-10-11 06:26:45
175428537,english,fun :D,2024-09-21 05:50:21,True,0,0,True,False,False,12,7,11067,2751,420,2024-10-26 10:25:01
175427645,english,Very creative world.  Very replayable.  Dying can have consequences.,2024-09-21 05:30:07,True,0,0,True,False,False,0,9,16639,1024,11842,2024-10-17 07:26:55
175426956,english,Perfection,2024-09-21 05:15:57,True,0,0,True,False,False,0,1,8317,0,8317,2024-09-21 05:15:26
175426682,english,As my first introduction to soulslike games I must say having my ass handed to be as never been more enjoyable.,2024-09-21 05:09:39,True,0,0,True,False,False,0,1,3766,77,452,2024-10-22 19:02:31
175424966,english,"Very fun so far, my first foray into soulsborne type games and I'm having a blast. Even though I'm constantly getting pwned by the bosses.

That said, I prefer to play with mouse and keyboard over gamepad, and I've found the keybinding system does not allow for great customization. Been using Razer Synapse as a workaround.",2024-09-21 04:35:46,True,0,0,True,False,False,0,3,8957,614,1043,2024-10-15 02:50:46
175424782,english,"It is no exaggeration to say that Elden Ring is FromSoftware’s largest and most ambitious game yet, and that ambition has more than paid off. Even after 73 hours of blood, sweat, and tears that included some of the most challenging fights I’ve ever fought, and innumerable surprises, there are still bosses that I left on the table, secrets that I’ve yet to uncover, sidequests that I missed out on, tons of weapons, spells, and skills that I’ve never used. And this is all on top of PVP and cooperative play that I’ve barely been able to scratch the surface of. Throughout it all, while the fundamentals of combat haven’t changed much from what we’ve seen before, the enormous variety of viciously designed enemies and the brutal but surmountable bosses have brought its battles to a new level. Even with all the threads I didn’t manage to tug on my first playthrough (of what I’m sure will be several), what I was treated to can easily be held amongst the best open-world games I’ve ever played.",2024-09-21 04:31:47,True,0,0,True,False,False,0,6,5969,0,4403,2024-09-28 04:30:49
175423485,english,fun,2024-09-21 04:04:29,True,0,0,True,False,False,0,3,7102,2441,3479,2024-10-24 14:25:06
175423145,english,"1. Dark Souls 4 = Elden Ring.

2. Game Difficulty = Dark Souls on a whole new level cause in Elden Ring, there are no difficulty settings. There is only one difficulty built into Elden Ring, absolute hardcore combat. Ai that learn your attacks, they are very unforgiving, punishing and if you don't die to a boss, perhaps a normal enemy will finish you off...

3. Graphics - Amazing!

4. Soundtrack - Epic!

5. Open World -  Absolutely Massive.

6. Violence - Cutscenes are violent, gameplay is extremely violent, blood can be turned completely off but that doesn't change the cutscenes violence sadly.

7. Game similarity - The Elder Scrolls V: Skyrim meets Dark Souls.

8. How different is Elden Ring compared to Dark Souls - different but in much better way.

9. Elden Ring final rating - Game Of The Year for me the second I played it so...

10. Elden Ring Personal Game Score - 10/10 and a 5/5 star rating. An absolute masterpiece! New all time favourite game owned on Steam.

If you are new to Dark Souls or Elden Ring, prepare to fail a lot, it's just how it is. Dark Souls is known to be one of, if not, the hardest game out there. My word of advice when you play this...

1. Learn your enemies attack patterns as you fight the enemy.

2. Dodge and time your attacks.

3. Recommended: Controller.

4. Practice fighting on lower rank enemies.

5. Speaking of lower rank enemies, don't rush the higher level bosses, you need to level up first is my recommendation. Low rank enemies top priority then go from there.

I could give more advice but your on your own from here, Elden Ring awaits.",2024-09-21 03:57:11,True,0,0,True,False,False,0,22,5857,0,628,2024-10-07 07:23:30
175422870,english,yes,2024-09-21 03:51:18,True,0,0,True,False,False,49,3,6432,267,4557,2024-10-24 12:42:27
175419430,english,Behold I did it!,2024-09-21 02:41:19,True,0,0,True,False,False,0,8,3904,0,3904,2024-09-17 00:42:43
175419260,english,"If you keep dying to bosses like I did, Get better.",2024-09-21 02:37:46,True,1,0,True,False,False,0,2,2225,809,1398,2024-10-26 00:53:08
175419052,english,dog?,2024-09-21 02:33:38,True,0,0,True,False,False,0,8,10585,876,5636,2024-10-26 02:44:42
175419010,english,This tutorial is too hard. I cant beat Soldier of Godrick.,2024-09-21 02:32:33,True,2,1,True,False,False,0,67,5176,0,4212,2024-10-06 04:00:40
175418886,english,nice,2024-09-21 02:29:36,True,0,0,True,False,False,0,52,852,0,270,2024-09-24 05:47:41
175418759,english,Good game,2024-09-21 02:26:57,True,0,0,True,False,False,0,1,2480,0,2480,2024-09-03 01:49:27
175418590,english,"madien gave me the hawk tuey
",2024-09-21 02:23:24,True,0,0,True,False,False,0,1,5132,0,5122,2024-09-21 14:17:36
175418225,english,"This very well may be the best game I have ever played. Every minute of the 140 hours (base game + DLC) I spent felt like an absolute joy.   Everyone talks about how difficult this game is, and that's true it is difficult, but that really should not stop you from giving it a try. I waited until the spring of this year to start my play through because i was afraid i would get too frustrated.  However; I found that with a little bit of patience and acceptance that you WILL die all of that fear washed away and i found that instead i my skill set and understanding of the game and i had so much more fun because of it.  By the 10 hour mark i felt like a pro.  Its so satisfying to run into an enemy you really struggled with at one point and find that you can whoop their butt without lifting a finger now.  Focus on getting a weapon that feels good to you, take your time learning how moves work and pick a stat to focus on.  Don't be afraid to use what the game gave you with Spirit ashes and summons.  Sure if you are a pro and want to do challenge runs for the sake of 'get good' go for it. But don't let those things stop you from enjoying yourself!  I am really disappointed in myself for waiting so long to play after loving Dark Souls 1 and 3 so much (i skipped 2).",2024-09-21 02:15:36,True,0,0,True,False,False,0,6,8489,0,8489,2024-09-21 02:10:09
175417590,english,GTT,2024-09-21 02:01:19,True,0,0,True,False,False,0,1,2246,32,2109,2024-10-25 22:53:17
175417367,english,game good,2024-09-21 01:56:05,True,0,0,True,False,False,0,2,224,0,211,2024-09-23 01:09:03
175417362,english,"300+hrs on steam and easily 300+ on PlayStation, should be all you need to know. This game is nothing short of a masterpiece, and without a doubt my favorite game ever made. It has something for people of all kinds of video game interests. Fans of dark fantasy and deep lore have near endless stories to delve into. Gamers who want a vast combat sandbox will have their wettest dreams come true. Countless spells, ashes of war, summons, and of course weapons, keep combat fresh run after run. I cannot recommend this game enough to souls veterans and new comers alike.

10/10",2024-09-21 01:55:59,True,0,0,True,False,False,0,12,18765,49,18267,2024-10-24 23:58:32
175417239,english,"Lore, gameplay, and bosses are all top tier",2024-09-21 01:53:11,True,0,0,True,False,False,0,1,4226,0,4179,2024-09-22 03:03:52
175416599,english,"AGHHHHHHHHHHHHHHHHHHHHHHHHHHHHHHHHHHHHHHHHHHHHHHHHHH

games pretty decent tbh",2024-09-21 01:38:54,True,0,0,True,False,False,0,2,4687,0,4631,2024-09-21 02:38:18
175416472,english,Morgott killed me so hard it crashed my game,2024-09-21 01:36:24,True,0,0,True,False,False,162,75,2519,629,1597,2024-10-22 08:37:10
175416295,english,Very epik game,2024-09-21 01:32:27,True,0,0,True,False,False,0,4,20994,112,19998,2024-10-25 05:26:04
175416121,english,git gud,2024-09-21 01:28:10,True,0,0,True,False,False,0,1,5677,862,1098,2024-10-23 23:23:57
175415822,english,Yes it is the most sigma alpha male skibidi game ever,2024-09-21 01:21:22,True,0,0,True,False,False,0,6,5609,369,5147,2024-10-13 22:58:40
175415651,english,Excellent Game,2024-09-21 01:17:12,True,0,0,True,False,False,64,6,11980,0,11980,2024-08-20 20:49:09
175415489,english,"Weak up
eat water
open elden ring
Strong foe ahead 
You Died
You Died
You Died
You Died
You Died
You Died
You Died
You Died
You Died
You Died
You Died
You Died
You Died
You Died
You Died
You Died
You Died
You Died
You Died
You Died
You Died
You Died
You Died
You Died
You Died
You Died
You Died
You Died
You Died
You Died
You Died
You Died
You Died
You Died
You Died
You Died
You Died
You Died
You Died
You Died
You Died
You Died
You Died
You Died
Demi-God Slain
Bonfire Lit
Alt F4 
Go bed
aaah this game is so good 
fall sleep
Repeat",2024-09-21 01:13:36,True,0,0,True,False,False,27,4,4327,0,4327,2024-09-01 09:43:25
175415380,english,blood,2024-09-21 01:11:16,True,0,0,True,False,False,124,35,4523,43,2937,2024-10-26 00:14:38
175414584,english,MASTERPIECE,2024-09-21 00:53:07,True,0,0,True,False,False,48,1,13548,0,13525,2024-09-21 00:54:53
175414563,english,THIS GAME IS AMAZING. but i do not recommend it for people who dont have patience because it will be challenging but it brings out alot of fun.,2024-09-21 00:52:40,True,0,0,True,False,False,0,1,6114,3,5820,2024-10-23 01:38:19
175414093,english,heheheheh elden winng,2024-09-21 00:41:45,True,0,0,True,False,False,0,2,2290,0,2290,2024-09-14 02:48:16
175414036,english,"very good game. hard, but good.",2024-09-21 00:40:07,True,1,0,True,False,False,0,1,5103,0,5030,2024-09-28 07:20:28
175413857,english,"One of the S-Tier games of all time, mind-blowing art, great replayability, just superb",2024-09-21 00:35:18,True,0,0,True,False,False,1261,7,21968,0,21967,2024-10-06 23:41:28
175413625,english,"This game is so unbelievably gay, so it's good that Im gay too 10/10",2024-09-21 00:29:56,True,1,0,True,False,False,0,9,42251,0,42181,2024-09-23 05:56:13
175412799,english,Simply one of the best games ever made.,2024-09-21 00:11:39,True,0,0,True,False,False,447,6,15364,0,15364,2024-09-20 13:39:42
175410939,english,Mist or beast!,2024-09-20 23:28:53,True,0,0,True,False,False,61,12,6853,0,6853,2024-09-16 00:45:20
175410801,english,very sigma,2024-09-20 23:25:58,True,0,0,True,False,False,0,10,13047,0,13047,2024-08-28 03:33:37
175409893,english,Peak,2024-09-20 23:05:34,True,1,0,True,False,False,0,5,2073,0,1844,2024-09-30 23:36:59
175409608,english,"yes
",2024-09-20 22:59:14,True,0,0,True,False,False,0,4,27665,1092,24024,2024-10-25 02:05:47
175408823,english,"The only open world game that ACTUALLY rewards exploring, pure masterpiece, loved every second of it",2024-09-20 22:42:12,True,0,0,True,False,False,0,4,6623,0,6623,2024-09-19 16:00:36
175408490,english,I would rather be stuck in the bonfire without the lord vessel in the tree near Blighttown than to try to farm in this game. 10/10 Experience would break my desk again due to rage,2024-09-20 22:34:40,True,0,0,True,False,False,0,5,1806,0,1788,2024-09-27 12:46:25
175408234,english,The pain.,2024-09-20 22:29:16,True,0,0,True,False,False,35,3,9292,3320,401,2024-10-26 05:17:45
175407753,english,"very good, fuck fire giant",2024-09-20 22:18:46,True,2,0,True,False,False,0,4,8277,0,8277,2024-06-27 20:27:19
175407605,english,"Now I can't add anymore to what everyone else has mentioned, but this game has damn near everything you could ever ask for and it was an absolute pleasure to be able to play and 100%!",2024-09-20 22:15:58,True,0,0,True,False,False,584,14,11382,0,11382,2024-09-12 19:58:41
175406805,english,best,2024-09-20 21:59:57,True,0,0,True,False,False,0,17,15984,0,14033,2024-10-11 21:24:47
175406648,english,Keeps crashing,2024-09-20 21:57:02,False,2,0,True,False,False,14,1,5195,0,477,2024-10-05 01:08:08
175406595,english,peak gaming experience highly recomend for other gamers,2024-09-20 21:56:01,True,0,0,True,False,False,0,6,25993,2684,19471,2024-10-25 02:39:15
175406587,english,"This game is absolutely amazing, one of the things I love most is that they still manage to make women look pretty without having to sexualize them, and I absolutely love the DLC it's really hard, but that's what makes it even more alluring to me. If you want to purchase the game, then don't take information from someone who has little to no experience on the game, especially if they don't like it. Other than that, I recommend the game to anyone who want's to go and try out the game.(Pricey but worth it)",2024-09-20 21:55:54,True,0,0,True,False,False,0,4,24134,296,23862,2024-10-16 15:57:50
175406260,english,"Peak, Masterpiece, Peak and idk if i said earlier PEAK",2024-09-20 21:49:23,True,0,0,True,False,False,6,1,5455,71,4948,2024-10-18 17:27:21
175405413,english,this game makes me feel like a goomba. i love it,2024-09-20 21:32:24,True,0,0,True,False,False,105,120,383,121,216,2024-10-25 20:02:08
175405177,english,was fun,2024-09-20 21:28:08,True,0,0,True,False,False,0,27,6503,0,6503,2024-02-24 17:38:56
175404325,english,Amazing game 11/10 <3,2024-09-20 21:12:14,True,0,0,True,False,False,111,17,11293,0,11293,2024-08-03 00:25:02
175404181,english,"This game is just, beauty, enjoyment, fun and peak.",2024-09-20 21:09:28,True,0,0,True,False,False,0,1,2356,0,2178,2024-10-04 18:48:43
175403959,english,Dope game,2024-09-20 21:05:35,True,0,0,True,False,False,0,3,5459,1,5360,2024-10-16 19:47:16
175403353,english,pretty great ngl,2024-09-20 20:54:25,True,0,0,True,False,False,0,1,14553,55,14498,2024-10-23 21:57:14
175403140,english,bonk,2024-09-20 20:50:37,True,1,0,True,False,False,0,2,46599,1879,40852,2024-10-24 21:25:44
175403069,english,nvrmind i beat him.,2024-09-20 20:49:17,True,0,0,True,False,False,0,14,6857,473,6757,2024-10-26 11:00:54
175402307,english,I was maidneless,2024-09-20 20:35:50,True,0,0,True,False,False,0,7,12184,0,12184,2024-07-22 01:32:48
175402228,english,good,2024-09-20 20:34:32,True,0,0,True,True,False,21,4,6812,0,6812,2024-08-13 15:45:06
175402164,english,everything,2024-09-20 20:33:41,True,0,0,True,False,False,0,3,2024,233,1672,2024-10-20 20:20:49
175400695,english,I find it fun,2024-09-20 20:08:42,True,0,0,True,False,False,0,2,6644,0,6309,2024-09-25 19:59:53
175400325,english,I HATE RETURN TOWER OR WHATEVER İT İS CALLED I HATE THAT BULLSHİT  İT ALMOST MADE ME QUİT THE GAME (would recommend 10/10 trauma),2024-09-20 20:02:43,True,0,0,True,False,False,0,2,2701,413,2241,2024-10-19 15:28:38
175399535,english,"Masterpiece, I do not get the story at all but I don't care or feel I'm missing out. Combat, environment, atmosphere, depth in general kept me hooked for 500+ hours, and I don't feel I'm done yet. Thank you Miyazaki!

Also thank you, Gabe: I can play it with full online functionality on Linux with performance on par with or even slightly better than Win10.",2024-09-20 19:50:11,True,0,0,True,False,False,0,6,33627,567,31446,2024-10-22 22:29:39
175399371,english,This is my first souls-like game and i can't stress enough how its such an awesome game! I'm currently playing the seamless coop mod with my brother and i'll surely start a solo game when we're done with that save!,2024-09-20 19:47:22,True,0,0,True,False,False,0,6,6062,0,4328,2024-10-01 20:28:35
175399275,english,stop hesitating and buy it already,2024-09-20 19:45:51,True,0,0,True,False,False,53,19,8494,89,7539,2024-10-16 18:40:10
175396596,english,sold kidney for this game 10/10,2024-09-20 19:02:23,True,3,0,True,False,False,32,6,5409,0,5400,2024-09-24 16:32:15
175394997,english,Is a great game,2024-09-20 18:36:26,True,0,0,True,False,False,0,1,25761,1209,19989,2024-10-20 14:00:04
175393918,english,gut,2024-09-20 18:20:44,True,0,0,True,False,False,11,2,7230,606,709,2024-10-19 16:51:27
175393305,english,only if i can play for the first time again,2024-09-20 18:11:54,True,0,0,True,False,False,102,8,5804,0,5576,2024-09-21 14:08:39
175393031,english,"if u beat this gmae your sigma
",2024-09-20 18:07:31,True,0,0,True,False,False,0,2,866,5,322,2024-10-22 08:24:40
175392623,english,Yes. (Dark Souls 3 is still better),2024-09-20 18:01:35,True,0,0,True,False,False,0,5,8766,2273,207,2024-10-25 17:20:41
175392602,english,give ur life away,2024-09-20 18:01:15,True,0,0,True,False,False,0,4,6059,0,5620,2024-10-08 17:03:39
175391956,english,"Elden Ring is a game of extremes. The world and the lore of the Lands Between are astounding in their scope and beauty. The world map is expansive, and the locations within it are, in many instances, jaw dropping. The game's story takes a back seat to the very act of exploration, serving often as a simple means of guiding the player in the correct direction.
 
The combat is tense, snappy, and fun. dodge rolls, heavy attacks, light attacks parries, melee, range, spells, buffs, debuffs. Combat has so many fun decision making points in every encounter and generally feels good.

The leveling system is deceptively simple. There are main attributes that govern damage and other player stats. these should be pumped while allowing a minimum amount of points for health, mana, and stamina, and then pouring remaining points into whatever is required to make the build work.

All of these are excellent systems and they work together to make Elden Ring a joy to experience. However they're held back by glaring oversights and poor design decisions. 

That large map feels dead to the player. There are almost no friendly NPCs. There are no cities, no towns, no trading hubs. There is only an unending amount of nightmarish monsters who aim to kill you over and over again. The lore is buried under so many discover-able items that it's easy to miss major plot points. At one point the penultimate boss will say ""from this point forward, I fight as Horah Loux!"" I have no clue who this is. I was never told and I missed the inscription on some ring in some chest in some cave, somewhere. likewise the quest system is, for lack of a better word, a disaster. Having to initiate conversations with the same person multiple times before they disappear to reappear somewhere else on the massive game map is ridiculous.

The combat is wonderful fun against other enemies that are roughly the same size as your character. against a vast number of enemies that are both fast and multiple stories tall, the immersion of dodge rolling through a minivan sized sword is nonexistent, and the lock on camera cannot keep up. 

The game has no concept of balance between fights either. I was able to crush the above mentioned penultimate boss into the ground inside of 10 seconds. the final boss was immune to bleed, which I had based my build around. Every decision I had made up until that point ceased to matter for this boss. My bleed talisman? useless. my bleed helm? useless. My 80 points in arcane? a direct hindrance. Perhaps I should respec my build but...

items need to be leveled using a finite resource found randomly throughout the map. swapping a build inherently requires you to level another item. this means that items found later in the game are almost impossible to use if you've not been stingey with your leveling items.

and that end of the game takes forever to arrive. the game loses steam at around the 50 hour mark, then continues for another 20-30 hours.


Does this mean Elden Ring is bad? No. in many ways it's remarkable. a towering achievement of world design. but it's held back from greatness by some truly ridiculous balance decisions. I can still strongly recommend it, but expect some frustrations that should have been addressed prior to release.",2024-09-20 17:51:16,True,0,0,True,False,False,0,5,5005,0,5005,2024-09-02 02:21:54
175391708,english,GOATED,2024-09-20 17:47:27,True,0,0,True,False,False,0,8,5,0,5,2024-08-01 06:09:55
175391038,english,"my friend said it best, this game has made me say the most foul things i have ever & will ever say. RE: That's what makes this game beautiful.",2024-09-20 17:37:25,False,2,0,True,False,False,30,4,11202,4053,9832,2024-10-24 23:40:37
175389978,english,"like it
",2024-09-20 17:22:49,True,0,0,True,True,False,0,4,9906,4556,4081,2024-10-25 22:17:45
175389546,english,i want to explode,2024-09-20 17:16:45,True,0,0,True,False,False,0,12,752,0,721,2024-09-20 17:46:47
175389365,english,Extremely well made game. Was technically my first actual soulsborne game and i fell in love with it.,2024-09-20 17:14:26,True,0,0,True,False,False,5,2,11984,0,11980,2024-09-22 14:46:45
175388605,english,yeah this games aight,2024-09-20 17:04:44,True,0,0,True,False,False,80,2,23744,2198,19857,2024-10-26 01:07:28
175388334,english,"My first game from the Dark Souls franchise.
I was honestly very scared at first when I started playing since I know theses games are very hard and rage inducing, but now that I have learned the mechanics I'm having a blast.

-The vas array of spells, weapons, and equipment helps create a playstyle fitted for you.
-The environments are breath taking
-the music is intence and makes you dive right into the heart of the fights

I give it an easy 9/10",2024-09-20 17:01:56,True,0,0,True,False,False,0,12,7953,0,5261,2024-09-29 13:02:28
175388046,english,i am elden lord,2024-09-20 16:58:22,True,0,0,True,False,False,0,6,934,0,934,2024-09-20 16:56:14
175387896,english,Skittle type of game... Luke,2024-09-20 16:55:57,True,0,0,True,False,False,78,2,6927,0,6269,2024-10-08 14:32:50
175387217,english,gonna marry Ranni eight times,2024-09-20 16:45:07,True,0,0,True,False,False,57,1,25027,312,22475,2024-10-26 06:34:10
175387128,english,"If you enjoy a challenge when you have nothing else to do or want something then this is a very well ridden choice. as you can select a variety of classes along with a open world experience of the souls franchise making this the best entry in the souls games. tho if you are going in please note that not everything is supposed to be killed as it can lock you out of some questlines. so when you meet an npc you might get items or have it be a merchant while it also might have a quest. if you have any trouble beating a boss then you can return to it later when you got what you need as it can help getting things to get through the game. if you experience any anger issues or stress, then its highly recommended that you reach a ""site of grace"" rest at it and take a short break or a longer one depending on your needs. For extra info or help you can go here (https://eldenring.wiki.fextralife.com/Elden+Ring+Wiki) for everything you need if you struggle to get through the game. its ok to get help or info that helps as long as it doesnt affect your gameplay like if you were to not play the game. anyways, hope this is any help to new tarnished that goes into the lands between. have fun.",2024-09-20 16:43:56,True,0,0,True,False,False,0,1,53946,2619,48051,2024-10-26 11:42:57
175386714,english,You're able to kill a twink and his boytoy. 10/10,2024-09-20 16:37:24,True,1,0,True,False,False,0,12,17484,0,17376,2024-10-06 02:10:28
175386527,english,"The most melancholic; the most gloomy, depressive, sorrowful game I have ever played. It's darker than dark souls. It's a passionate tale about corrupted gods, impotence and inaptitude to help the righteous, betrayal and self-sacrifice. The game doesn't tell all of this at once, you MUST pay attention to details and the unspoken to be able to grasp the true meaning of the presented reality. You need to be open to feel how the things are, to read between the lines. Or else many stories will go unnoticed, and the game will be just as any open world- action RPG.",2024-09-20 16:34:24,True,0,0,True,False,False,263,16,7041,0,7041,2024-09-18 01:49:11
175383592,english,"Even with the degree of souls-burn-out I have experienced, this game is still a good time...but only with mods to somewhat lesson the ridiculous difficulty level.",2024-09-20 15:52:15,True,0,0,True,False,False,0,73,7418,0,7418,2024-07-08 04:20:23
175383094,english,Nom nom.,2024-09-20 15:46:56,True,0,0,True,False,False,0,7,7342,0,7342,2024-08-06 04:41:49
175382522,english,It hurt being called maidenless. I am still rehabilitating myself even though I got my revenge.,2024-09-20 15:40:46,True,0,0,True,False,False,94,18,24997,0,24997,2024-09-20 03:30:17
175381835,english,i hate this game,2024-09-20 15:33:12,True,0,0,True,False,False,0,1,815,0,793,2024-09-20 15:56:03
175381116,english,"Elden Ring is an astonishing experience that, without a doubt, has become one of the most impactful games I've ever played. It has likely surpassed some of my all-time favorites, carving out a permanent place in my gaming memories. It's rare for a game to leave such a deep impression, but Elden Ring accomplished just that—I genuinely enjoyed every moment of it.

Graphics:
While not the most graphically advanced title, Elden Ring still manages to impress and is visually stunning through and through. Its graphical fidelity might not push the envelope, but it looks superb nonetheless, particularly due to one crucial aspect: its art direction.

Design and Art Direction:
This is where Elden Ring truly shines. The art and design are nothing short of exceptional, with every landscape, creature, and ruin meticulously crafted. You can see the immense thought, passion, and effort poured into every corner of the world. It’s not surprising, given it’s a FromSoftware game, but the sheer attention to detail and the atmospheric beauty still left me in awe.

Lore and Worldbuilding:
The worldbuilding is equally masterful, although I do have some reservations about its approach. The lore is deep and intricately woven, but it’s also quite elusive. It follows the classic FromSoftware method—offering minimal exposition and requiring players to read item descriptions, piece together clues, and make connections on their own. While I appreciate the layers and complexity, there were times I found myself struggling to grasp what was happening or even what my immediate goal was, aside from the overarching quest. It’s an effective way to build a mysterious world, but it can be a bit overwhelming.

Gameplay:
The gameplay is polished and, for the most part, smooth. Yes, there are complaints about the difficulty, particularly with regard to boss design, damage sponges, and certain balancing issues like power creep and tight timing windows. However, the game also offers a diverse arsenal of tools, strategies, and approaches to overcome challenges. I never felt boxed in, and I loved the freedom it gave me to experiment with different playstyles.
The open-world design is another point of contention for some, but personally, I found it to be a breath of fresh air. As a fan of open-world games who has grown weary of the often formulaic design in recent titles, Elden Ring reinvigorated my love for exploration. The world feels vast, mysterious, and rewarding to discover, with a sense of scale and wonder that kept me hooked for hours. The roleplaying aspect was another highlight—getting lost in this world and shaping my own experience was immensely satisfying.

Final Thoughts:
Overall, Elden Ring is not perfect, but it's undoubtedly one of the best games I’ve ever played. Dark Souls 1 and Elden Ring have solidified my love for FromSoftware's games. I’ve always admired their design philosophy, their intricate lore, and their bold artistic choices. Despite its flaws, I’m happy to give Elden Ring a solid 9/10. It’s a game that will stay with me for a long time.",2024-09-20 15:25:33,True,0,0,True,False,False,121,11,12805,0,12805,2024-09-20 10:12:01
175378778,english,Best game ever made.,2024-09-20 14:56:33,True,0,0,True,False,False,0,17,14500,0,14500,2024-09-20 14:56:24
175378732,english,"My Waifu Tier List:

1. Sorceress Sellen
2. Ranni the Witch
3. Hyetta
4. Melina
5. Mommy Malenia
6. Rya
7. Maliketh
8. Roderika

My character is a female but they/them identifies as male.",2024-09-20 14:55:53,True,9,0,True,False,False,0,1,16552,1099,11028,2024-10-24 16:11:18
175377865,english,Dog ahead.,2024-09-20 14:43:59,True,1,0,True,False,False,26,9,6423,0,6423,2024-09-04 21:52:39
175377766,english,"After nearly 10 hours of playing and dying, this is my first entry into the souls-like genre, and the game is hard. I came from MHW, so getting one or two-shotted by bosses isn’t new to me, but still—even mobs can beat the shit out of you if you’re not careful. The runbacks and the loss of runes when you die twice without recovering it are pretty punishing. Another thing that bothers me is the slight delay of 0.1 to 0.2 seconds of the dodge/roll input, which can be a bit annoying at times.

However, the boss fights are really fun. I’ve only beaten the first 2 bosses so far, but both are so good. The world is immersive and beautiful—you can easily lose track of time because of how enjoyable it is to explore. There's still so much more to do, as I haven’t fully tapped into the build paths and skills yet, but this already feels like a great game.",2024-09-20 14:42:41,True,0,0,True,False,False,24,2,5703,2050,594,2024-10-26 09:23:00
175377647,english,AMAZING AND IN DEPTH,2024-09-20 14:41:01,True,0,0,True,False,False,0,11,2571,60,198,2024-10-24 23:18:50
175376382,english,so goooooooooooooooooooooooooooooooood,2024-09-20 14:22:32,True,0,0,True,False,False,6,2,3417,0,3366,2024-09-22 08:37:34
175375655,english,masterpiece every gamer should know,2024-09-20 14:12:21,True,0,0,True,False,False,0,1,2627,0,1810,2024-09-23 15:40:21
175373540,english,GREAT GAME. JUST A BIT CHALLENGING,2024-09-20 13:40:05,True,0,0,True,False,False,0,5,6033,1,4539,2024-10-18 18:38:13
175373330,english,Good game!,2024-09-20 13:37:08,True,0,0,True,False,False,0,2,6407,0,6407,2024-08-13 14:50:06
175373230,english,good,2024-09-20 13:35:35,True,0,0,True,False,False,49,4,1532,0,1474,2024-09-22 08:51:20
175372225,english,No support for Widescreen Ultrawide 3440x1440. It's a refund for me and might consider buying for console instead.,2024-09-20 13:19:05,False,1,0,True,False,False,0,2,62,0,62,2024-09-20 13:15:18
175372094,english,Don't dump a 30gb patch on me.,2024-09-20 13:17:07,False,1,0,True,False,False,368,40,30678,18,30659,2024-10-15 06:51:13
175371284,english,(y),2024-09-20 13:04:03,True,0,0,True,False,False,41,4,4233,0,1559,2024-10-06 14:34:23
175371059,english,Game taught me patience and calmness,2024-09-20 13:00:34,True,1,0,True,False,False,0,8,16167,0,14594,2024-10-09 15:43:28
175369969,english,Good,2024-09-20 12:41:05,True,0,0,True,False,False,0,2,2279,1484,699,2024-10-25 21:17:00
175368975,english,"[h1] fact: [/h1]

getting baked and pretending to be a novice mage on invades with astrologer staff and glintstone pebble is 10/10

[h2] opinions: [/h2]

+pacing is slow, and a little boring to start but by the end you feel very invested in the world. story plays like a well written novel if you actually pay attention to what important characters say to you.

+easily some of the best bosses in the souls series.
-though some of the gameplay in boss fights betrays the scope of their design. i.e. fire giant buildup and design is sick asf but the fight i had was just hitting his feet and sprayin him with scarlet rot. 

+sorcery and faith actually feel great compared to some of the other souls entries. using a remembrance to get the hyper beam that Placidusax uses is sosososo sickk.

-some brief moments of level design are blatantly just tedium and forced frustration (waiting for 5 sorcerers to stop spamming their spells in a 3 inch corridor.)
+but the levels themselves are very refined and actually good takes on previous souls archetypes. farum azula finally got the 'dragon city in the sky' thing right for me, and there were genuinely no annoying ass poison swamps.
+just about every legacy dungeon is amazing

+/-game is genuinely ruthless compared to other souls games. beating a big boss doesn't pretty much ensure smooth sailing for at least the next 30mins of actual progression. however, the tools that are made available to the player give so many different options for creative solutions. though, you can really just spawn mimic tear and abuse your weapon art every fight and breeze through the game.

++++++++characters in this game have great depth and feel interesting to engage with, you feel like you really wanna do this quest for someone instead of just, 'oh i know this will get me this armor set so i'll do their quest and then kill them because they're annoying.'..... but that does still exist which is also fun.

+you mfers have mastered the art of the message. i read like every one.

[h3] final OPINIONS: [/h3]

most fun boss 1st time through: Godfrey/Hoarah Loux
coolest boss designs/buildups: Placidusax, Mohg, Maliketh
most boring boss: Loretta for the 2nd time at Haligtree. like damn coulda been something cooler. guess they didn't want to stack that area with too many hard bosses.
easiest bosses: Rennala (duh), Maliketh (pillar cheese makes fight 2 ez), Gideon (does he count?)
hardest bosses: Margit (1st playthrough), Fire Giant (learning curve was steep 4 me)
beat everyone else in about 15 tries or less. 

if u can beat Margit and Duo Tree Sentinel, you can beat the game.
if u don't like a challenge, but like story: rush mimic tear and blasphemous blade or do some bleed build.
if you don't like a challenge, and can't be assed to think of creative ways to beat a boss, just don't buy the game.

my grandma could beat this game with her eyes closed and hearing aids out with mimic tear +10 and blasphemous blade +10 

fun game. would recommend 

think I'll buy the DLC",2024-09-20 12:23:38,True,0,0,True,False,False,0,3,13828,0,12588,2024-09-22 22:02:49
175367844,english,Beware of gravity!!,2024-09-20 12:04:31,True,0,0,True,False,False,73,9,8844,3087,4984,2024-10-26 11:59:57
175366454,english,"In short, this game is a masterpiece. 
It is a newcomer-friendly Soulsborne game with a vast, mind-blowing open world that constantly amazed me as I explored. And there are plenty of weapons, builds, summons and other items to help balance out the combat challenges. 
[spoiler] But be prepared for the difficulty spike in the late game. [/spoiler]

And please we need Bloodborne on PC.",2024-09-20 11:39:11,True,5,0,True,False,False,0,7,9869,0,9869,2024-09-17 15:29:38
175365154,english,Melina stinky feet,2024-09-20 11:11:06,True,0,0,True,False,False,38,2,11454,1534,7224,2024-10-26 10:29:49
175365124,english,fuck I hate this game,2024-09-20 11:10:29,True,0,0,True,False,False,0,7,5917,345,5487,2024-10-16 10:05:12
175364535,english,Fun ahead,2024-09-20 10:58:02,True,0,0,True,False,False,126,21,3231,0,295,2024-09-27 20:03:41
175363309,english,Challenging but super fun!,2024-09-20 10:29:29,True,0,0,True,False,False,0,1,7067,0,6774,2024-10-10 09:23:36
175362096,english,"Elden Ring is a masterpiece. It's a game that will test your patience, and leave you with memorable death reels. If you're looking for a challenge, and you're not afraid to die (a lot), then this game is for you.

10/10. Would recommend",2024-09-20 10:00:11,True,0,0,True,False,False,0,5,8466,0,6522,2024-09-29 01:57:16
175359635,english,GOOD,2024-09-20 09:02:03,True,0,0,True,False,False,0,3,5773,315,3942,2024-10-26 08:59:48
175359381,english,100/10,2024-09-20 08:55:55,True,0,0,True,False,False,0,5,4438,0,4438,2024-07-25 21:33:51
175358308,english,ye,2024-09-20 08:28:50,True,0,0,True,False,False,0,3,11502,774,7226,2024-10-26 09:44:34
175358299,english,Made me feel like a main character,2024-09-20 08:28:29,True,0,0,True,False,False,53,8,2377,0,2377,2024-08-27 07:21:07
175358217,english,I love Elden Ring! this has been my favorite game since it came out. Can't wait until the next game!,2024-09-20 08:26:34,True,1,0,True,False,False,0,3,12404,589,10630,2024-10-24 04:42:45
175357168,english,Probably the greatest thing you can play.,2024-09-20 07:58:15,True,0,0,True,False,False,63,2,83,0,83,2024-05-09 12:24:24
175357153,english,"mist or beast
",2024-09-20 07:57:52,True,2,0,True,False,False,0,3,5146,0,5146,2024-08-18 08:55:30
175356935,english,now i know why this game is GOTY,2024-09-20 07:51:39,True,0,0,True,False,False,0,1,3044,0,1404,2024-09-27 05:27:15
175355990,english,"I still have not fully beaten the game yet, but solid 11/10 minus the fact that I need a new desk.",2024-09-20 07:24:43,True,1,0,True,False,False,0,3,11001,0,10979,2024-09-27 02:49:54
175355810,english,"fell of clif
",2024-09-20 07:19:22,True,1,0,True,False,False,0,6,13911,0,10251,2024-10-11 08:39:29
175355775,english,silly lies of poop would never compare to my glorious king miyazaki and lies of poop doesnt have hot little kid,2024-09-20 07:18:14,True,0,0,True,False,False,105,9,7235,0,7235,2024-07-16 14:57:31
175355596,english,"Oh, Death... Become my blade, once more.",2024-09-20 07:13:27,True,1,0,True,False,False,170,6,11920,565,9400,2024-10-25 08:12:08
175354113,english,Peak,2024-09-20 06:28:47,True,0,0,True,False,False,32,1,16824,545,11902,2024-10-26 10:36:00
175353716,english,best game for ever,2024-09-20 06:18:08,True,1,0,True,False,False,432,8,19024,589,17424,2024-10-25 22:50:16
175353405,english,"Truly a game of the year, a new standard for gaming industry! Paid 100 dollars to get a game and DLC and for a month that I have been playing, I feel like I did not even completed half of the game if not even less, truly so much to explore and the best you do not ever will need to pay for anything in game unlike most games. The game itself is not hard at all, but very rewarding.  Great online features, lots of different maps and bosses, I enjoy how every build can be broken if you will do it right. Wish I would of bought this game sooner, but now I know what I will be playing for the next few months.",2024-09-20 06:09:54,True,0,0,True,False,False,0,8,3755,0,3292,2024-09-24 02:49:43
175353136,english,Bread!,2024-09-20 06:02:08,True,0,0,True,False,False,0,1,6415,0,6236,2024-10-09 15:15:27
175351829,english,one grink to rule them all,2024-09-20 05:24:20,True,0,0,True,False,False,0,11,115,0,115,2024-09-02 00:58:33
175351071,english,♥♥,2024-09-20 05:03:08,True,0,0,True,False,False,0,3,13483,0,13318,2024-09-30 19:11:58
175350865,english,One of kind masterpiece,2024-09-20 04:57:32,True,0,0,True,False,False,0,3,8386,0,8382,2024-10-06 02:43:46
175350674,english,oughhhh... i put on the ring that makes you old.........,2024-09-20 04:51:57,True,0,0,True,False,False,78,8,7133,879,5589,2024-10-18 08:48:45
175349797,english,A great gaming experience.,2024-09-20 04:28:58,True,0,0,True,False,False,0,2,21264,0,20384,2024-09-21 11:33:57
175349335,english,I played for way longer than I'd liked to. Died more times than I could count. When it came to the final boss I didn't realize I needed to summon the side quest character I spent time to unlock the special ending. Sadly with no save file feature I have been locked out of that ending now to be forever blue balled by this game.,2024-09-20 04:16:57,False,4,2,True,False,False,0,8,2878,0,2878,2024-09-20 04:08:20
175349331,english,"Thank you Sisyphus, your lessons are as hard as they are wise.",2024-09-20 04:16:47,True,0,0,True,False,False,0,11,15071,1408,11308,2024-10-24 22:27:20
175348621,english,"-True strength, befit thy crown-

When i play this game for the first time. I never thought it will have a huge impact in my life. I was scared of souls like before this game because i saw people raging on these game and how hard it was. Didn't want to hate and felt i waste my money. When Elden ring release. My family gift me this game. Launch it on the PS5 And... I felt i was playing on painting. It was a magnificent world even it was ruin by the war. Even if i suck at this game. I always felt i could do better and persevere on boss! This game made me better in life. After the ending... I play through the game again but with my brother this time and still amazing! (Better with Seamless Co-op mod https://www.nexusmods.com/eldenring/mods/510) After 100% achivement, I felt empty... I wish to replay this game with the DLC like the first time.
(i Also finish Dark souls triliogy and regret to not play it sooner)

So if you are scared and not sure to get Elden ring? I say Go! Buy it and try it! It worth all your money and how much this game is large on content. It is the most accessible Soulsborne to finish too.
It hard but not impossible. Plus, perhaps you can find confort on this harsh journey",2024-09-20 03:57:34,True,0,0,True,False,False,0,6,15926,1,15539,2024-10-24 15:29:59
175347948,english,good game,2024-09-20 03:40:00,True,0,0,True,False,False,0,4,20053,0,20053,2024-06-18 01:57:13
175347936,english,158 hours in and still only fighting like the 4th boss in the game. Fuck Radahn. good game 👍,2024-09-20 03:39:39,True,0,0,True,False,False,223,27,9579,0,9496,2024-10-10 03:23:33
175347797,english,good stuff,2024-09-20 03:36:25,True,0,0,True,False,False,0,25,18659,86,8171,2024-10-16 01:16:58
175347742,english,very poorly optimized  all 4 hours up until now were wasted in the damn settings hopefully ill find a fix,2024-09-20 03:34:44,False,0,0,True,False,False,56,12,7228,1,226,2024-10-17 13:38:34
175347642,english,Mastahpiece ♥︎,2024-09-20 03:32:11,True,0,0,True,False,False,86,3,11253,0,8802,2024-10-11 00:23:30
175346419,english,It's one of my favorite games ever made and I've 100%ed it on playstation,2024-09-20 03:01:48,True,0,0,True,False,False,0,18,1976,0,1976,2024-07-10 03:40:47
175346328,english,this is fun,2024-09-20 02:59:44,True,0,0,True,False,False,0,2,7098,0,7013,2024-10-04 01:34:58
175345751,english,it became my life,2024-09-20 02:45:59,True,1,0,True,False,False,0,3,18221,748,14817,2024-10-23 09:28:22
175345722,english,gud,2024-09-20 02:45:25,True,0,0,True,False,False,0,3,11173,39,7328,2024-10-17 15:09:40
175345684,english,if u suck get good,2024-09-20 02:44:27,True,0,0,True,False,False,0,2,2410,3,1439,2024-10-16 00:27:03
175345460,english,"Elden Ring isn’t just the best game ever; it’s a cosmic revelation that transcends the very fabric of reality! Imagine a universe where every pixel pulsates with divine energy, and every blade of grass whispers secrets of ancient civilizations. This game has redefined the concept of adventure, blending breathtaking visuals with a narrative so rich it feels like reading the greatest epic of all time—while riding a dragon made of pure starlight! The combat is not merely engaging; it’s a symphony of chaos and beauty, making you feel like a legendary hero in a world where time itself bends to your will. Every step you take in the Lands Between is a moment of pure magic, a dance with destiny that makes you question your existence. Truly, Elden Ring is not just a game; it is an experience that elevates the very essence of gaming to a celestial level, forever etching its name in the annals of history as the pinnacle of human creativity!",2024-09-20 02:38:42,True,0,0,True,False,False,0,13,4934,0,4924,2024-09-25 22:18:04
175344570,english,Saw a sheep or goat curl up and roll away like sonic and now I'm hooked,2024-09-20 02:17:50,True,0,0,True,False,False,0,3,5607,209,1015,2024-10-20 02:52:34
175344218,english,God himself could not make this game better...,2024-09-20 02:09:14,True,0,0,True,False,False,49,3,14001,3103,7905,2024-10-26 04:32:20
175344199,english,ye dis game trash bro my character is the most stupid plaer i have ever seen i am pressing shift and his retarted ass will not dodge i have died muiltple times due to this please FIX NOWW!!,2024-09-20 02:08:44,False,0,0,True,False,False,0,9,3591,123,288,2024-10-26 04:48:27
175344120,english,nhgygb,2024-09-20 02:06:44,True,0,0,True,False,False,29,4,78,0,78,2024-06-29 13:53:48
175342859,english,"You will die hundreds of times to the tiniest of goons but then you will first try one of the hardest bosses in the game.

11/10 (besides haligtree)

""CURSE YOU BAYLE"" -Igon",2024-09-20 01:38:34,True,3,0,True,False,False,0,16,5590,0,5431,2024-09-30 23:09:09
175342834,english,Tarnished :D,2024-09-20 01:37:49,True,0,0,True,False,False,0,10,2319,0,2305,2024-10-03 02:42:10
175341849,english,"Arise, ye Tarnished.",2024-09-20 01:14:07,True,0,0,True,False,False,0,1,12797,0,11138,2024-10-08 00:58:30
175341227,english,best game ever pure joy,2024-09-20 00:58:37,True,0,0,True,False,False,0,5,11142,7,10311,2024-10-16 01:48:14
175341099,english,"very hard but one of the most fun game evry
s",2024-09-20 00:55:34,True,1,0,True,False,False,0,3,14057,4640,1847,2024-10-26 02:23:25
175340915,english,i love dis game,2024-09-20 00:51:22,True,0,0,True,False,False,0,1,16675,0,16675,2024-08-01 23:22:33
175340603,english,seek ELDEN RING ;),2024-09-20 00:43:23,True,0,0,True,False,False,0,3,23625,0,23529,2024-09-29 03:17:51
175340276,english,one of the best games ever made,2024-09-20 00:35:52,True,0,0,True,False,False,0,33,4879,0,4879,2024-08-19 22:51:27
175340041,english,The world is gorgeous and the combat is as good as always.,2024-09-20 00:30:20,True,0,0,True,False,False,0,22,7206,1462,376,2024-10-17 04:42:22
175339510,english,The best architectural art I have ever seen,2024-09-20 00:17:16,True,1,0,True,False,False,0,2,5336,57,4587,2024-10-18 12:28:06
175338929,english,god,2024-09-20 00:03:05,True,0,0,True,False,False,0,3,15472,496,14957,2024-10-25 00:11:48
175338373,english,Everything in his game is valid except draconic tree sentinel. Fuck the draconic tree sentinel,2024-09-19 23:48:00,True,1,0,True,False,False,0,1,5931,24,3652,2024-10-14 03:08:53
175338049,english,好玩,2024-09-19 23:38:42,True,0,0,True,False,False,11,3,4783,646,3458,2024-10-25 05:21:23
175337458,english,My roommate has been stuck on one boss fight for over a month. This is a fun game.,2024-09-19 23:22:39,True,0,0,True,False,False,129,23,9852,0,9182,2024-10-05 04:12:38
175336828,english,"bought the game thinking i wasnt going to like it

i like it",2024-09-19 23:05:47,True,1,0,True,False,False,141,4,9109,0,9102,2024-09-21 02:12:39
175336530,english,i got staggerd by a naked man witha club.,2024-09-19 22:59:12,False,2,0,True,False,False,0,7,26197,676,24153,2024-10-25 21:15:13
175336320,english,"I quit 5 hours in. Months later, a friend coaxed me to try again. I was patient, I learned to dodge, I leveled as much as possible, and I beat it and the dlc. A masterpiece with no identifiable faults; brutal, expansive, mature. Incredible.",2024-09-19 22:53:41,True,1,0,True,False,False,0,7,10634,0,10620,2024-09-22 13:59:16
175336195,english,"It's good, I just really can't enjoy super hard games. (Because I'm garbage at them.)",2024-09-19 22:51:03,True,0,0,True,False,False,0,26,47,0,47,2024-09-19 22:41:40
175335407,english,"game sucks, not engaging in the slightest in the beginning, many bugs if you try to use mods, seamless co-op will never be seamless. Just had a bug where my horse died every 5 seconds.",2024-09-19 22:30:22,False,2,0,True,False,False,0,1,4335,1,4256,2024-10-21 01:52:31
175335369,english,The best game I have ever played. IGON THE GOAT. CURSE YOU BAYLEEEEEEEE.,2024-09-19 22:29:40,True,2,0,True,False,False,0,2,16704,0,16453,2024-10-04 17:35:13
175335337,english,pretty good video game,2024-09-19 22:29:05,True,0,0,True,False,False,449,10,7847,0,7749,2024-09-28 01:10:10
175334357,english,skibidi fortnite fanum tax ohio gyatt rizzler sigma alpha wolf duke denis game,2024-09-19 22:06:35,True,1,0,True,False,False,0,1,2714,1166,458,2024-10-26 01:44:14
175333220,english,This game is to easy. Please buff everything so that I can die more offten.,2024-09-19 21:40:32,True,0,0,True,False,False,0,2,1148,0,467,2024-10-03 06:14:36
175333150,english,first fromsoft game and I loved it,2024-09-19 21:39:05,True,0,0,True,False,False,0,6,11935,0,11751,2024-09-28 04:08:24
175332926,english,ts is goated,2024-09-19 21:34:10,True,0,0,True,False,False,0,5,7625,0,7625,2024-09-19 21:28:12
175332278,english,"I loved the game on Xbox so I got it on PC, but something about the game causes it to crash my PC (Even got the BSOD once) almost every time on start up. I've only had this happen with one other game and that was Exoprimal. The only thing in common I've found between the two games is the Anti-cheat. Only solution I've heard was updating my BIOS, but I must be doing something wrong with that because the file doesn't appear on my flash drive when I try so I can't confirm if that solution works or not. Anyway, I love the game and would definitely play it again if I could.",2024-09-19 21:19:11,True,0,0,True,False,False,0,1,56,0,56,2024-07-03 19:17:16
175332107,english,I love this game. I would definitely recommend this if you want a step up in difficulty but not so much so that it's impossible.,2024-09-19 21:15:35,True,0,0,True,False,False,0,2,7846,0,7315,2024-10-12 05:22:41
175331799,english,best game i've ever played. i got a tattoo of the logo and everything. i will never find a game as enjoyable as this!,2024-09-19 21:08:56,True,0,0,True,False,False,0,2,22067,0,22067,2024-07-26 17:07:08
175331344,english,"""Unless of course...thou shouldst take the crown."" And so I did.
I'd like to say some things to the people I met along my journey.
To Alexander, I'm sorry, and thank you.
To Blaidd; gg no re.
To Varré; Who's maidenless now bish
To Melina; I'm sorry but lets just be friends.
To Ranni; Let us travel afar, yonder to stars and galaxies far above the earth.",2024-09-19 20:58:52,True,0,0,True,False,False,93,4,6635,0,6635,2024-09-18 02:42:32
175331342,english,"Elden Ring is not an ordinary game, it is an experience. From the atmosphere to the challenging yet rewarding gameplay, it constantly envelops you in its world and provides depth through its lore; which whilst is there, it doesn't shove it down your throat. 

With this being my first Souls game, I now understand the rage and adrenaline that comes from finally beating that one boss you've been stuck on, clearing that one dungeon or stumbling across a secret area/item. I'd recommend anyone experience this gem. 

NOTE: The Seamless Co-op Mod really makes this game accessible to those who might not be able to tackle the challenge the game has to offer. Playing with friends transforms this game.",2024-09-19 20:58:49,True,0,0,True,False,False,127,10,6339,0,6339,2024-09-19 20:33:48
175330211,english,havnt played it for that long but its still very fun,2024-09-19 20:36:21,True,0,0,True,False,False,0,3,9891,1480,236,2024-10-25 06:48:37
175329788,english,Götüm lenger oldu mk.,2024-09-19 20:27:28,True,0,0,True,False,False,0,33,316,0,311,2024-09-19 21:24:51
175328858,english,fucking hate this game.,2024-09-19 20:09:35,False,0,0,True,False,False,0,2,83,0,83,2024-08-05 14:52:04
175326060,english,so good no complaints if you dont get your a loser,2024-09-19 19:17:18,True,1,0,True,False,False,0,3,3883,267,2747,2024-10-22 05:56:21
175325369,english,no,2024-09-19 19:04:54,False,2,0,True,False,False,125,48,55,0,55,2024-07-08 16:22:35
175324637,english,the most impressive open world enviroments I have ever seen. Playing this game is a true experience everyone should have that enjoys the Dark Souls style of gameplay. Almost made me quit modded Skyrim with a 1000+ mods. 11/10,2024-09-19 18:52:52,True,0,0,True,False,False,520,19,1943,3,1841,2024-10-13 21:21:42
175324608,english,"bullshit, worst decision of my life. I want to break something really bad while playing it, BUT the grafic is beautifull.",2024-09-19 18:52:19,True,1,0,True,False,False,0,2,8958,100,7707,2024-10-24 17:51:46
175324454,english,Best game ever you can play with best story,2024-09-19 18:49:49,True,0,0,True,False,False,33,1,23421,2658,15947,2024-10-26 05:37:35
175324049,english,"I haven't played very much and it's already got 2 issues: minor issue first, the character select screen takes way too long to do, but more importantly, there is a 3440x1440p option, but it has ARTIFICIAL BLACK BARS that the developers had the genius idea to add, so theres not even a point to having a 3440x1440p option. I'm probably not as knowledgable on the game as other reviewers are but this is just annoying.",2024-09-19 18:42:52,False,3,0,True,False,False,0,10,2007,793,147,2024-10-22 00:13:13
175323308,english,"VERY FUN, VERY HARD",2024-09-19 18:30:46,True,0,0,True,False,False,0,3,12732,2328,7893,2024-10-25 01:39:23
175322861,english,"---{ Graphics }---
☐ You forget what reality is
☑ Beautiful
☐ Good
☐ Decent
☐ Bad
☐ Don‘t look too long at it

---{ Gameplay }---
☑ Very good
☐ Good
☐ It's just gameplay
☐ Watch paint dry instead
☐ Just don't

---{ Audio }---
☐ Eargasm
☑ Very good
☐ Good
☐ Not too bad
☐ Bad
☐ I'm now deaf

---{ Audience }---
☐ Kids
☑ Teens
☐ Adults
☐ Grandma

---{ PC Requirements }---
☐ Check if you can run paint
☐ Potato
☑ Decent
☐ Fast
☐ Rich boy
☐ Ask NASA if they have a spare computer

---{ Difficulty }---
☐ Just press 'W'
☐ Easy
☐ Depends
☑ Significant brain usage
☐ Difficult
☑ Dark Souls

---{ Grind }---
☐ Nothing to grind
☐ Isn't necessary to progress
☑ Average grind level
☐ Too much grind
☐ You'll need a second life for grinding

---{ Story }---
☐ No Story
☐ Some lore
☐ Average
☐ Good
☑ Lovely
☑ It'll replace your life

---{ Game Time }---
☐ Long enough for a cup of coffee
☐ Short
☐ Average
☑ Long
☑ To infinity and beyond

---{ Price }---
☐ It's free!
☑ Worth the price
☑ If it's on sale
☐ If u have some spare money left
☐ Not recommended

---{ Bugs }---
☐ Never heard of
☑ Minor bugs
☐ Can get annoying
☐ ARK: Survival Evolved
☐ The game itself is a big terrarium for bugs

---{ ? / 10 }---
☐ 1
☐ 2
☐ 3
☐ 4
☐ 5
☐ 6
☐ 7
☐ 8
☐ 9
☑ 10
☑ ∞

"" Ahhh... May chaos take the world! May chaos take the world!!! """,2024-09-19 18:23:47,True,2,0,True,False,False,83,43,4678,636,586,2024-10-26 11:26:02
175322753,english,its swag,2024-09-19 18:21:55,True,0,0,True,False,False,8,1,2274,0,2237,2024-09-19 21:49:33
175322732,english,nothing is free in this game,2024-09-19 18:21:35,True,0,0,True,False,False,37,3,12013,0,11486,2024-09-20 03:08:04
175322391,english,W game chat,2024-09-19 18:16:05,True,0,0,True,False,False,0,4,5559,999,2015,2024-10-26 10:17:22
175321269,english,I AM DYING AND STILL TRYING!!,2024-09-19 17:56:55,True,1,0,True,False,False,163,13,415,0,316,2024-10-08 16:48:17
175319675,english,get good,2024-09-19 17:30:49,True,1,0,True,False,False,0,3,21429,1460,15875,2024-10-21 11:12:07
175319079,english,Wow!!!,2024-09-19 17:20:05,True,1,0,True,False,False,0,1,3567,277,2515,2024-10-17 13:03:24
175318352,english,elden ring.,2024-09-19 17:08:22,True,2,0,True,False,False,0,10,38033,0,36650,2024-10-02 17:35:43
175316613,english,W GAME,2024-09-19 16:39:40,True,1,0,True,False,False,114,9,8404,4,5421,2024-10-15 12:34:19
175315806,english,GG,2024-09-19 16:26:37,True,0,0,True,False,False,0,50,8269,235,166,2024-10-23 16:56:15
175311759,english,"What a journey to be an elden lord. Amazing lore, mechanics and increasing my stress management skill. Thank you Elden Ring. Game laknaatt!",2024-09-19 15:25:29,True,0,0,True,False,False,0,3,6511,0,6511,2024-09-19 15:22:03
175310752,english,Seventh playthrough and I still encounter new dungeons and items,2024-09-19 15:09:20,True,0,0,True,False,False,0,1,12465,0,12160,2024-09-29 18:28:29
175309698,english,Classic Souls Like As a a Die Hard Fan 10 out of 10 recommend if you are new or old fan of the souls series cant go wrong with ur purchase easy to get your moneys worth 1 play through can take up to 100 plus hours depending on the players skill,2024-09-19 14:53:40,True,0,0,True,False,False,0,1,9371,0,7511,2024-10-06 22:10:47
175304149,english,One of the best games ever made! The game is as easy or as difficult as you want to make it.,2024-09-19 13:27:54,True,0,0,True,False,False,0,2,47125,0,42677,2024-10-05 17:00:19
175304086,english,big tity,2024-09-19 13:26:38,True,0,0,True,False,False,53,5,8665,0,8552,2024-10-03 18:20:33
175304058,english,It sfn,2024-09-19 13:26:10,True,0,0,True,False,False,0,3,16185,47,15665,2024-10-22 13:53:32
175303769,english,"Best piece of art in the videogame universe 10/10, once you play it, theres not turning back.
Really reminds us players, what a videogame should be like and what we deserve.",2024-09-19 13:21:45,True,0,0,True,False,False,0,3,7546,0,6662,2024-10-11 21:09:47
175303140,english,Still haven't formed an opinion need more game time.,2024-09-19 13:10:56,True,0,0,True,False,False,0,1,27259,0,27148,2024-09-20 17:19:28
175302734,english,THE SINGLE. GREATEST. Video game to ever be released TO DATE. meow.,2024-09-19 13:03:39,True,0,0,True,False,False,0,1,59241,0,59151,2024-10-11 15:50:48
175301256,english,Top tier <333,2024-09-19 12:37:30,True,1,0,True,False,False,0,1,7890,0,7890,2024-07-14 14:55:23
175300444,english,I've had better.,2024-09-19 12:21:19,False,0,0,True,False,False,126,26,52584,0,52584,2022-08-26 04:59:20
175298052,english,endless content,2024-09-19 11:32:47,True,1,0,True,False,False,0,1,43239,1590,38654,2024-10-26 05:01:46
175297968,english,good game. i am working on rani quest-line. difficult but fair. 8/10,2024-09-19 11:30:44,True,0,0,True,False,False,0,11,3150,0,2936,2024-09-24 12:26:57
175297899,english,Game is ok.,2024-09-19 11:28:57,True,0,0,True,False,False,179,22,3863,0,2982,2024-09-22 00:16:48
175296231,english,yes mommy so good gud amazing so grat my favz so yummy yes pls ye s,2024-09-19 10:49:25,True,0,0,True,False,False,0,3,33419,0,33419,2024-09-14 23:25:48
175294359,english,asdf,2024-09-19 10:02:05,True,0,0,True,False,False,681,3,19775,0,19466,2024-09-25 12:12:25
175294210,english,"""?",2024-09-19 09:58:06,True,0,0,True,False,False,0,2,5595,8,5018,2024-10-26 03:34:51
175293983,english,"Had a blast playing through it the first time. 
Remember:  fort, night.",2024-09-19 09:51:47,True,0,0,True,False,False,100,9,13148,451,11691,2024-10-20 08:34:14
175293662,english,"This is one of the best games I have ever played. When you think you have done everything there is to do, you find more stuff to do, it never ends. The replayability is also amazing with all the different builds you can go for.",2024-09-19 09:42:16,True,0,0,True,False,False,205,8,11255,59,11144,2024-10-14 15:02:30
175290158,english,"Fuck me I hate it but lowkey feels great to progress, just pregame every boss fight and you gon be fine",2024-09-19 08:04:48,True,0,0,True,False,False,0,7,1919,296,1067,2024-10-21 00:45:18
175289899,english,YES,2024-09-19 07:56:38,True,0,0,True,False,False,0,7,10486,0,10124,2024-09-29 05:54:19
175289250,english,"Rise, Tarnished.",2024-09-19 07:36:49,True,0,0,True,False,False,139,7,4356,16,4340,2024-10-23 23:35:23
175288270,english,剑与魔法的世界，爽,2024-09-19 07:06:13,True,0,0,True,False,False,14,1,22455,269,19860,2024-10-13 07:39:01
175287911,english,great game,2024-09-19 06:54:41,True,0,0,True,False,False,0,1,8884,0,8838,2024-10-12 01:27:08
175286805,english,I am a huge fan of the souls games and this one does not disappoint. Praise the Sun!!,2024-09-19 06:21:44,True,1,0,True,False,False,0,7,7101,0,2542,2024-10-06 18:51:40
175286707,english,I met John Elden Ring he looked at Malenia's toes,2024-09-19 06:18:03,True,0,0,True,False,False,0,3,7787,740,5047,2024-10-25 02:15:34
175286506,english,got gud,2024-09-19 06:11:43,True,0,0,True,False,False,0,9,30034,0,30034,2024-09-19 06:10:02
175285894,english,it all went downhill after season 3,2024-09-19 05:52:41,True,1,0,True,False,False,438,18,10529,0,10529,2024-06-20 23:53:32
175285409,english,"It's a complete game, it's challenging, replayable and everything you've come to expect from the developer.",2024-09-19 05:38:22,True,0,0,True,False,False,0,3,30077,0,26645,2024-10-02 19:18:55
175285168,english,The story seems like something a homeless schizophrenic on datura would come up with when you're able to piece it together at all. 10/10.,2024-09-19 05:30:36,True,0,0,True,False,False,0,12,13527,0,13527,2023-04-23 03:43:46
175284939,english,I'm bad at this game,2024-09-19 05:24:17,True,1,0,True,False,False,163,4,19720,306,17484,2024-10-21 05:20:06
175284167,english,I love going back to the starting area to feel like I accomplished something,2024-09-19 05:03:13,True,0,0,True,False,False,39,15,2443,0,2443,2024-09-07 18:44:07
175283358,english,"yeah, i think i like it",2024-09-19 04:40:52,True,1,0,True,False,False,0,1,32141,0,31956,2024-09-29 02:35:21
175283287,english,Buddy got me into Dark Souls months before this game released. Fromsoft is goated af. ER gave me the best gaming experience of my 22 years on this Earth. DLC let me relive that in a fresh way. I couldn't be more excited for what they're cooking up next in the lab!,2024-09-19 04:38:55,True,1,0,True,False,False,0,6,26834,161,26427,2024-10-20 02:26:48
175282567,english,"Tried Elden Ring when it first came out, played 18 hours grinding the very start knights, then quit. 

Years later  and convinced to play with seamless coop mod. Was having fun, then super raged at Radahn in discord chat, kept raging until solo killing him. Quit playing again for like 2 months despite pleas to come back because felt like shit. 

Came back again, but now pretty much soloing everything. Entering Leyndell, start coop again a little but still soloing bosses. Find out I'm making the game harder than needed by using multiple scarseals. Just entered the Mountaintop of the Giants. 

Playing Astrologer. 10/10 Elden Ring Experience.

Edit:
Solo'd all the Main bosses after Radahn and and the only few I didn't solo were pretty much just the second Astel Stars of Darkness, Dragonlord Placidusax and Malenia who i missed out on even attempting solo.

Elden Ring was definitely a game I never thought I would be able to solo any of, let alone obtain every achievement on.",2024-09-19 04:17:51,True,0,0,True,False,False,728,35,8662,130,8170,2024-10-22 00:06:14
175282315,english,One of the best fromsoftware games to date amazing bosses and beautiful landscapes and an amazing soundtrack with tons of weapons and probably the hardest fromsoft dlc ever made while also adding cool weapons and an awesome map to traverse this is arguably one of the best games of all time,2024-09-19 04:10:37,True,0,0,True,False,False,194,19,6069,1,6068,2024-10-13 19:54:22
175281254,english,i got lost and a big bird knocked me off a cliff.,2024-09-19 03:40:38,True,0,0,True,False,False,0,10,1499,0,993,2024-10-04 03:56:19
175280691,english,Oh WOW. Its actually THAT good.,2024-09-19 03:24:43,True,0,0,True,False,False,0,13,10340,0,10215,2024-09-19 05:34:38
175280519,english,the greatest game ive ever played by far.,2024-09-19 03:20:09,True,1,0,True,False,False,0,4,38221,0,37888,2024-09-23 02:35:36
175280282,english,"Great game, but challenging. If your looking for a hard game that challenges you, this is a great pick, but if your more of a relaxed gamer who plays games like Minecraft and Stardew Valley, this might not be a game for you.",2024-09-19 03:13:55,True,0,0,True,False,False,0,11,3585,6,3264,2024-10-16 08:44:03
175279762,english,such a   good get many housr and  dlc is  fiirrreee,2024-09-19 03:00:37,True,0,0,True,False,False,0,1,11369,0,4352,2024-09-27 18:19:59
175279415,english,.,2024-09-19 02:51:33,True,0,0,True,False,False,0,8,5385,0,5385,2023-11-10 12:06:36
175279365,english,Empty open world. Why bother? Just to follow market trends? We went from an intricate combat system in Sekiro just to devolve and revert back to spam rolling.,2024-09-19 02:50:14,False,5,0,True,False,False,0,3,4574,0,4574,2024-05-20 19:13:54
175279320,english,"Peak high fantasy
",2024-09-19 02:49:11,True,0,0,True,False,False,27,3,7340,0,7068,2024-09-21 17:33:03
175278848,english,"I'm like a quarter of the way through, but combat and environment is fantastic.",2024-09-19 02:38:14,True,1,0,True,False,False,107,24,1652,0,1634,2024-09-28 23:04:45
175277925,english,glass canon goes brrrrrrrr,2024-09-19 02:14:16,True,0,0,True,False,False,203,1,8771,0,3030,2024-10-11 22:33:03
175277922,english,"makes me want to get grafted into a scion 10/10 would have my limbs severed again for a chance to see Ranni's foot strings
",2024-09-19 02:14:11,True,0,0,True,False,False,0,4,13294,1045,5329,2024-10-26 01:35:00
175277888,english,fun but hard but hard is fun,2024-09-19 02:13:28,True,0,0,True,False,False,0,1,3487,147,1705,2024-10-16 02:26:36
175277856,english,game so good man,2024-09-19 02:12:25,True,1,0,True,False,False,289,10,37164,96,34199,2024-10-20 23:41:11
175277164,english,Fck yeah,2024-09-19 01:53:42,True,1,0,True,False,False,0,3,14219,0,12728,2024-10-01 20:59:41
175277109,english,My computer is currently just about half way through me wall and is on fire as I write this,2024-09-19 01:51:58,False,0,0,True,False,False,18,5,836,0,326,2024-09-27 01:23:47
175277068,english,"Another amazing title by FromSoftware, though not without its flaws.
Combat is significantly richer than the Dark Souls series, with greater build variety, weapon skills, and an extensive magic system.
The world design is the best it has ever been. The open-world design is not ideal for such a game since you can become over-leveled in certain areas; however, considering the late game is relatively linear, this is not a big issue.
The game is not particularly difficult if you are a veteran of the Soulslike genre. Most main story bosses are incredibly well-designed and feel fair to fight.
The biggest issue, however, is the quality of many field and dungeon bosses, most of whom are uninspired and feel like a chore to beat. This becomes especially annoying when you fight the same copy-pasted boss in different flavors ten times.
My other complaint is the length of the game. This game does not have enough story to support the 100-hour gameplay requirement.
",2024-09-19 01:50:45,True,0,0,True,False,False,0,71,5756,0,5756,2024-09-13 00:56:42
175276185,english,"i love it 
",2024-09-19 01:28:00,True,0,0,True,False,False,0,1,872,65,380,2024-10-16 01:09:30
175275257,english,great,2024-09-19 01:03:58,True,0,0,True,False,False,0,1,3986,482,2473,2024-10-20 18:28:59
175275190,english,"Possibly the best game ever made. Playing co-op is a blast, too.",2024-09-19 01:01:41,True,0,0,True,False,False,0,2,14176,0,13666,2024-09-29 20:59:36
175275114,english,fun,2024-09-19 00:59:25,True,0,0,True,False,False,0,3,12873,158,10211,2024-10-23 01:03:06
175274665,english,"Kill me now cause I've played this for over 400 hours with PC and Xbox time alone and i need to be put down before this game makes me do it myself. Absolute 10/10 would go through the addiction to this game again if i could, and i will.",2024-09-19 00:47:42,True,0,0,True,False,False,42,9,4232,54,2374,2024-10-13 20:27:34
175274318,english,Nice addition to the base game.  Challenging quests and some cool new items and bosses.,2024-09-19 00:38:19,True,0,0,True,False,False,0,3,20802,0,20769,2024-09-19 01:10:23
175274109,english,Easy game ngl,2024-09-19 00:32:52,True,0,0,True,False,False,32,2,8276,49,7774,2024-10-18 18:37:34
175273841,english,radahn kicking my butt,2024-09-19 00:25:30,True,0,0,True,False,False,195,21,6040,0,6013,2024-09-19 01:15:39
175273390,english,Good game but let me open the fuckin map while enemies are aggro'ed accross the damn map,2024-09-19 00:12:56,True,0,0,True,False,False,0,4,38888,0,37577,2024-09-21 16:42:42
175273356,english,it is great but get ready to git good,2024-09-19 00:11:58,True,0,0,True,False,False,0,2,694,47,588,2024-10-23 11:41:17
175273289,english,Beautiful Game.,2024-09-19 00:09:56,True,0,0,True,False,False,95,4,11052,0,10605,2024-09-27 17:38:08
175273247,english,Simply the best,2024-09-19 00:08:49,True,0,0,True,False,False,0,1,12196,0,10617,2024-10-04 11:21:50
175272847,english,A MASTERCLASS IN GAME DESIGN.,2024-09-18 23:57:52,True,0,0,True,False,False,0,3,7257,299,4111,2024-10-24 04:23:16
175272779,english,bb,2024-09-18 23:56:07,True,0,0,True,False,False,0,3,6183,87,4140,2024-10-18 01:04:04
175270655,english,just crossed one hundred hours of game time.  i cant wait for another hundred.,2024-09-18 22:59:16,True,0,0,True,False,False,0,2,13358,2880,5804,2024-10-26 02:07:40
175270450,english,greatest game ive ever played,2024-09-18 22:53:54,True,0,0,True,False,False,120,6,7196,1,7195,2024-10-13 23:17:48
175270364,english,very very very goood game,2024-09-18 22:51:04,True,0,0,True,False,False,0,5,6844,0,6844,2024-09-18 22:47:19
175269003,english,gud,2024-09-18 22:15:39,True,0,0,True,False,False,0,4,1930,0,1244,2024-09-23 09:32:08
175268914,english,A worthy lord in the Pantheon of All-Time Greats.,2024-09-18 22:13:10,True,0,0,True,True,False,0,18,7562,0,7557,2024-09-18 22:18:46
175268496,english,the greatest game ever made.,2024-09-18 22:03:47,True,0,0,True,False,False,54,4,12030,0,12030,2024-09-18 21:57:32
175268449,english,"When you were a kid playing with action figures, dungeons and dragons, and legos creating worlds and trying to push your imagination a game like this probably is something you can look to for that feeling again.",2024-09-18 22:02:14,True,0,0,True,False,False,395,7,27861,0,27861,2024-06-28 00:08:21
175268116,english,ouch,2024-09-18 21:53:39,True,0,0,True,False,False,0,3,8898,249,7926,2024-10-13 22:39:01
175267979,english,"I CAN ACTUALLY EXIST ON THIS WEBSITE!!!!!!!!!!!!!!!!!!!!!!!


YEEEEEEEEEEEEEEEEEEEEEEEEEEEEEEEAHHHHHHHHHHH I CAN SEND FRIEND REQUESTTSSSSS

and oh by the way GOTC. didn't know that so many demigods here start with ch

like chadagon, chadan. chadohg, chadenia, chadelina, chadssmer, chadorgott, oh man so many chads..",2024-09-18 21:50:41,True,0,0,True,False,False,0,2,6716,0,6645,2024-09-29 21:21:04
175267788,english,THIS GAME HAS COSTED ME MY MENTAL STABILITY. this is the best game ever wepon cool,2024-09-18 21:46:01,True,0,0,True,False,False,0,4,12689,533,10448,2024-10-14 05:51:55
175267391,english,I love and hate this game,2024-09-18 21:36:09,True,0,0,True,False,False,102,8,3432,0,3432,2024-08-02 05:08:12
175265365,english,Still maidenless.,2024-09-18 20:52:17,True,1,0,True,False,False,0,11,14702,0,14209,2024-09-21 20:10:26
175264622,english,Base game good. Do not own DLC.,2024-09-18 20:36:09,True,0,0,True,False,False,0,3,10584,189,10270,2024-10-16 20:08:42
175264487,english,da pro gasto,2024-09-18 20:33:07,True,0,0,True,False,False,0,13,16979,0,14508,2024-10-02 21:36:28
175263242,english,"Badass game right here :)
Thank you from software for another banger.",2024-09-18 20:06:34,True,0,0,True,False,False,0,2,4895,0,4895,2024-09-10 02:42:38
175262868,english,Its the GOAT,2024-09-18 19:59:06,True,0,0,True,False,False,0,2,19079,9,18427,2024-10-12 16:59:44
175262407,english,sigma,2024-09-18 19:50:11,True,0,0,True,False,False,0,1,6406,180,4219,2024-10-22 23:22:45
175262384,english,gud,2024-09-18 19:49:41,True,0,0,True,False,False,0,1,14403,0,14403,2024-07-14 19:47:05
175262219,english,"raging required ahead 
11/10",2024-09-18 19:46:12,True,0,0,True,False,False,35,4,13049,167,11442,2024-10-17 15:56:19
175261978,english,best game ever,2024-09-18 19:41:17,True,0,0,True,False,False,0,1,5430,956,2560,2024-10-25 02:14:27
175261784,english,Pretty baller and Rya's hot,2024-09-18 19:36:57,True,0,0,True,True,False,0,2,18193,864,16538,2024-10-26 04:59:54
175261526,english,this might look like a review but it is actually a 'Steamwrit Glyphchord +2' and reading it requires 11 more dex than what you have,2024-09-18 19:31:16,True,1,0,True,False,False,121,4,13773,0,13090,2024-09-21 14:31:12
175261213,english,"Runs pretty well i wouldn't see it running on a potato, but, if your PC is decent you'll be fine.",2024-09-18 19:24:14,True,0,0,True,False,False,0,1,404,0,186,2024-09-25 22:33:21
175260225,english,I died to dog.,2024-09-18 19:05:08,False,1,0,True,False,False,41,3,1819,0,1460,2024-09-29 09:56:24
175259872,english,Nice.,2024-09-18 18:57:48,True,0,0,True,False,False,0,3,6321,45,4139,2024-10-23 01:34:17
175259042,english,i have become the elden ring,2024-09-18 18:42:12,True,1,0,True,False,False,72,6,5157,0,2547,2024-10-01 20:50:11
175258618,english,"Ever since i started this game its been my downfall, my hair has fallen. My family has disowned me, I have been playing for over 24 hours straight trying to defeat Rhadan. This game is a living torture device and i would recommend it for people who wants to kill themselves. I currently have a rope around my neck, if i do not defeat Rhadan this moment i am hanging myself.",2024-09-18 18:34:50,True,0,0,True,False,False,0,2,3171,927,1785,2024-10-20 09:35:14
175258571,english,Best game I have ever played,2024-09-18 18:33:50,True,0,0,True,False,False,61,1,9548,0,9439,2024-09-20 17:13:23
175258499,english,GOTY for the next 6 years,2024-09-18 18:32:25,True,0,0,True,False,False,0,4,4066,0,3652,2024-09-22 21:43:34
175258476,english,this game is pretty bad when I'm not playing,2024-09-18 18:32:00,True,1,0,True,False,False,97,3,9348,0,7583,2024-09-23 17:31:02
175257900,english,Kinda hard at the start but doesn't get any harder. Until you play DLC then hard again. I say play at least 100 hours and hopefully you'll beat it. Took me 120 hours first time. glhf.,2024-09-18 18:20:57,True,0,0,True,False,False,0,1,15740,0,15013,2024-09-22 18:12:07
175255415,english,"ye

",2024-09-18 17:37:22,True,0,0,True,False,False,0,18,3462,0,1860,2024-10-02 17:03:16
175254651,english,Good game,2024-09-18 17:22:51,True,0,0,True,False,False,0,1,5056,0,5056,2022-06-16 20:59:23
175253912,english,Best open-world RPG of all time.,2024-09-18 17:09:22,True,0,0,True,False,False,136,2,13402,0,13402,2024-09-18 16:48:40
175251686,english,"My first souls game, gotta say I love it. Great soundtrack, great design, fun gameplay, and runs great.",2024-09-18 16:30:58,True,0,0,True,False,False,13,3,4702,0,4702,2024-09-15 10:49:49
175251443,english,I think I like Bloodborne more,2024-09-18 16:27:10,False,0,0,True,False,False,0,45,472,0,472,2024-09-13 20:05:41
175251429,english,it is a good souls game for beginners,2024-09-18 16:26:58,True,1,0,True,False,False,0,1,16342,55,13146,2024-10-25 08:19:26
175250389,english,"=blood borne the beeeessst
",2024-09-18 16:09:42,True,1,0,True,False,False,29,1,760,0,757,2024-09-28 12:08:42
175248310,english,panisin,2024-09-18 15:38:11,True,1,0,True,False,False,0,39,20645,0,19096,2024-09-23 19:10:55
175245098,english,great game,2024-09-18 14:50:32,True,1,0,True,False,False,0,2,13695,0,13682,2024-09-18 15:46:13
175244913,english,10/10 easy,2024-09-18 14:48:08,True,1,0,True,False,False,0,18,33133,993,30712,2024-10-24 11:41:45
175244266,english,"godrick
",2024-09-18 14:37:45,True,1,0,True,False,False,0,1,8863,231,4594,2024-10-25 16:55:19
175244015,english,good shit,2024-09-18 14:33:46,True,0,0,True,False,False,0,21,211,0,211,2024-03-04 02:12:58
175242873,english,yes,2024-09-18 14:15:40,True,0,0,True,False,False,0,5,2964,0,2605,2024-09-18 23:46:50
175241848,english,gud,2024-09-18 13:59:59,True,0,0,True,False,False,0,3,37360,962,32091,2024-10-24 20:48:11
175241709,english,great open world game but the boss's hp is really low and if you have good weapon it is really easy. But you could just use bad weapon to make it harder.,2024-09-18 13:58:03,True,0,0,True,False,False,0,5,4293,589,1832,2024-10-25 15:49:13
175241250,english,I love the character creation and all the different ways and character concepts you can play.,2024-09-18 13:50:40,True,0,0,True,False,False,0,2,77788,0,75582,2024-10-05 13:14:32
175241137,english,"Grind Complete, Very Fun",2024-09-18 13:48:48,True,0,0,True,False,False,0,1,15420,0,15368,2024-09-22 06:25:26
175237338,english,I beat prime Radahn in his prime,2024-09-18 12:40:37,True,0,0,True,False,False,144,3,7820,0,7820,2024-08-15 07:53:22
175237295,english,🧘,2024-09-18 12:39:36,True,0,0,True,False,False,0,2,13704,0,13704,2024-07-27 22:00:12
175235430,english,The most disappointing game of all time,2024-09-18 12:01:24,False,0,0,True,False,False,0,20,13842,2267,11516,2024-10-24 03:52:59
175233904,english,This shit is so PEAK,2024-09-18 11:28:21,True,0,0,True,False,False,50,9,9152,0,7480,2024-10-08 17:50:26
175232905,english,"good, still maidenless",2024-09-18 11:06:03,True,0,0,True,False,False,0,1,5594,1032,3248,2024-10-26 10:33:13
175231583,english,Likely good time. Try rolling ahead,2024-09-18 10:35:42,True,0,0,True,False,False,0,5,7012,2822,2354,2024-10-26 11:36:30
175231518,english,good,2024-09-18 10:34:18,True,0,0,True,False,False,0,1,9292,0,9017,2024-09-26 19:54:17
175230944,english,The best game i have played so far to me it feels like home :),2024-09-18 10:20:22,True,0,0,True,False,False,0,1,4284,0,3996,2024-09-26 09:22:29
175228970,english,"Elden Dark Ring Souls
10/10 would put my foolish ambitions to rest again",2024-09-18 09:29:26,True,0,0,True,False,False,568,69,8021,972,5849,2024-10-23 17:57:47
175228704,english,buy it......it has consumed my life = ),2024-09-18 09:21:54,True,0,0,True,False,False,37,5,5158,3191,1967,2024-10-25 05:35:21
175228485,english,great lore,2024-09-18 09:15:47,True,0,0,True,False,False,0,1,15099,0,15099,2024-09-18 09:14:29
175227213,english,"one of the best games ive played
",2024-09-18 08:40:56,True,0,0,True,False,False,0,6,11864,52,11259,2024-10-22 15:05:38
175225627,english,"One of the best best video game in history. Awesome art design, just the right soundtrack, with fascinating story, Elden Ring deserves dazzling honor.",2024-09-18 07:53:33,True,0,0,True,False,False,0,2,13534,2,13437,2024-10-23 09:34:42
175225353,english,best game ever to date in my opinion,2024-09-18 07:45:30,True,0,0,True,False,False,86,6,34803,0,34275,2024-09-20 15:39:50
175223069,english,Worth every penny in my wallet. That's all I have to say.,2024-09-18 06:38:44,True,0,0,True,False,False,0,1,9899,2291,5026,2024-10-26 05:12:21
175222816,english,"Elden Ring is such a fun game, Ranni sit on me",2024-09-18 06:31:01,True,0,0,True,False,False,59,4,21797,1375,13859,2024-10-25 22:22:14
175222421,english,If you have a k!nk for the death screen this is for u ;),2024-09-18 06:17:47,True,0,0,True,False,False,63,8,1316,0,828,2024-09-23 09:18:03
175221817,english,oooOOOOOUUUUHHHH OUUuuuuuuuuUUUUuuUUUUHHGGG GNNNNNNNNNOOUGHHHHH FU ELDEN RINGGGGGUHHAHHHHAHUHH,2024-09-18 05:59:08,True,0,0,True,False,False,0,27,1448,94,508,2024-10-26 08:57:15
175221282,english,My favorite game of all time,2024-09-18 05:42:58,True,0,1,True,False,False,35,1,19489,0,18882,2024-10-01 16:08:06
175219067,english,Malenia footjob dlc when Miyazaki,2024-09-18 04:39:12,True,0,0,True,False,False,58,2,28373,395,27248,2024-10-22 01:21:08
175218592,english,It's very good,2024-09-18 04:26:57,True,0,0,True,False,False,85,5,6162,0,6158,2024-09-20 04:17:46
175218555,english,Dark souls 3 better.,2024-09-18 04:25:54,False,3,0,True,False,False,0,1,18764,5,18600,2024-10-15 15:21:02
175218306,english,Yes,2024-09-18 04:18:21,True,0,0,True,False,False,0,1,9020,66,8951,2024-10-20 20:51:00
175218010,english,Jolly good game!,2024-09-18 04:10:28,True,0,0,True,False,False,0,1,32115,0,12945,2024-10-10 11:39:00
175217858,english,"The best Fromsoft game I've ever played. Now it's not my favorite, but I think it is objectively the best.",2024-09-18 04:06:16,True,1,0,True,False,False,0,49,9047,0,9047,2023-07-01 00:05:55
175217220,english,Greatest game of all times!,2024-09-18 03:48:32,True,0,0,True,False,False,0,7,15094,0,14964,2024-10-09 04:45:10
175217091,english,this was great,2024-09-18 03:45:11,True,0,0,True,False,False,0,1,4579,1221,2021,2024-10-24 08:08:37
175216879,english,Clearly if you haven't played this yet you still should. If you came to my review to learn about this game you've already demonstrated a lack of brain function.,2024-09-18 03:39:37,True,0,0,True,False,False,0,4,8667,0,8667,2022-08-29 06:51:11
175216674,english,i dont know what im doing but this scythe is cool,2024-09-18 03:34:14,True,0,0,True,False,False,49,4,1894,0,1752,2024-09-28 00:19:59
175216423,english,dog?,2024-09-18 03:26:26,True,0,0,True,False,False,0,1,10328,0,9552,2024-09-29 00:11:04
175216370,english,"I suck at this game, its great. <3",2024-09-18 03:24:44,True,0,0,True,False,False,0,3,1309,0,1270,2024-09-27 02:31:27
175215925,english,gay,2024-09-18 03:11:41,True,0,0,True,False,False,0,6,7884,0,7868,2024-09-26 19:15:02
175215701,english,Love this game,2024-09-18 03:05:55,True,0,0,True,False,False,0,1,8394,0,8302,2024-09-27 06:07:46
175215644,english,"Huge fan of the game. It is very tough at first, but once you figure out strategy and master game control it becomes more fun challenging than difficult.",2024-09-18 03:04:24,True,0,0,True,False,False,0,1,1333,0,1208,2024-09-25 03:20:27
175215313,english,Nah I'd win,2024-09-18 02:56:13,True,0,0,True,False,False,0,1,10940,0,10940,2024-08-09 06:03:50
175214893,english,this game is very fun and hard,2024-09-18 02:45:44,True,0,0,True,False,False,0,1,20719,245,20100,2024-10-15 00:01:26
175214265,english,this is a really fun game the graphic's are good and it's a bit complicated but if you like hard game you'll definetly like it,2024-09-18 02:28:45,True,0,0,True,False,False,0,1,5718,1832,238,2024-10-26 01:29:11
175214044,english,SICK,2024-09-18 02:23:22,True,1,0,True,False,False,0,2,4985,0,4435,2024-09-27 04:31:49
175213576,english,Great game I god scarlet rot AIDS from Malenia  15/10,2024-09-18 02:11:40,True,0,0,True,False,False,0,1,7200,314,5465,2024-10-14 03:58:48
175213113,english,"Hands down, the greatest game ever made.",2024-09-18 01:59:25,True,0,0,True,False,False,0,2,8362,178,5948,2024-10-24 03:14:15
175213115,english,Melina is my wife,2024-09-18 01:59:24,True,0,0,True,False,False,57,10,2565,0,2565,2024-09-18 01:59:00
175212968,english,"as per usual with fromsoft, Elden Ring delivers an extremely challenging, yet rewarding gameplay loop, one of the most well fleshed out worlds i have ever experienced in a game, an incredible story with hours upon hours of background and lore to discover and piece together; i could continue on and on and on about how great this game is, but instead, im just going to tell you to give fromsoft your money and enjoy this game and it's DLC, which is just as worthy of your time and money as the base game.

well done from, well done.",2024-09-18 01:55:31,True,0,0,True,False,False,0,19,16086,0,16086,2024-07-22 22:33:04
175212502,english,great game 10/10,2024-09-18 01:43:44,True,0,0,True,False,False,0,1,1142,0,475,2024-09-27 03:33:28
175211509,english,10/10 game.,2024-09-18 01:17:30,True,0,0,True,False,False,0,5,30811,2592,26167,2024-10-26 04:35:19
175211366,english,Amazing! Great if it is your first souls-like game!,2024-09-18 01:13:40,True,0,0,True,False,False,0,6,9600,2776,2181,2024-10-25 01:02:20
175210689,english,I Didn't like it. I LOVE IT. Its my favorite game of all time. nothing is wrong with it. its literally perfect. Develop some grit and learn the mechanics instead of saying '' I DoNt LIkE ToO HaRD''. I promise you will grow to love it.,2024-09-18 00:55:03,True,0,0,True,False,False,0,1,7063,1205,5773,2024-10-19 21:52:41
175210651,english,This game is a piece of art with a control system attached.  10/10,2024-09-18 00:54:14,True,1,0,True,False,False,0,2,15628,0,14999,2024-09-22 22:39:20
175209883,english,awsome sauce,2024-09-18 00:32:31,True,0,0,True,False,False,0,1,18796,0,18598,2024-09-24 04:28:09
175209084,english,>_<,2024-09-18 00:11:44,True,0,0,True,False,False,0,9,60,0,60,2022-03-01 18:03:13
175208637,english,yes,2024-09-17 23:59:50,True,0,0,True,False,False,0,2,1924,0,954,2024-09-23 03:52:37
175208182,english,"try finger, but hole",2024-09-17 23:46:37,True,0,0,True,False,False,106,27,5727,294,1030,2024-10-26 02:01:57
175207579,english,Good,2024-09-17 23:29:42,True,0,0,True,False,False,0,13,1393,0,1290,2024-09-22 13:38:10
175207370,english,Great game. Stop reading this and just play it.,2024-09-17 23:24:04,True,0,0,True,False,False,0,1,24621,7929,7578,2024-10-26 11:38:15
175207346,english,"Radahn changed my sexual preference, 0/10",2024-09-17 23:23:36,True,0,0,True,False,False,67,4,8912,0,8912,2024-08-03 23:56:40
175206988,english,Best souls game of all time!,2024-09-17 23:14:06,True,0,0,True,True,False,5,3,4893,561,407,2024-10-24 18:36:54
175206589,english,,2024-09-17 23:03:09,True,0,0,True,False,False,0,1,6545,1535,758,2024-10-22 14:17:03
175206346,english,I'm not great.  But I'm having fun.,2024-09-17 22:57:06,True,0,0,True,False,False,0,25,1095,0,1095,2024-09-17 20:04:04
175205783,english,very guud,2024-09-17 22:42:20,True,0,0,True,False,False,0,1,10698,3764,250,2024-10-26 06:28:11
175205610,english,"Great game, but way too overrated",2024-09-17 22:37:43,True,0,0,True,False,False,0,18,2415,0,2415,2024-06-15 22:19:59
175204853,english,Just try it,2024-09-17 22:19:08,True,0,0,True,False,False,181,1,76044,2343,61975,2024-10-21 03:03:51
175202772,english,My favourite game since Sekiro! It is a way more flexible playing experience that is excellent at nearly everything it tries.,2024-09-17 21:26:24,True,0,0,True,False,False,0,7,9457,1146,4309,2024-10-24 22:34:29
175202753,english,About the closest to a god tier game I've ever encountered.,2024-09-17 21:25:59,True,0,0,True,False,False,0,11,1842,881,184,2024-10-18 21:36:52
175202664,english,This is the first souls-like game to make me understand WHY wretched is the way to play these games.,2024-09-17 21:24:11,True,0,0,True,False,False,562,162,7755,0,1886,2024-10-02 18:33:52
175202506,english,My favourite game,2024-09-17 21:20:52,True,0,0,True,False,False,0,1,18840,0,17344,2024-09-25 22:51:38
175202411,english,"Game of the Decade.

Excellent Lore
Grand vistas and open world
Glorious Boss Fights
Pick your own difficulty. Don't listen to puritans that decry ""summons are the devils choice"" / ""real men do lvl1 hitless fist runs"". Use summons, engage in jolly cooperation, do whatever you like. *But* a strong recommendation from me is to go in blind (or as blind as possible), you only get to play this master piece for the first time once, but if that's not your thing, don't let me stop you and google away.

It is a masterpiece",2024-09-17 21:18:38,True,0,0,True,False,False,574,30,18978,0,18978,2024-09-17 21:00:12
175202298,english,yes,2024-09-17 21:16:40,True,0,0,True,False,False,0,6,2263,0,2263,2024-06-26 17:10:41
175202215,english,"I was harassed, assaulted and thrown away like used garbage for over a hundred hours. 10/10 what a fantastic game.

(You can kill nightmare creatures with a bubble gun)",2024-09-17 21:14:39,True,0,0,True,False,False,349,17,8876,0,8876,2024-07-17 00:51:34
175202116,english,best game ever,2024-09-17 21:12:14,True,0,0,True,False,False,0,2,8292,0,8282,2024-09-28 13:49:12
175201819,english,elden ring is fun,2024-09-17 21:06:29,True,0,0,True,False,False,0,3,8572,0,8419,2024-09-30 20:29:45
175201454,english,"ONE OF THE BEST GAMES OUT THERE LOVED THE STORY NGL THE Malenia GAVE ME KINDA CANCER BUT HOWEVER  GREAT BOSSES and i cried my ass off when my wife in the ROUND TABLE burned down NOOOOOOOOOOOOOOOOOOOOOOOOOOOOOOOOOOOOOOOOOOOOOO

I LOVEEEDDD HEEEER!!!! T_T 


",2024-09-17 20:59:20,True,0,0,True,False,False,0,10,12089,0,12089,2024-09-07 22:10:06
175201070,english,creative ways to end it all. with your friends,2024-09-17 20:51:11,True,0,0,True,False,False,538,18,9352,42,9108,2024-10-25 23:56:47
175201027,english,holy moly,2024-09-17 20:50:28,True,0,0,True,False,False,0,2,9101,0,9064,2024-09-18 19:59:52
175199905,english,Good game.,2024-09-17 20:27:01,True,0,0,True,False,False,0,1,14934,0,14279,2024-09-19 02:57:41
175198459,english,good game. so many fun thing.,2024-09-17 19:58:50,True,0,0,True,False,False,0,2,2133,86,367,2024-10-18 09:35:55
175198356,english,I have 225 hrs as of writing this and do not regret it.,2024-09-17 19:56:41,True,0,0,True,False,False,860,45,13495,0,13495,2024-09-16 00:56:08
175197932,english,this game makes me want to harm myself but the more i played it the more i enjoyed living,2024-09-17 19:48:48,True,2,0,True,False,False,0,1,7774,1700,4758,2024-10-26 10:30:19
175197516,english,yes,2024-09-17 19:40:30,True,0,0,True,False,False,0,3,12028,0,12028,2024-09-11 01:47:55
175196763,english,KIND EZ,2024-09-17 19:26:11,True,0,0,True,False,False,0,1,6513,239,1469,2024-10-26 09:59:44
175196487,english,Better than any slot machine,2024-09-17 19:20:35,True,0,0,True,False,False,0,4,18726,43,17217,2024-10-25 21:16:44
175195777,english,ill back again to review this game after i can end this game,2024-09-17 19:06:40,True,0,0,True,False,False,0,12,443,0,271,2024-10-06 13:25:44
175193970,english,"yeye ass
",2024-09-17 18:33:50,True,0,0,True,False,False,0,2,10207,0,9228,2024-10-08 21:46:51
175193204,english,"something incredible ahead
in short time for Elden Ring",2024-09-17 18:20:27,True,0,0,True,False,False,0,21,6153,311,4640,2024-10-18 00:36:26
175193184,english,Love the game hate the online disconnects when i'm playing ALONE,2024-09-17 18:20:09,False,0,0,True,False,False,0,8,13453,0,10991,2024-10-09 01:47:17
175191949,english,It's okay i guess,2024-09-17 17:59:42,True,0,0,True,False,False,0,1,81109,1465,79340,2024-10-25 16:45:45
175191472,english,Yes,2024-09-17 17:52:14,True,1,0,True,False,False,140,19,7675,0,7675,2024-09-17 17:40:29
175190956,english,One of the best games I'd played in my entire life.,2024-09-17 17:43:58,True,0,0,True,False,False,0,13,4817,0,4817,2023-07-14 20:09:15
175190868,english,way better than blackmyth no imput deylat its so nice and dose not have bosses you cant beat,2024-09-17 17:42:36,True,0,0,True,False,False,0,9,25865,0,17333,2024-10-03 19:51:51
175190346,english,"It's a fking MASTERPIECE this game worth every penny, not only stand out by the challenge but also has a incredible level of details for example: a hidden wall lead to another place which have a secret boss relevant to the lore and secret item or quest where you can get a secret ending, those details are really appreciated which are very rare in modern games, where I haven't seen it since 90 games. The huge amount of content and surprise you can find during your exploration never cease to amaze me. GOTY well deserved and I'm looking forward to the next FromSoftware ""Soulslike"" game.

Es la polla este juego, no solo se destaca por su dificultad, sino tambien el nivel de detalle es increible, como por ejemplo una pared oculta te lleva a un lugar nuevo con jefe oculto y forma parte de lore y que dicho lugar tiene conexion con otras cosas como sacar un final secreto, estos detalles se aprecian mucho ya que se ha perdido mucho en los juegos modernos y no se ve desde los juegos de 90, ademas de la exploracion y la cantidad de contenido y sorpresa en este juego jamas te aburre y quieres ir por mas. Este juego vale cada centavo y voy con ganas de que puede hacer FromSoftware en el proximo ""Soulslike""",2024-09-17 17:33:34,True,0,0,True,False,False,0,11,6266,0,5437,2024-09-20 06:54:01
175189617,english,"this game is the bees knees, used to not be a fan of souls games because i couldn't get good, this game changed that",2024-09-17 17:21:33,True,0,0,True,False,False,0,1,8539,0,7566,2024-10-06 20:53:50
175189320,english,its fun,2024-09-17 17:17:09,True,0,0,True,False,False,0,1,11252,3837,1367,2024-10-26 00:03:03
175188159,english,game is fine and all but pretty boring ngl,2024-09-17 16:58:21,False,1,1,True,False,False,136,36,1455,0,1455,2024-03-11 12:39:59
175186338,english,"common problem with souls game, crappy PVP experience.",2024-09-17 16:29:09,False,0,0,True,False,False,0,9,9108,0,9108,2024-03-07 11:42:45
175186260,english,Good game 10/10,2024-09-17 16:27:43,True,0,0,True,False,False,0,5,23529,0,23392,2024-10-10 14:16:44
175186181,english,THIS IS BREATH OF THE WILD ON STEROIDS,2024-09-17 16:26:36,True,0,0,True,False,False,0,1,7499,0,6284,2024-09-30 03:06:55
175186101,english,"bestest
",2024-09-17 16:25:27,True,0,0,True,False,False,0,11,8578,0,8563,2024-09-30 02:31:24
175185851,english,GOAT,2024-09-17 16:21:29,True,0,0,True,False,False,0,4,16343,518,11248,2024-10-23 21:11:09
175185305,english,"I like when Godfrey quote ""Thy strength befits a crown"" after defeating him. I felt i EARNED the title of elden lord with him. then radagon fucked me up. him and his noodly second phase. the hoarah loux fight is a close second as my favorite fight, as well. chadahn is my favorite, but cannibalistic roaring doesn't make for good quote material.. ",2024-09-17 16:12:20,True,0,0,True,False,False,0,4,10979,389,10489,2024-10-18 08:05:25
175184427,english,Its aight,2024-09-17 15:59:08,True,0,0,True,False,False,0,1,65082,0,60985,2024-10-09 19:53:42
175184390,english,seek god,2024-09-17 15:58:36,True,0,0,True,False,False,288,12,6454,0,5041,2024-09-26 20:50:38
175183986,english,The dogs are the worst enemies in the game oh and the hawks too are very bad.,2024-09-17 15:52:37,True,0,0,True,False,False,0,8,38855,43,38705,2024-10-20 01:32:20
175183050,english,"this is one of the greatest games of all time

even the less fun / more frustrating parts get made up for by how much the game offers",2024-09-17 15:38:56,True,0,0,True,False,False,135,3,5064,0,4492,2024-09-23 22:24:39
175178220,english,everything,2024-09-17 14:30:51,True,0,0,True,False,False,21,2,7584,0,7561,2024-09-17 15:26:55
175177688,english,"Wow, what a great game. I walked in, I said ""Wow, what a great game"".",2024-09-17 14:23:06,True,0,0,True,False,False,0,7,29904,0,29904,2024-08-03 04:04:50
175176699,english,1 of the best games,2024-09-17 14:08:22,True,0,0,True,False,False,0,1,11153,102,10417,2024-10-20 08:16:05
175176147,english,can someone tell me why i can't play with contoller?,2024-09-17 14:00:31,True,0,0,True,False,False,0,5,1919,0,67,2024-10-02 17:24:39
175174371,english,best game i have ever played,2024-09-17 13:32:25,True,0,0,True,False,False,0,1,1848,49,947,2024-10-19 10:51:12
175174084,english,hard,2024-09-17 13:28:06,True,1,0,True,True,False,0,1,391,0,280,2024-09-17 18:21:50
175173022,english,Ring!,2024-09-17 13:11:49,True,0,0,True,False,False,0,49,4795,1352,2730,2024-10-26 09:53:19
175172794,english,"A vastly open world, great boss designs, amazing music, so many build options and new mechanics, has the most bosses out of the soul series. This game has exceeded my expectations",2024-09-17 13:07:58,True,0,1,True,False,False,0,5,9708,0,9708,2024-08-14 01:23:37
175172594,english,"Listen this is a very very good bespoke game, however if you are new to the series you are going to have to find the fun. Nothing is explained, and no one really understands the story that's being told, but you can go full tilt into murder hobo without feeling bad",2024-09-17 13:04:45,True,0,0,True,False,False,0,7,3573,0,3451,2024-10-02 19:29:32
175172515,english,Amazing,2024-09-17 13:03:15,True,0,0,True,False,False,0,2,2862,0,324,2024-09-30 14:12:27
175172176,english,I haven't played much but it's pretty fun,2024-09-17 12:57:47,True,0,0,True,False,False,0,5,116385,1411,113264,2024-10-25 19:51:58
175170586,english,good,2024-09-17 12:29:49,True,0,0,True,False,False,0,3,36005,0,31948,2024-10-06 14:31:02
175169276,english,Worth. Every. Dollar.,2024-09-17 12:05:16,True,0,0,True,False,False,0,1,10375,1907,1436,2024-10-26 06:56:43
175168149,english,best rpg ever,2024-09-17 11:43:11,True,0,0,True,False,False,0,4,65023,0,60214,2024-10-11 17:07:42
175161271,english,good,2024-09-17 10:14:58,True,0,0,True,False,False,37,2,11875,0,10760,2024-09-28 07:37:09
175159055,english,In general a fun game but since it corrupted my saves twice after 70 hours and 58 hours respectively i can't be arsed anymore.,2024-09-17 09:49:03,False,40,0,True,False,False,0,1,6319,0,6319,2024-09-17 09:47:56
175158652,english,This is one if not the best game i have ever play. There wold is so massive and there is much to do with the quests and i complete the game three time already. It can be hard but when you finely beat that one boss that you were stuck on it is so worth it. Or you could get more bonk and more bonk good,2024-09-17 09:39:49,True,0,0,True,False,False,69,2,15736,2282,15517,2024-10-25 10:40:39
175158381,english,"Elden Ring may have a reputation for its punishing difficulty, but the Spirit Calling Bell is a game-changer.

This item lets you summon spirit allies to assist in combat, making even the toughest battles more manageable.

Your summoned spirits can distract foes, deal damage, and give you the breathing room you need to strategize.

It’s essentially the game’s “easy mode” hidden in plain sight, allowing you to tackle challenges with less stress.

While Elden Ring stays challenging, the Spirit Calling Bell offers a simple, effective way to tip the odds in your favor.

Patience and creativity often unlock surprisingly simple solutions to seemingly impossible situations.

It’s very tough, but it’s never unfair.",2024-09-17 09:32:54,True,0,0,True,False,False,0,4,49181,0,45514,2024-09-28 00:14:13
175156843,english,I don't know what to say other than buy this game. It is a masterpiece.,2024-09-17 08:59:52,True,0,0,True,False,False,0,1,19160,1737,17271,2024-10-17 17:48:48
175155565,english,Peak fiction 12/10. Blaidd is the best,2024-09-17 08:30:06,True,0,0,True,False,False,75,9,4054,0,3895,2024-09-17 15:47:18
175155040,english,Buhay ay di karera,2024-09-17 08:18:23,True,0,0,True,False,False,20,1,17698,161,17362,2024-10-20 11:12:42
175154937,english,best game ever,2024-09-17 08:16:00,True,0,0,True,False,False,34,23,2223,190,1775,2024-10-25 17:34:03
175153710,english,"After 200 Hours playing Elden RIng and get all the achievements, i got to say its one of the most incredible and fascinating games i've ever played in my entire life...

I really love it.. it was an odyssey of emotions

You should give it a try! You wont regret it :)",2024-09-17 07:47:55,True,0,0,True,False,False,0,10,11638,0,11638,2024-09-16 22:12:06
175153261,english,Great game,2024-09-17 07:37:59,True,0,0,True,False,False,12,7,28859,0,26849,2024-09-27 14:25:25
175152715,english,"Fort Night
But Hole",2024-09-17 07:24:46,True,0,0,True,False,False,515,16,4545,0,2453,2024-10-04 13:26:15
175150937,english,"After Bloodborne definitely my favorite soulsgame. The map feels a little bit overwhelming at times, but if you take it one step at a time, it is a unique adventure. loved it!",2024-09-17 06:42:07,True,0,0,True,False,False,0,2,9645,158,8646,2024-10-15 19:31:57
175149872,english,"stupidly hard for no reason,  at least wukong has hard and easy situations within it",2024-09-17 06:14:24,False,3,0,True,False,False,0,3,983,0,934,2024-09-18 03:34:15
175149298,english,"One of my most played games. It's pretty fun and would put it first if it wasn't for Bloodborne... I still recommend this game. Gotta play this soulsborne game before any others. It makes this genre seem more appealing that way. The story and lore is so good, but it's not said more like showed instead... I really like the atmosphere. Especially that golden Erdtree glowing, being able to seen from everywhere... it's so beautiful. 10/10. 

Also the DLC is good too and has more lore",2024-09-17 06:01:14,True,0,0,True,False,False,0,4,3845,15,3829,2024-10-25 21:24:58
175149243,english,"its like a combination of all the souls games and Skyrim and it just feels right
",2024-09-17 05:59:39,True,0,0,True,False,False,0,1,9461,672,5256,2024-10-20 06:20:00
175148558,english,Miyazaki creating 4k femboy feet to lag my game in final DLC boss fight. 11/10,2024-09-17 05:42:41,True,0,0,True,False,False,0,1,10485,471,8181,2024-10-23 04:31:43
175148183,english,"Just play it, dont give up, keep playing.",2024-09-17 05:33:53,True,0,0,True,False,False,0,3,6056,0,6056,2024-09-17 05:20:48
175147978,english,good game rocomend it i do,2024-09-17 05:28:39,True,0,0,True,False,False,0,1,6984,1550,1280,2024-10-26 11:51:59
175147547,english,Best game,2024-09-17 05:17:32,True,0,0,True,False,False,60,7,15758,552,10592,2024-10-23 04:54:59
175146999,english,best game.,2024-09-17 05:02:59,True,0,0,True,False,False,0,10,24253,7,24246,2024-10-23 21:57:18
175146014,english,y,2024-09-17 04:37:41,True,0,0,True,False,False,0,2,7222,0,6947,2024-09-20 00:46:10
175145476,english,I am tarnished.,2024-09-17 04:24:58,True,0,0,True,False,False,0,7,5639,349,2902,2024-10-22 06:07:13
175145405,english,All the vibes,2024-09-17 04:23:23,True,0,0,True,False,False,193,9,16465,1585,11856,2024-10-26 05:17:28
175145324,english,"i

c
r
y

h
e
l
p
",2024-09-17 04:21:05,True,0,0,True,False,False,77,7,2537,1,423,2024-10-24 01:57:44
175145120,english,really good game i recommend this game to everyone ho want to experiment a open souls like,2024-09-17 04:15:41,True,0,0,True,False,False,0,1,8144,696,5439,2024-10-23 22:38:43
175144813,english,yep its pretty good 👌,2024-09-17 04:08:19,True,0,0,True,False,False,75,16,17854,1421,9956,2024-10-24 04:20:36
175144201,english,Money well spent,2024-09-17 03:53:17,True,0,0,True,False,False,0,1,11477,647,6825,2024-10-23 14:47:00
175143502,english,"very fun gameplay (for the most part), STUNNING visuals, nice story. would recommend",2024-09-17 03:37:26,True,0,0,True,False,False,22,4,5643,0,5643,2024-09-05 17:02:19
175142414,english,Absolute cinema,2024-09-17 03:12:32,True,0,0,True,False,False,0,6,25428,0,25428,2024-09-17 02:26:06
175141603,english,"From a From Software Die Hard fan since 2016 this game is the pinnacle of the evolution of years of experience of From Software , You simply wont find another RPG like this one. Are you ready for the Lands Between and the Crown of Elden Lord?",2024-09-17 02:55:57,True,0,0,True,False,False,84,26,46641,1249,40536,2024-10-26 05:39:00
175141503,english,"Best game in the universe. Please erase my memory, wanna play again",2024-09-17 02:53:52,True,0,0,True,False,False,0,19,12883,0,12839,2024-09-20 19:33:36
175140323,english,cool game,2024-09-17 02:27:58,True,0,0,True,False,False,0,3,1914,0,1792,2024-09-17 04:53:11
175139394,english,10/10 victim simulator,2024-09-17 02:08:53,True,0,0,True,False,False,0,1,6539,971,1381,2024-10-23 22:24:34
175139065,english,good,2024-09-17 02:01:04,True,0,0,True,False,False,0,2,2035,196,328,2024-10-16 04:29:43
175139049,english,10/10,2024-09-17 02:00:44,True,0,0,True,False,False,0,6,10363,0,10363,2024-07-07 00:43:31
175138575,english,"2024 GOTY DLC GOTY STILL PLAYIN  YESYES NO MEME TY VERYMUCH FOR THIS MASTERPIECE PC MUSTARD RACE HAHAHAHAHAHA SCENERY IN GAME IS DIVINE NOT ABLE TO SEE/ENJOY ON XBOX/PS5/ETC/ETC/ETC.
DO NOT REDEEM!!!!!!!!!!!!!!!!!!!!!!!!!!!!!!!!!!!!!!!!!!!!!!!!!!!!!!!!!!!!!!!!!!!!!!!!!!!!!!!!!!!!!!!
TRY GAME BUT NO CONSOLE",2024-09-17 01:51:08,True,1,0,True,False,False,181,3,5294,2,1085,2024-10-24 20:38:23
175138512,english,yup,2024-09-17 01:49:42,True,0,0,True,False,False,145,4,1930,0,1930,2024-09-14 06:07:22
175138162,english,took over my life,2024-09-17 01:41:18,True,0,0,True,False,False,130,12,7940,1735,3325,2024-10-25 09:38:56
175136893,english,"what the heck is this weird lookings thing? it was the mister fingers man, he has come to steal my fingers....",2024-09-17 01:10:35,True,0,1,True,False,False,115,12,5239,2935,1160,2024-10-26 03:31:23
175136333,english,good,2024-09-17 00:58:09,True,0,0,True,False,False,0,6,1763,0,1249,2024-09-29 01:34:43
175136199,english,the trees dance.  i don't like it.  everything else is fine.  except the dying.  and the trees.,2024-09-17 00:55:21,True,0,0,True,False,False,0,3,55956,13150,16173,2024-10-26 11:54:31
175135782,english,"It doesn't matter if your butthole is clenched as tight as possible, everything in this game will fuck you without taking you to dinner first",2024-09-17 00:47:02,True,0,0,True,False,False,0,6,9804,0,9804,2024-08-29 16:00:19
175135474,english,"When I first got into this game, I struggled to high hell and gave up on it for a good long while. However when the news of the dlc was in the works I gave this game another shot and I am full on in love with it. A honest to god rewarding and fun game. The reward of finally understanding the mechanics and toughness of the game gives you a new sense of determination to keep playing to get better and better. 

The DLC packs a punch and is harder then the base game by a long shot, but in all, cannot recommend this game enough.",2024-09-17 00:38:51,True,0,0,True,False,False,63,12,12295,85,9621,2024-10-16 03:05:57
175135312,english,"Positive - Awesome game
Negative - No corn",2024-09-17 00:34:53,True,0,0,True,False,False,0,12,8857,17,1828,2024-10-19 23:35:23
175135265,english,yeah,2024-09-17 00:33:38,True,0,0,True,False,False,0,4,5218,295,4923,2024-10-23 23:32:36
175134838,english,Astonishing. One of the best games ever made.,2024-09-17 00:22:45,True,0,0,True,False,False,216,3,24659,75,23819,2024-10-26 04:58:10
175134822,english,Cant fuck Margit :(,2024-09-17 00:22:28,True,0,0,True,False,False,0,3,13840,4343,4029,2024-10-26 05:22:34
175134492,english,Elden ring,2024-09-17 00:14:33,True,0,0,True,False,False,11,9,445,5,240,2024-10-13 06:00:29
175134388,english,great game,2024-09-17 00:12:03,True,0,0,True,False,False,0,1,12346,0,12246,2024-09-19 01:41:01
175134156,english,"Fall seven times, stand up eight. - Japanese Proverb
If I die, it’s the game’s fault. If I win, it’s all skill. - me
10/10 best game of all time",2024-09-17 00:05:43,True,0,0,True,False,False,0,1,12376,0,12374,2024-10-02 21:34:27
175133996,english,Elden ring,2024-09-17 00:01:13,True,0,0,True,False,False,0,4,8235,269,4720,2024-10-23 00:45:36
175133787,english,"amazing game except fire giant. i despise that fat scaredy cat bitch rolling away at the hint of damage.
I hate that abomination of a creature they call a boss. with every fiber of my being i hate fire giant.",2024-09-16 23:56:21,True,0,0,True,False,False,28,5,3696,0,3696,2024-09-15 23:28:11
175133683,english,One of the greatest games of all time,2024-09-16 23:53:53,True,0,0,True,False,False,148,8,19310,0,19310,2024-09-16 23:52:07
175132144,english,goated,2024-09-16 23:12:57,True,0,0,True,False,False,0,1,7331,262,2823,2024-10-21 21:35:45
175131594,english,"Despite the considerable frustration one may experience during the few over-difficult boss encounters, Elden Ring is easily one of the best examples of open-world storytelling, world-building, and epic scope in all of gaming history. The suffering ultimately rewarding.

Elden Ring does a ""show, don't tell"" approach to its narrative and historical lore, relying on environmental storytelling rather than direct exposition. The world is meticulously crafted, with a consistent history and lore woven into every corner of the game. This encourages players to uncover the story through exploration, rather than through excessive cutscenes or expository dialogue. 

The open-world design of Elden Ring is the ideal open world experience, as compared to the more formulaic structure of Ubisoft-style games. Rather than focusing on completing a checklist of map markers, fetch quests, or trivial objectives, Elden Ring encourages exploration through a desire to unlock boss fights, and advance the story, and players continually move to the new. Motivation comes from a genuine curiosity about the world’s history and lore, which are gradually revealed through discoveries. The game avoids all-too-common retroactive continuity errors or incoherent storytelling issues that are so common in modern games. While it occasionally flirts with ""moon logic"" (puzzles or progression that might feel a bit too obscure), the overall narrative structure is cohesive and engaging.",2024-09-16 22:57:55,True,0,0,True,False,False,0,8,10274,0,10274,2024-09-15 04:44:36
175131351,english,"A great all around game and great D.L.C., But that last fight in the D.L.C. is kinda bullshit. You either have to sit down for multiple hours to learn all 15 of his combos or you just need really good R.N.G. in the second phase.",2024-09-16 22:51:37,True,0,0,True,False,False,0,2,25289,2291,19293,2024-10-24 04:23:38
175131340,english,"It would be so cool if it would give you any information about anything in the game, at all...",2024-09-16 22:51:23,True,0,0,True,False,False,114,5,3144,0,1823,2024-09-24 17:44:18
175131188,english,games to addicting,2024-09-16 22:47:15,True,0,0,True,False,False,0,4,5570,0,907,2024-09-30 20:58:35
175130890,english,"overwhelming sadness becomes a constant while playing this (P.S dont swing while a boss is mid attack, doesnt go well)",2024-09-16 22:39:03,True,0,0,True,False,False,0,7,6647,1277,4182,2024-10-20 18:38:00
175130638,english,great game,2024-09-16 22:32:33,True,0,0,True,False,False,18,1,37124,340,34557,2024-10-25 03:46:31
175130449,english,This is the best game,2024-09-16 22:27:29,True,0,0,True,False,False,142,25,6971,99,4621,2024-10-21 10:05:33
175130403,english,just AMAZING :),2024-09-16 22:26:12,True,0,0,True,False,False,0,1,442,0,347,2024-10-06 00:38:45
175129687,english,best game to date,2024-09-16 22:09:23,True,0,0,True,False,False,0,2,4579,6,4430,2024-10-17 16:36:34
175127556,english,"To make a detailed enough review to cover all my thoughts on this game would simply take too long, so I'll leave it at this;

I don't think Elden Ring is a perfect game.

But I do think it's MY perfect game.",2024-09-16 21:21:57,True,0,0,True,False,False,0,10,20651,15,19237,2024-10-14 22:36:42
175127406,english,i do not like this game,2024-09-16 21:18:30,False,1,0,True,False,False,283,9,6070,0,5048,2024-09-21 02:42:47
175126660,english, FUCK CONSORT RADAHN FUCK CONSORT RADAHN FUCK CONSORT RADAHN FUCK CONSORT RADAHN FUCK CONSORT RADAHN,2024-09-16 21:02:00,True,1,0,True,False,False,71,14,30042,0,28491,2024-10-10 17:45:20
175126207,english,"hard difficulty curve but then amazing
",2024-09-16 20:53:11,True,0,0,True,False,False,0,6,17338,3228,3047,2024-10-17 20:55:16
175125993,english,fun *rolls around*,2024-09-16 20:48:50,True,0,0,True,False,False,0,2,3063,0,2953,2024-09-17 04:32:05
175125908,english,"omg, dark souls but actually open world! and the open world is actually filled to the absolute brim with shit to see, pick up, interact, or kill with so much being easily miss-able, making new discoveries feel that much more real! and for no visible loading screens besides after death and after fast-travel and after main menu! and magic is actually really cool! and dual wielding two different weapons makes you attack in a faster attack pattern than holding one sword in one hand alone! and and and and and and and!!!!!!!",2024-09-16 20:47:05,True,0,0,True,False,False,147,55,1633,0,1633,2024-07-01 16:34:31
175125721,english,"NUMBA ONE PONY JUMPIN VIDEO GAME 
",2024-09-16 20:42:57,True,0,0,True,False,False,0,14,4006,421,983,2024-10-26 04:21:46
175123630,english,Good.,2024-09-16 20:01:19,True,0,0,True,False,False,9,1,32352,4649,15773,2024-10-24 20:43:50
175123063,english,Amazing Game. You can make it as hard or as easy as you want,2024-09-16 19:50:50,True,0,0,True,False,False,0,7,13259,0,13259,2024-09-16 19:49:16
175122944,english,"Elden ring more like elden sing am i right.,.... game good",2024-09-16 19:48:43,True,0,0,True,False,False,0,3,6606,0,6533,2024-09-23 23:53:12
175121901,english,"2 hours into the game, i wanted to refund. 100 hours later, still want to refund...",2024-09-16 19:30:22,True,1,0,True,False,False,0,4,8891,10,6350,2024-10-16 09:57:29
175121643,english,7/10 needs more feet tbh,2024-09-16 19:25:48,True,0,0,True,False,False,129,7,18950,0,17880,2024-10-04 00:53:40
175120337,english,good,2024-09-16 19:01:35,True,0,0,True,True,False,0,9,1053,0,561,2024-09-17 20:59:26
175117352,english,obamna,2024-09-16 18:09:40,True,0,0,True,False,False,68,11,12632,0,12632,2024-07-25 01:47:05
175115863,english,Impossible game. Still great,2024-09-16 17:44:38,True,0,0,True,False,False,0,4,8501,1965,5260,2024-10-25 15:33:11
175115429,english,My first game FromSoftware for Souls and one of the best games a have ever played. Combat is great. Lore is amazing.,2024-09-16 17:37:14,True,0,0,True,False,False,0,2,8420,0,8420,2024-08-16 23:31:47
175115364,english,best game ever,2024-09-16 17:36:17,True,0,0,True,False,False,0,2,32677,1201,406,2024-10-13 12:03:26
175115078,english,"First Soulslike and I love it. 

Story is solid .

Only the damn DLC keeps making my game crash",2024-09-16 17:31:49,True,0,0,True,False,False,0,4,29775,0,28877,2024-09-29 20:19:13
175114820,english,beautiful game with cool lore and expertly crafted bosses,2024-09-16 17:27:30,True,0,0,True,False,False,0,6,371,0,197,2024-09-29 21:49:38
175114252,english,After 30 hours i still haven't beaten Soldier of God Rick. Pls nerf hes too difficult.,2024-09-16 17:17:47,True,0,0,True,False,False,120,20,3163,0,1923,2024-09-23 15:19:36
175113100,english,"A game that encourages you to keep going and never give up, 2024 has been a difficult year for me (It's been hard to find a job but I'm still fighting to find one), but this game helps me not to get discouraged and keep fighting and never give up thanks FromSoftware and Miyazaki for this masterpiece.",2024-09-16 16:58:17,True,0,0,True,False,False,0,2,23848,851,19713,2024-10-25 05:10:18
175112415,english,"game is like having my skin pealde off
",2024-09-16 16:47:15,True,0,0,True,False,False,0,1,626,0,615,2024-09-16 17:00:15
175111820,english,I got all the maidens :),2024-09-16 16:37:57,True,0,0,True,False,False,83,19,5348,0,5340,2024-10-06 14:58:21
175111682,english,IT MADE ME PAY 40 DOLLARS AND I ALREADY DID IT IT ON PS5 AND I DONT KNOW HOW TO INSTALL MODS,2024-09-16 16:36:04,True,0,0,True,True,False,0,3,2802,410,380,2024-10-25 19:22:15
175111680,english,i hate myself,2024-09-16 16:35:59,True,0,0,True,False,False,132,15,7759,543,4188,2024-10-16 00:03:30
175111265,english,It's a good game,2024-09-16 16:29:23,True,0,0,True,False,False,515,19,17165,0,17165,2024-07-09 18:08:10
175109626,english,Awsome Game,2024-09-16 16:04:56,True,0,0,True,False,False,0,5,11746,0,11615,2024-09-16 18:16:51
175109311,english,W game,2024-09-16 16:00:49,True,0,1,True,False,False,111,25,43730,0,42464,2024-10-08 19:58:31
175108124,english,I am not good at this game,2024-09-16 15:44:30,True,0,0,True,False,False,0,11,945,0,767,2024-09-28 16:24:22
175107909,english,Sigma Sigma On The Wall Who's The Skibide's Of Them All,2024-09-16 15:41:29,True,0,0,True,False,False,32,6,12246,0,12099,2024-09-20 16:22:18
175107770,english,"Great game with awesome graphics, awesome boss fights, good controls, a lot of collectibles and great open world, camera is okay but do mess up the situation time to time. Enjoyed a lot from this game and has crazy replayability so you will get so much of playtime and the game is still interesting for each different playthrough.",2024-09-16 15:39:47,True,0,0,True,False,False,124,21,13312,41,11843,2024-10-22 12:55:16
175107491,english,very good game,2024-09-16 15:35:53,True,0,0,True,True,False,0,2,1213,0,657,2024-09-21 07:08:29
175106868,english,Okay? I guess.,2024-09-16 15:27:00,True,0,0,True,False,False,0,2,33492,0,33492,2024-09-07 15:39:21
175105568,english,"Elden Ring is not just a game; it's an unforgettable journey. For me, it's easily the game of the year—not just for this year, but for the last 10 years. The vast open world, stunning design, and challenging but rewarding gameplay make every moment memorable. FromSoftware has perfected their craft, offering deep lore, diverse combat styles, and breathtaking environments. Every boss fight feels epic, and exploration is a constant thrill. If you're looking for a masterpiece, look no further. Elden Ring is an experience that will stay with you long after you finish.",2024-09-16 15:09:34,True,0,0,True,False,False,17,3,617,0,430,2024-09-26 21:36:49
175105553,english,great,2024-09-16 15:09:29,True,0,0,True,False,False,0,7,15006,0,9592,2024-09-27 18:21:58
175104775,english,"GOAT (and I used to be averse to the ""souls-like"" genre)",2024-09-16 14:59:14,True,0,0,True,False,False,0,3,30621,0,30617,2024-09-27 15:23:46
175104145,english,rewarding,2024-09-16 14:50:33,True,0,0,True,False,False,0,7,12925,992,3493,2024-10-26 11:31:31
175104107,english,One of the great masterpieces the mankind has produced through out its history.,2024-09-16 14:50:01,True,3,0,True,False,False,76,12,14459,747,12294,2024-10-25 18:22:51
175103645,english,Great game ever,2024-09-16 14:43:47,True,0,0,True,False,False,0,2,12313,0,11998,2024-09-30 12:03:47
175103367,english,"awesome game lots of things to do and explore
",2024-09-16 14:40:05,True,0,0,True,False,False,0,6,35660,2638,29073,2024-10-26 06:03:19
175103145,english,"absolute masterclass of a game, from top to bottom.",2024-09-16 14:36:36,True,0,0,True,False,False,47,3,9361,2211,1941,2024-10-24 12:37:20
175102478,english,"Base game 10/10
DLC low key kinda mid NGL 7.5/10",2024-09-16 14:27:13,True,1,0,True,False,False,0,1,5918,19,5899,2024-10-15 14:42:10
175100745,english,THE BEST GAME,2024-09-16 14:00:25,True,0,0,True,False,False,0,1,6120,553,4949,2024-10-21 09:49:17
175099658,english,"Game of the year LMAO!
70% of the difficulty is clunky controls and abyssmal camera performance when enemy-locked. Can't really look up or down like in every shitty console port. Playing a mage char is a huge chore because of dumb ui design and no way to actually aim anything. This game is released on PS5, but doesn't recognize a DualSense controller. 
I could go on but what's the point...
Just buy DMC3 HD and actually have fun. What a joke.",2024-09-16 13:44:12,True,1,0,True,False,False,104,6,21027,0,20320,2024-09-25 21:06:59
175098513,english,theres gay sex so 10/10,2024-09-16 13:26:13,True,0,0,True,False,False,0,1,7056,0,6815,2024-09-20 18:33:08
175096000,english,"Elden Ring is not an ordinary game!!!!

I have been playing this game for almost 2 months and I must say that:

It was the best game of my life

The beautiful world of the game is literally dying

The voice acting of the game is wonderful

The story of the game is unique

The NPC characters of the game are absolutely perfect

The game world is very big and you can see new things at every point of the map

The boss fights of the game make the game beautiful with their sound and perfect design, and each of them has a beautiful and scary story, and this is really the best point.

The game's NPCs and the sub-stages of the game are really interesting, it will keep you busy for a while and you will see several sub-stages that can have a great impact on the end of the game.

The game has no bugs at all, you don't see any problems in the game and that's great

The graphics of the game are terrible. I have never seen any graphics like this in my entire life

The game is completely soul-like and difficult, and this is what makes the game so special

Thank you Miyazaki, Elden Ring has become the best game of my life",2024-09-16 12:45:44,True,136,10,True,False,False,182,19,17552,0,14077,2024-09-28 19:44:08
175094676,english,I liek,2024-09-16 12:22:34,True,0,0,True,False,False,0,2,13216,0,13095,2024-09-19 17:54:46
175094266,english,I love it but also I hate it,2024-09-16 12:15:06,True,0,0,True,False,False,90,2,22973,190,18883,2024-10-16 05:19:02
175093496,english,"Good game runs good on steam deck to.
",2024-09-16 12:00:02,True,0,0,True,False,False,0,20,270,0,243,2024-09-24 17:11:28
175091806,english,"Where do I even start... First things first - this game is an absolute masterpiece and easily one of the best games I’ve ever played. FromSoftware really outdid themselves, taking everything that made their previous games so special and bringing it into a massive open world, spicing it up with mechanics like horse combat along the way.

The sheer amount of lore, details, hints and connections scattered throughout the world is mind-blowing. Piecing together fragments of history, character lore and references to the previous Miyazaki's creations is a game in itself. This is a long-standing feature - you may like it or not but it adds to the sense of exploring the world, and I think it's a good thing.

Speaking of the world, it’s beautiful. The landscapes are very varied and interesting to ride around, from the sprawling fields to the poison swamps (of course), stunning castles. One can complain that there's too many variants of the poison swamps in this game and it's absolutely true. But I consider it a minor nitpick.

The gameplay and bosses are exactly what you’d expect from FromSoftware — great, recognizable and slightly upgraded again. Combat feels really good and impactful. I gotta say that I've had the most fun fighting the humanoid bosses in particular. As always, it's just way more comfortable to watch their moves and learn them. They feel more tactical and responsive, which turns some duels into straight up dances once you get the flow and learn how to counter. The variety of weapons, magic, and items brings a lot of variety to the build possibilities, giving you the freedom to often try something new. Unfortunately, armor upgrade system didn't make a return so armors have less of an impact compared to items, spells and weapons.

Of course, Elden Ring isn’t without flaws. Some bosses get reused a bit too often - Ulcerated Tree Spirit, Erdtree Avatar and Burial Watchdog are probably the worst offenders. It gets a bit tiresome fighting them again and again, especially when sometimes they aren't even changed, just stacked into a duo or released as regular enemies. And the questlines… man, they can be super convoluted. I appreciate the ""figure it out yourself"" approach from the previous Souls games, but with a world this big, it just collapses without a proper quest journal or a better guidance. It’s so easy to lose track of who said what and where they went, and it left me missing the more guided structure of the older Dark Souls games. In retrospect, those games feel tighter, and I appreciate them even more now. Elden Ring just rambles a lot because of the open world, it's both its blessing and somewhat of a curse.

Camera is a long-standing issue and I can't say it's improved in any way here. Why can't it zoom out during fights with large creature bosses? Why can't we still lock onto legs? Sometimes it's frustrating to the level of catching yourself at the thought that the camera ss working against you.

But despite these nitpicks, I had an absolute blast with Elden Ring. I spent over 200 hours exploring, fighting, reading and getting lost in the Lands Between, and I don’t regret a second of it. It’s truly one of the best games I’ve ever played, and even with its imperfections, it stands as a monumental achievement in gaming, to be remembered and compared to for generations to come.",2024-09-16 11:24:36,True,0,0,True,False,False,0,28,13221,0,13221,2024-09-16 09:56:36
175089271,english,elden ring,2024-09-16 10:28:56,True,1,0,True,False,False,0,2,3675,0,2585,2024-09-22 10:10:28
175087393,english,.,2024-09-16 09:46:44,True,0,0,True,False,False,100,12,5468,14,5454,2024-10-26 08:54:22
175087225,english,"this game is a roller coaster of emotions, and I am not even half way though. 10/10",2024-09-16 09:43:10,True,0,0,True,False,False,0,6,3402,0,3402,2024-09-02 19:53:15
175086193,english,lovely souls game,2024-09-16 09:18:45,True,0,0,True,False,False,0,9,4855,592,152,2024-10-23 18:51:56
175085380,english,"After beating Promised Consort Radahn with my two favourite weapons in hand, I fear no other battle will satisfy me in the way that conquering that fight did. Love the base game, love the DLC. Impeccable! Delicious!",2024-09-16 09:00:33,True,0,0,True,False,False,0,1,9559,0,9559,2024-09-16 08:57:00
175085364,english,"An incredible world and boss design in every sense of the word. Just dive in and play. FromSoftware classic, once again a Masterpiece.",2024-09-16 09:00:17,True,1,0,True,True,False,182,25,6980,0,6161,2024-09-18 07:36:40
175084854,english,.,2024-09-16 08:48:31,True,0,0,True,False,False,108,2,6316,133,2078,2024-10-24 02:41:30
175084094,english,made me want to kill myself. great game,2024-09-16 08:33:02,True,0,0,True,False,False,0,1,13361,0,11516,2024-10-10 18:02:58
175083748,english,better than concord,2024-09-16 08:24:42,True,0,0,True,False,False,0,3,14401,30,14292,2024-10-25 13:21:29
175083413,english,I like it :D,2024-09-16 08:16:51,True,0,0,True,False,False,0,10,8228,0,8228,2024-09-10 21:53:25
175081898,english,liked everything,2024-09-16 07:43:35,True,0,0,True,False,False,0,3,2138,0,500,2024-09-18 11:36:24
175081399,english,"very amazing game. a bit costy for me but i think it's worth it if you have enough time. my friend frpancakes made a comment saying it was horrible,hell this game is amazing. it's beautiful.",2024-09-16 07:32:18,True,0,0,True,False,False,0,1,17857,5959,2418,2024-10-25 22:37:29
175080716,english,300+ hours now... i'm getting better at this!,2024-09-16 07:17:23,True,0,0,True,False,False,0,2,20705,0,19247,2024-09-21 16:22:20
175080606,english,GOTY #1,2024-09-16 07:14:53,True,0,0,True,False,False,0,21,12235,0,12166,2024-10-05 05:05:46
175080118,english,ITS PEAK,2024-09-16 07:03:49,True,0,0,True,False,False,0,5,14606,0,14470,2024-10-09 08:02:46
175080017,english,awesome,2024-09-16 07:01:40,True,0,0,True,False,False,0,9,2993,0,2993,2024-09-13 00:25:30
175078333,english,Hands down great game worth every penny...,2024-09-16 06:20:55,True,0,0,True,False,False,10,1,8248,0,5571,2024-10-02 06:33:01
175077306,english,"[h1]The Fire Giant made me want to end it all.[/h1]

I will start off by saying that I got into Elden Ring a whole lot later than everyone else. So I knew to some extent what I was getting into lol. But not near the rage I was going to experience. 

What a fantastic game. I am a sucker for open worlds and exploration so naturally I loved it. From the boss fights to the expansive world it is just a great time. 

After I had beat the game and managed to somehow one way or another get all the trophies. I was told about the co-op mode where you could play the whole game start to finish with up to four of your friends. And needless to say, it was so damn fun. Wow. My brother, friend, and I went in not knowing what really to expect and it was constant fun. (A lot of crashes lmao) But overall a blast. 

Shadow of the Erdtree: 
To be honest, it was really cool. The atmosphere, landscape, and bosses were all just awesome. But maybe I was expecting more? Because it just didn't feel like all that much... at first. When I began to explore more and get deeper I was very pleased with the amount of things to do. And the challenge was a welcome after I had steam rolled through NG+ 1 & 2. But overall a fantastic DLC.",2024-09-16 05:56:21,True,1,0,True,False,False,0,6,6049,0,6049,2024-08-10 03:04:25
175077076,english,this is so good,2024-09-16 05:50:39,True,0,0,True,False,False,0,2,11766,1470,5833,2024-10-25 17:53:13
175076899,english,"Not enough feet, ain't even that good.",2024-09-16 05:46:11,True,0,0,True,False,False,116,6,20253,0,20253,2024-08-17 20:18:05
175076857,english,"peak
",2024-09-16 05:45:03,True,0,0,True,False,False,0,9,8749,0,8749,2024-07-28 01:23:10
175076725,english,GACORRRRRRRRRRRRRRRRRR,2024-09-16 05:41:39,True,0,0,True,False,False,1,1,51651,1751,40512,2024-10-26 10:56:34
175074927,english,10/10,2024-09-16 04:57:51,True,0,0,True,False,False,0,117,5798,1128,4670,2024-10-23 21:16:44
175074715,english,peakset 30 ong,2024-09-16 04:53:00,True,0,0,True,False,False,0,3,2302,0,2189,2024-09-26 00:02:01
175072506,english,"This is all coming from someone who's not a heavy Soulsborne player, who was convinced to hop into this game by a good friend. So, bearing that in mind, here's what I've gotta say about good ol' Elden Ring.

It's fantastic.

There are few games whose combat systems feel so good and so rewarding to someone like me. I've got some deeply-rooted anger issues, so you'd think this game would be a pretty major turn-off considering how persistent you have to be against all of the different bosses of this game. And yet, despite all of the attempts I've poured into all of these bosses, the rush of adrenaline I feel after finally laying one out after hours (and sometimes days) of attempts far surpasses the frustration of the attempts. That right there is what keeps me coming back. Sure, the aforementioned combat system may be a bit harsh to the newer Soulsborne players, but it's soooooooooooooo satisfying when you get it down. Especially when you dodge straight through an attack that would one-shot you otherwise (and probably has one-shot you multiple times already).

None of that combat praise even touches on the weapons/buildcrafting of this game. There are a good deal of different ways to play the game. Wanna enact your greatest wizardry fantasies and hurl a buncha blue space magic at everything? You can do that. Wanna find a way to knock off as big of a chunk of a boss's health bar as possible? You got it. Wanna put on your best M1 Abrams tank cosplay and take little to no damage from any boss in the game? Go right for it. Getting to explore each and every one of these different builds has been a treat, and there is a great deal more to experience. In regards to weaponry, FromSoftware did an impeccable job with making each and every weapon look and feel so unique. Each weapon has its own niche, can be built into in some way, and has the aesthetics to match. That's not even mentioning the joy and wonder one feels when coming across a fresh new armament that they have the chance to experiment with. That diversity is pretty hard to nail down consistently, but FromSoftware have hit the nail on the head.

That all being said, the game got off to a bit of a confusing start for me. The central objective of this whole game was a bit ambiguous from the get-go, as was the central story. However, after having now beaten the game three different times, it feels as if that ambiguity was purposeful. That lack of a hard-set objective promotes exploration at the player's own pace. And with a world that is as expansive and detailed as the Lands Between, it's really easy to get lost in that exploration, both physically and metaphorically. As you explore, you not only uncover more of the secrets of this game's environment, but you also have the chance to learn more about the story of the Tarnished, and how they fit into the overall story of Elden Ring. And trust me when I say that there are a LOT of minute story and environment details that can very easily be missed. Even as I'm about to play the game a fourth time over, I know that there are still elements of the game that I have yet to experience. That trait gives much and more to the replay-ability of this game. This game's world is so vast and so filled with lore that hitting every possible point in one single run of the game seems a daunting task, to say the least. I can't imagine that it's impossible, but I also can't imagine it being a simple trot through the Lands Between. However, I'm not going to let that stop me from at least making an attempt.

TL;DR: I adore this game and the diversity it carries throughout its environment, weapons/combat, and story. The way they set up the capacity for each of these elements to be explored was perfect for the type of game these people have created. This game is a work of art and a fantastic gateway into the world of the Soulsborne games. I cannot recommend it enough.",2024-09-16 04:01:28,True,1,0,True,False,False,0,3,18527,0,17113,2024-10-08 05:43:46
175071857,english,yuh,2024-09-16 03:46:41,True,0,0,True,False,False,29,7,12260,0,12131,2024-09-20 07:03:16
175071008,english,.,2024-09-16 03:28:21,False,0,0,True,False,False,0,1,2412,0,2377,2024-09-16 06:13:53
175070775,english,10/10 Fromsoft game,2024-09-16 03:22:48,True,0,0,True,False,False,0,9,38998,13,38841,2024-10-14 02:25:05
175069872,english,"The game is very depressing. Combat mechanics are over the top and often fun, but the overall mood of the game leaves me feeling much worse after playing than before. Not for me. If dark and hopeless worlds bother you, don't get this game.",2024-09-16 03:03:05,False,0,0,True,False,False,0,11,6634,0,6634,2022-04-16 18:19:48
175069546,english,Great Game!,2024-09-16 02:55:34,True,0,0,True,False,False,0,2,4203,0,4169,2024-09-16 03:48:04
175068698,english,"Fantastic game. Challenging, good exploration/open world, subtle storytelling elements.",2024-09-16 02:36:46,True,0,0,True,False,False,0,5,16465,1027,12287,2024-10-24 04:54:11
175068161,english,"game make me cry sometimes, but still fun :)",2024-09-16 02:25:28,True,0,0,True,False,False,0,2,16764,379,13802,2024-10-24 02:13:59
175068074,english,"A big Masterpiece from FromSoftware


10/10 would jump from cliffs and hitting walls for no reason again",2024-09-16 02:23:47,True,0,0,True,False,False,178,11,10973,0,10490,2024-09-27 11:44:46
175067986,english, sauce,2024-09-16 02:21:53,True,0,0,True,False,False,0,1,17390,533,14771,2024-10-24 21:28:04
175067584,english,"Beautiful game, amazing exploration and rewards. Early game is rough until you find some gear, but finding the gear is fun. Definitely need a lot of guides to make a really good build. I keep coming back to it and the expansion to play with new builds and weapons.",2024-09-16 02:13:58,True,0,0,True,False,False,0,27,9124,0,9085,2024-10-04 17:37:37
175067487,english,good game,2024-09-16 02:12:03,True,0,0,True,False,False,68,2,15353,1610,8612,2024-10-25 03:45:44
175067426,english,rips,2024-09-16 02:10:51,True,0,0,True,False,False,155,4,9784,260,8375,2024-10-23 20:56:06
175066880,english,i Beat pre-nerf radahn twice,2024-09-16 01:58:31,True,0,0,True,False,False,0,8,27873,112,24966,2024-10-23 05:02:33
175066546,english,One of the greatest games of all time. Nothing more to be said really.,2024-09-16 01:51:14,True,0,0,True,False,False,0,1,6858,0,6394,2024-09-26 05:01:06
175066287,english,this is my favourite game of all time,2024-09-16 01:45:33,True,0,0,True,False,False,0,3,35653,1,35639,2024-10-18 23:53:06
175064900,english,"Bring bloodborne to PC
",2024-09-16 01:13:37,True,0,0,True,False,False,0,5,7331,45,7302,2024-10-16 07:33:03
175064837,english,Best game of all time no question.,2024-09-16 01:12:20,True,0,0,True,False,False,0,2,4173,0,4149,2024-09-30 01:32:58
175064667,english,"Gosh dang I love this game, that is all.",2024-09-16 01:08:21,True,0,0,True,False,False,0,4,18383,0,18106,2024-09-30 00:09:26
175063803,english,fine game,2024-09-16 00:48:55,True,0,0,True,False,False,0,17,10636,0,10630,2024-09-16 01:03:38
175063766,english,"I've never played a ""souls"" game before but this was a great introduction. Excellent, deep story. Every inch of the map and environment made sense in the lore, almost nothing felt ""tossed in"" for cheap content. Extremely hard but fair gameplay. Boatloads of main and optional tasks, and your character can be completely customized to your play style.

My biggest gripe about this game is its lack of intuitive questing. Quests have no markers or trackable objectives, entire sections of the game can be unknowingly missed or barred off by certain actions without the player knowing. There are 3rd party fan made game maps and guides; however for casual or even experienced players, playing this without a guide is extremely difficult. It doesn't need to be Elder Scrolls level hand holding for the quests but please, at least some journal giving me some way to track what people tell me would be great. I'm saying this as someone who 100% did almost every quest save two major quests I missed because I accidentally talked to someone too soon, again how would I have even known that.

That tangent aside, the game is fantastic. I live, I die, I live again. I probably die 50+ more times. Then maybe I beat the boss and receive the monkey brain neurological reward stimulus. Very frustrating. Very enjoyable. Would recommend.",2024-09-16 00:48:10,True,0,0,True,False,False,0,17,7178,0,7178,2024-09-10 01:21:20
175063454,english,"best 
",2024-09-16 00:40:35,True,0,0,True,False,False,0,3,3572,1401,183,2024-10-20 10:54:12
175063072,english,"WOw it's so good. Souls, open world, 100+ hour playthroughs. Good way to spend 100 hours of your life.",2024-09-16 00:31:14,True,1,0,True,False,False,0,23,13934,0,13767,2024-09-22 16:43:07
175062814,english,"exploration is so fun in the first areas, great in midgame, but gets sparse lategame and (in one snowy case) very annoying.

boss design is focused way more on memorising movesets, as bosses now disobey the laws of physics and can't be predicted just by eye.

still a really fun experience, but nonetheless can't wait for them to make a different game",2024-09-16 00:25:09,True,1,0,True,False,False,131,31,18371,175,17287,2024-10-17 19:32:29
175062016,english,good game. Graphics nice.,2024-09-16 00:06:33,True,0,0,True,False,False,65,11,37876,4105,23523,2024-10-25 22:24:15
175061790,english,"Neuron Fires - Enemy Attack 
- Start Rollie Pollie Ollie movement
Neuron Fires - Enemy Stopped Attacking
- Start Excessive Bleed Weapon Swinging
10/10 Gameplay, 10/10 Story, 10/10 Hugs",2024-09-16 00:00:57,True,0,0,True,False,False,0,13,3176,0,3176,2024-06-29 02:58:48
175061707,english,The best boss is a sunflower,2024-09-15 23:58:25,True,0,0,True,False,False,0,8,5409,769,1434,2024-10-20 18:14:46
175061611,english,Miyazaki's best dating simulator yet,2024-09-15 23:56:30,True,0,0,True,False,False,0,7,7520,0,7520,2024-09-11 23:08:43
175061573,english,Masterpiece!,2024-09-15 23:55:23,True,0,0,True,False,False,0,2,6573,105,5333,2024-10-21 01:26:29
175061416,english,I wanna hurt myself after playing (its a chronical skill issue),2024-09-15 23:52:01,False,0,0,True,False,False,0,4,1728,0,524,2024-10-07 23:15:12
175061300,english,LIT,2024-09-15 23:49:12,True,0,0,True,False,False,0,11,12550,3823,764,2024-10-26 01:29:53
175061299,english,This is hands down the greatest game I have ever played. That's it. That's the review. If you haven't played it yet do it.,2024-09-15 23:49:07,True,0,0,True,False,False,60,24,13941,0,13941,2024-09-15 23:45:51
175061281,english,Good game,2024-09-15 23:48:44,True,0,0,True,False,False,36,1,16012,7,15931,2024-10-20 06:45:34
175061238,english,"The Greatsword is not a great greatsword because it is no greatsword at all but a colossal sword. On Fire affinity, it becomes a Fire Greatsword, but the Fire Knight’s Greatsword is not Fire infused. The Knight’s Greatsword, on the other hand, is a great greatsword thanks to its unique moveset. When put on Fire affinity, the Knight’s Greatsword becomes the Knight’s Fire Greatsword which is not to be confused with the Fire Knight’s Greatsword which is, once again, not a great greatsword nor fire infused.



On Fire affinity, Fire Knight’s Greatsword becomes the Fire Knight’s Fire Greatsword, which is a confusing naming convention indeed especially if you consider the Fire Knight’s Fire Shortsword which is the Fire Knight’s Shortsword on Fire affinity. Likewise, Fire Knight’s short sword is no short sword at all as Short Sword is a short sword of the straight sword weapon class.



The Twinblade is a twinblade with twinned blades, but Rellana’s Twin Blades is not a twinblade and does not have twinned blades even though Twinned Knight Swords is indeed yet another twinned twinblade.



The Crystal Staff is a Glintstone Staff. The Rotten Staff is not a Glintstone staff. But the Rotten Crystal Staff is a Glintstone Staff.



The Spear is a spear. On sacred affinity, it is the Sacred Spear. But the Bloodfiend’s Sacred Spear is not a sacred spear since it is not a spear on sacred infusion. While it is not a great spear, it is a greatspear. 



Putting Fire affinity on the spear turns it into the Fire Spear. Putting Sacred affinity on the spear turns it into the Sacred Spear. But putting Flame affinity on the spear does not turn it into the Flame Spear, which is a weapon art. Instead, it turns the Spear into the Flame Art Spear which is no weapon art.



You might think that the spear is a spear is superfluous, but the Guardian’s Swordspear is no sword and no spear but the only swordspear of the halberd class. 



A Lance is a great greatspear, but the Sword Lance is not a great greatsword nor a great greatspear as it is neither a greatsword nor a greatspear.



The Pickaxe is not an axe, let alone a great axe or greataxe. It is a greathammer.



The Club is a hammer. The Large Club is a Great Hammer. But the Great Club is not a Great Hammer since it is a colossal weapon. Yet, the Curved Greatclub is a greathammer even though it isn’t a great greathammer.",2024-09-15 23:47:47,True,1,0,True,False,False,355,8,29614,0,28438,2024-10-05 14:27:27
175060588,english,Phenominal,2024-09-15 23:32:50,True,0,0,True,False,False,0,1,3922,275,1335,2024-10-17 03:51:07
175060480,english,It's ok I guess,2024-09-15 23:30:42,True,0,0,True,False,False,0,4,79450,3071,75140,2024-10-26 04:00:39
175060054,english,god,2024-09-15 23:19:46,True,0,0,True,False,False,0,3,1810,0,838,2024-09-29 22:46:15
175059951,english,Amazing game I love playing this,2024-09-15 23:17:32,True,0,0,True,False,False,0,2,4529,0,4210,2024-10-01 00:25:50
175059455,english,very challenging game but fun,2024-09-15 23:06:10,True,0,0,True,False,False,0,4,2665,1040,253,2024-10-18 23:29:05
175058995,english,It is the perfect mixure of hard and fun would recomend,2024-09-15 22:55:55,True,0,0,True,False,False,0,2,2578,578,469,2024-10-15 00:57:32
175058035,english,"One of the best games ever made, the enhancement of the Souls formula and the most accessible of all of them",2024-09-15 22:34:14,True,0,0,True,False,False,0,19,5600,1536,3440,2024-10-26 12:03:19
175057973,english,"I have neither the time, nor the patience, to bash my head against a boss for 30+ attempts. As such, I had avoided FromSoft games for years. 2 years of hearing how good Elden Ring is though finally got to me so I took the plunge. 

Honestly, it’s not that hard. Especially if you like thoroughly exploring the map. If you’re a semi-completionist, you’ll be even-leveled or over-leveled for most bosses. If you're not a thorough explorer, there are YouTube videos detailing how to level up quickly. It's not that time intensive. For the ones you’re still struggling with, there are the summons you can use. And don't let the fanboys make you feel bad for using them. Even Miyazaki uses them.

This game is phenomenal and has earned every accolade. If you’re holding out because you’re worried about the difficulty, don’t worry about it. It’s plenty manageable and you’ll be glad you played it.",2024-09-15 22:32:56,True,0,0,True,False,False,0,44,14530,0,14510,2024-09-26 15:53:40
175057966,english,fun,2024-09-15 22:32:40,True,0,0,True,False,False,0,5,8262,0,1955,2024-10-07 18:39:56
175057415,english,👍,2024-09-15 22:20:51,True,0,0,True,False,False,0,11,14871,90,11090,2024-10-23 12:01:42
175056824,english,nicw,2024-09-15 22:07:27,True,0,0,True,False,False,0,11,4361,0,3908,2024-10-04 16:44:24
175056812,english,"Elden Ring is average poorly optimized technically shitty japanese pc port game. It takes me five tries to open it with a normal launch, most of the time game randomly says ''framerate is not suitable for online play'' even tho im having 60 stable fps and yeah shit is still capped at 60fps, what? you asked for DLSS or other scaling options hell nah fromsoftware doesnt care about you game still runs worse when you lower the graphic settings, very poor customizable settings that i cant even change sprint button on my controller my index finger hurts when im playing the game and after 2.5 years nothing changed, they just added ray tracing without dlss so nobody using it. In the game design it has incest, feet and other weird/disgusting design things that only Miyazaki and J.R.R Martin like. Game has a couple of great areas to explore but when cames to explore buildings most of them are feels empty and small even tho they looked huge from the outside and game is so repetitive with the enemies and the world design its boring and not intriguing its just frustrating for another example there is total of 238 bosses and 169 of them are repetitive here is the list; curicible knights, fallingstar beasts, broke ahh casual dragons, seed beasts, watchdogs, erdtree avatars, magma wyrms, crytalins, bloodhounds, death birds, godskin bosses, night cavalries, fucking big ass gargoyles, same fucking four winged Lansseax looking ahh white dragons and the list goes on and on. Most of the bosses arent fun and they are just lame ahh sorcery/attack spamming dogshits with unlimited broken hitboxed sword combos. The best boss in the game was Malenia and she had a broken hitbox too, did i mentioned the fucking retarted dumbass camera angles/controls of the game this thing is making all the fights worse and worse. The final boss of the game is maybe the worst boss of the game and you know what they added Torrent to that fight after 2 years yeah 2 years and they keep changing things because i think nobody played and tested the game properly in the making part. Story is decent, it tries to explain itself but its not working game doesnt really tells you about what happens or what happened you just killing things and things happens you talk with npcs and they talk weird if you want to understand things you have to read item description and it is a bad old design with i dont like and game doest feel like you progressing in the game other than npcs randomly disappearing and a burning tree. You talked with Ranni way before mid game and she just comes back in the end we dont know what happened to her or where was she and this goes for the all npcs in the game and yeah they are all going to die because its the same souls design wish ranni and melina had a more summon in the base game or the dlc. The pvp and coop is so bad, pvp has a latency because of the anti cheat and coop is the same limited dogshit in the darksouls that explains why millions are playin the seamless coop mod instead of the vanilla game. I had a really good expectations about this game but its not meeting them it could have been a 10/10 game but no it has a tons of bad/frustrating things in it that i forgot and being lazy to add here and i think game doesnt really offers new exciting things feels more like a Dark Souls 2.2 or a Dark Souls 4 more than a new title. It is a weak 8/10 game.",2024-09-15 22:07:08,True,1,0,True,False,False,358,94,19048,334,18713,2024-10-22 22:04:52
175056786,english,big sword make life good,2024-09-15 22:06:35,True,0,0,True,False,False,64,5,23418,0,21624,2024-10-11 14:59:12
175056578,english,10/10,2024-09-15 22:02:07,True,0,0,True,False,False,0,3,7663,70,6723,2024-10-21 14:10:29
175056366,english,holy hell yes,2024-09-15 21:57:18,True,0,0,True,False,False,0,13,2837,39,1904,2024-10-13 02:35:52
175054322,english,"this game is not for everyone, but it is good. You have to actually learn to fight, even the weakest enemies can kill you. Overall, the game is gorgeous and challenging.",2024-09-15 21:16:24,True,0,0,True,False,False,0,5,15684,157,7456,2024-10-12 21:09:35
175054250,english,great game frustrating at times but satisfying when you beat it,2024-09-15 21:14:57,True,0,0,True,False,False,0,6,2970,87,1593,2024-10-19 21:57:16
175053233,english,"tuffest game ever, 100% that jit, alomost kms several times, worth it.",2024-09-15 20:55:59,True,1,0,True,False,False,49,8,13456,0,12160,2024-09-28 21:33:45
175052726,english,"Hard, but fun... Worth the money if your on edge about getting it",2024-09-15 20:46:28,True,0,0,True,False,False,0,2,596,0,453,2024-10-08 21:04:32
175052289,english,"I am a simp for marika you literally can't trust my review. Also free ma shardbearer mohg he did nothing wrong.

BUT SERIOUSLY WHAT AN ABSOLUTE MASTERPIECE!!!!",2024-09-15 20:39:16,True,0,0,True,False,False,0,4,55073,2112,51320,2024-10-22 00:44:32
175052259,english,awegwesfwq,2024-09-15 20:38:51,True,0,0,True,True,False,0,1,4933,328,2595,2024-10-25 07:30:05
175051984,english,Game is very elden rings but when you fail to ring your rings you cant elden there for your can or cannot elden ring (Good Game👍),2024-09-15 20:33:24,True,0,0,True,True,False,0,4,4433,59,2767,2024-10-15 23:20:22
175051413,english,Great game,2024-09-15 20:22:45,True,1,0,True,False,False,249,2,23225,0,22883,2024-09-22 17:05:23
175051369,english,pain,2024-09-15 20:22:03,True,0,0,True,False,False,0,3,10052,141,8471,2024-10-18 22:11:39
175051236,english,Only downside is Melina is kind of one of the worse leveling up ladies,2024-09-15 20:19:49,True,0,0,True,False,False,0,5,21471,0,20778,2024-09-21 22:38:03
175050723,english,An actual masterpiece of a game would recommend 10/10,2024-09-15 20:10:32,True,0,0,True,False,False,0,1,9126,0,8875,2024-09-22 16:28:30
175050137,english,the best open world i have played until now,2024-09-15 20:00:17,True,0,0,True,False,False,0,1,5144,0,3318,2024-09-30 21:55:49
175050123,english,if its too hard for you get gud,2024-09-15 20:00:05,True,0,0,True,False,False,0,7,3716,0,2474,2024-09-29 19:41:19
175050085,english,fire game,2024-09-15 19:59:29,True,0,0,True,False,False,0,1,8123,0,5538,2024-09-30 01:31:32
175049683,english,yes...play this game...buy it...,2024-09-15 19:53:19,True,0,0,True,False,False,12,2,10614,0,9608,2024-10-03 01:48:32
175049515,english,"Perfectly relaxing game, beautiful views. Easily recommended.",2024-09-15 19:50:23,True,0,0,True,False,False,0,1,46761,0,46761,2024-08-27 19:14:36
175049424,english,333.3 hours later.... This game has ruined me forever I don't think any other Souls game will ever match it 10/10,2024-09-15 19:48:58,True,0,0,True,False,False,562,36,19996,0,19996,2024-09-11 02:42:20
175049288,english,"It's open world Dark Souls - it's everything fromsoft fan boys have been dreaming about since DS3. The world is beautiful yet horrifying, bosses range from eldritch horrors to your new waifu, and if you start panic rolling then you know you're about to die.

Of the souls games, this is definitely the most approachable. It's certainly not easy, but if you find a boss that is consistently whooping your ass, you can just go somewhere else and fight something easier, or go search for new cool items/armor/weapons, or explore a completely new area just to see a different color palette. The catch to this is that it's very easy to overlook an area and when you come back to it you're now over-leveled. Maybe that's a good thing for you (makes a hard game easier), or maybe that's a bad thing for you (undermines the challenge).

My only real complaint about the game is the replay-ability does not feel the same as previous souls games. The first play through is such a special and wonderful experience of discovery and piecing together the dystopian lore of the Lands Between. But when it comes to NG+ or starting a fresh play through, it can feel like a slog; it's very easy to run around the huge map to find your favorite weapon/talismans and get a solid build set up within 1-2 hours of gameplay, but like... that running around and just collecting stuff is not what makes these games so fun and special. (I complain about this, but I have beat the game fully once, and have at least 4 other characters started with different builds and am still having a ton of fun)

The DLC (Shadow of the Erdtree) kicks ass. It's just more Elden Ring and it's absolutely HUGE for a DLC in terms of new bosses, areas to to explore, and new weapons/items/etc. My only complaint is the upgrade system with Scadutree Fragments (they give you a flat percentage increase to your damage and damage resistance. IMO, the Scadutree Fragments in conjunction with traditional leveling up system requires too much mental math to gauge if you're appropriately leveled up/prepared for a given area/boss in the DLC. If you're brand new the souls genre, I would say you don't need to buy the DLC until you've played enough of the base game to feel like you're hooked on the experience.",2024-09-15 19:46:55,True,0,0,True,False,False,0,3,23154,0,23154,2024-09-12 03:36:57
175049020,english,"DLC is good, Game is good.",2024-09-15 19:43:04,True,0,0,True,False,False,122,16,11009,0,9057,2024-10-06 03:10:07
175048478,english,Greatest of all time,2024-09-15 19:35:01,True,0,0,True,False,False,0,2,6868,0,6868,2024-09-13 22:21:52
175048043,english,"OOOOOHH, ELDEN RING!",2024-09-15 19:28:15,True,0,0,True,False,False,34,2,4180,376,442,2024-10-22 19:54:03
175046519,english,Only goth bad boys play this game TWU,2024-09-15 19:04:48,True,0,0,True,False,False,373,7,4240,0,1776,2024-09-28 22:26:07
175045706,english,good,2024-09-15 18:52:55,True,0,0,True,False,False,0,6,1049,367,211,2024-10-26 02:12:45
175045029,english,Addicting,2024-09-15 18:42:45,True,0,0,True,False,False,0,2,17022,0,17019,2024-09-15 19:30:44
175044858,english,"Probably my favorite fromsoft game I've ever played, don't recommend 100% it but u should still explore, there's a fair bit of repeated enemies but that's cuz this is their first open world game. Other than that tho the story is beautiful as usual and Vaati is once again recommended for understanding the lore more lol. Also the replay-ability is amazing.",2024-09-15 18:40:25,True,0,0,True,False,False,0,4,13451,0,13019,2024-09-22 16:56:35
175044180,english,"Fromsoft's worst game.
All the bosses are pushovers or gimmicky bullshit. I constantly find myself dodging one attack just to land directly in another attack that the boss was doing simultaneously.",2024-09-15 18:29:47,False,3,0,True,False,False,125,3,8597,0,7057,2024-09-18 05:34:27
175043443,english,Dark Souls 4,2024-09-15 18:18:54,True,1,0,True,False,False,499,16,29730,389,27639,2024-10-23 12:11:52
175042986,english,Game is game. I like :),2024-09-15 18:12:23,True,0,0,True,False,False,0,2,7283,0,7032,2024-09-19 02:17:37
175041623,english,feet 🤤,2024-09-15 17:52:51,True,0,0,True,False,False,123,23,9905,125,8767,2024-10-25 19:57:07
175040613,english,g,2024-09-15 17:39:00,True,0,0,True,False,False,13,1,11308,0,11308,2024-09-15 17:20:02
175040103,english,"After I got [url=https://steamcommunity.com/profiles/76561198122670762/recommended/570940/]coerced[/url] into playing Darksouls 1 some years ago, I've finally taken the plunge and gave Elden Ring a try as well. I've been trying to avoid Elden Ring content for the last 2 years, so I managed to do my playthrough mostly blind.

[h3]The good[/h3]
[list]
[*]It's basically everything good about Darksouls, but more. 
[*]The combat system (waiting for openings, attacking, dodging, parrying, countering) feels good after getting used to and practicing it a bit.
[*]Big improvement of quality of life. The amount of Sites of Grace as save points is generous, travel through areas via horse is swift, switching between locations is easy via fast travel. Upgrade material can be bought after finding the correct items. The location of NPCs you found is marked on the map
[*]It's a big world with many enemies and many bosses. Besides the main areas, there are many small dungeons to find.
[*]More factions, more item descriptions, more lore.
[/list]

[h3]The bad[/h3]
[list]
[*]The game feels a bit treadmill-y. Upgrading your weapon is important to keep up with the general powercurve of enemies, but if you unexpectedly leave the area containing the specific level of upgrade materials your weapon requires, you're in for a tough time.
[*]I've only played Dark Souls 1, which taught me to expect traps and ambushes at every corner. While there are certainly many such things in Elden Ring, I'd say the size of the game works against it in this regard. There are secrets and shortcuts (especially in dungeons), but many areas feel 'stretched out', almost empty in comparison.
[*]I've managed to find my way through the game blind and many of its systems and secrets are explained somewhere, but in total, I feel like I missed a great many things. While this proboably encourages multiple playthroughs to engage with events/NPCs differently, I mostly found myself exhausted towards the end of my playthrough, as I couldn't be sure if I ever understood like half of the events that I experienced.
[/list]

Overall, I definitely recommend this game on the basis of its visual presentation and combat mechanics alone. Now excuse me as I'm going to put it aside and spend the next few weeks wiki-diving and watching VaatiVidya videos in attempt to understand it all.

[i]Edit 2024.09: Improved formatting[/i]",2024-09-15 17:32:08,True,0,0,True,False,False,171,22,6607,0,6607,2024-09-14 18:44:48
175039664,english,simply the best,2024-09-15 17:25:48,True,0,0,True,False,False,0,1,28478,0,24344,2024-10-10 06:28:57
175039335,english,its mechanic are bad and its just a farming simulator YOU NEED TO CHANGE THE GAME ITSM UNPLAYEBLE ITS MY NEW 9 TO 5 I GOT TWO JOBS NOW A REAL JOB AND GRINDING LEVELS IN THIS SHITTY GAME I CANT FING ANYONE BECAUSE I GET STAGGERED FOR AGES AND THEN KILLED FOR EVFERY EVRY EVRY FUCKING ENEMY FIIIIIIIXXXXX YOUR GGGAAAMMMMEEE ,2024-09-15 17:21:02,False,0,0,True,False,False,0,1,10374,275,10197,2024-10-24 15:58:05
175037772,english,amazing,2024-09-15 17:00:19,True,0,0,True,False,False,0,1,31782,367,29088,2024-10-14 22:25:43
175036785,english,"If you don't mind spending money for new controller or mouse, buy it",2024-09-15 16:47:15,True,0,0,True,False,False,507,40,4155,0,1489,2024-09-21 07:56:32
175034850,english,"I thought the game was really good. I would definitely recommend it.

The combat was pretty nice. It's faster paced compared to the Dark Souls game, but it feels smooth. I played as a heavy strength build with heavy armour and a hammer so I can't say too much about the magic combat. There's a lot of options for builds which so that's pretty nice. One thing I didn't like was that there were a few bosses where it felt like the camera was the main enemy. Those bosses weren't really fun to fight and I think that would have been better if I was using a ranged build. Another thing was that the horse combat kind of sucked. They give you a horse to help with exploration and there are a few fights where they want you to go on horse back for sections of it. This might have been a build thing as well, but swinging your weapon on the horse felt really clunky and hard to aim. Also, sometimes while trying to dismantle the horse, the input wouldn't go through so my dude would kind of just stand there and get hit.

The open world was interesting. The areas looked amazing and felt very distinct, especially in the DLC. The exploration felt very rewarding in most areas. Some of the later areas felt more linear with less rewards for exploration, but that wasn't too bad. One part that was really annoying though is that you can't open your map in combat for some reason even though you can open your inventory in combat, so if you're going somewhere and accidentally aggro something, you have to wait for the enemy to leave before you can check your map. Another thing is that there are some areas that are very easy to miss because they're optional and kind of hidden. The downside to that is that those areas have some of the best bosses so you could accidentally skip those.

The graphics, art design, and music are all phenomenal. The Bayle run-up was one of the coolest things I've seen in a game.

My biggest gripe with this game was the story/side quests. If you've played the Dark Souls games, Elden Ring follows a similar system of story and lore delivery. Most of the background for the story is in item descriptions and a lot of the dialogue is kind of vague. I think that works well in Dark Souls as the games are relatively short, but with an 80+ hour long game, I personally would have preferred if there was a bit more of a concrete delivery to drive the game. One thing though is that this might be a bit my fault for my play through. You have an NPC companion with you most of the game who tells you things about the game when you rest at Sites of Grace. About halfway in, I made a story decision that pissed my companion off so she told me she was gonna kill me and then she left, so I was confused as fuck for the rest of the game. Anyways, I feel like the side quests had a similar issue. With a lot of them, it's very confusing to tell what to do next. There's no in game quest tracker so most of the quests require guides. A good amount of the quests involve back tracking to areas you would never go to a second time, going to hidden areas, or doing things like repeating the same action multiple times for seemingly no reason. I honestly didn't even know I was on some quests. Sometimes people would just say random shit and apparently that was them asking you to do things. Sometimes NPCs would just be like ""I must leave now forever"" and I would think that was the end of the quest, but apparently it was like the halfway point in the quest. I think that works well in the dark souls games because you can replay them pretty quickly, but in a long game, it's just kind of annoying.

There were also a few mechanics that felt a bit under-baked. The game has a crafting system for making consumables. Throughout the game, you pick up a lot of flowers and random materials for crafting and you can turn those into bombs, arrows, healing items, and things like that. The downside is that most of the items are kind of mid so there isn't too much use in making them. To be fully honest, I kept forgetting crafting was an option. Upgrading weapons was also kind of weird. You need to get these smiting stones to upgrade weapons. You can either buy them or collect them in the world. The problem is that they don't tell you how many you need to fully upgrade a weapon so in the late game, if you pick up an item and want to get it to max level, you have to either lookup online what you need and buy it, or run back and forth between the blacksmith and the dude who sells the smiting stones. Also, you don't know what stats a weapon is going to have at full level so you can't compare new weapons to fully upgraded weapons without upgrading it. I also think the scadutree fragment and spirit ash system in the DLC could have benefited from an in game tracker so you know what you're missing.",2024-09-15 16:21:43,True,0,0,True,False,False,288,10,5039,0,5039,2024-09-15 15:38:10
175034801,english,Good game.,2024-09-15 16:21:04,True,0,0,True,False,False,788,36,22083,0,21956,2024-09-15 18:28:56
175034304,english,ranni,2024-09-15 16:14:28,True,0,0,True,False,False,0,4,15353,546,11832,2024-10-20 22:24:42
175034013,english,good game,2024-09-15 16:10:41,True,0,0,True,False,False,0,4,1956,0,1929,2024-09-26 15:23:07
175031690,english,.,2024-09-15 15:43:45,True,1,0,True,True,False,0,1,4255,0,1373,2024-10-04 20:57:21
